Date,Price,Change,PercentChange,dummy,
2023/5/4,24.1,0,0,0,
2023/4/27,24.1,-3.1,-11.39705882,0,
2023/4/20,27.2,1.1,4.214559387,1,
2023/4/13,26.1,-7.2,-21.62162162,0,
2023/4/6,33.3,10.8,48,1,
2023/3/30,22.5,1.6,7.655502392,1,
2023/3/23,20.9,1.7,8.854166667,1,
2023/3/16,19.2,-5.6,-22.58064516,0,
2023/3/9,24.8,1.4,5.982905983,1,
2023/3/2,23.4,1.8,8.333333333,1,
2023/2/23,21.6,-12.5,-36.6568915,0,
2023/2/16,34.1,-3.4,-9.066666667,0,
2023/2/9,37.5,7.6,25.4180602,1,
2023/2/2,29.9,1.5,5.281690141,1,
2023/1/26,28.4,-2.6,-8.387096774,0,
2023/1/19,31,7,29.16666667,1,
2023/1/12,24,3.5,17.07317073,1,
2023/1/5,20.5,-6,-22.64150943,0,
2022/12/29,26.5,6.2,30.54187192,1,
2022/12/22,20.3,-4,-16.46090535,0,
2022/12/15,24.3,-0.4,-1.619433198,0,
2022/12/8,24.7,0.2,0.816326531,1,
2022/12/1,24.5,-4.4,-15.22491349,0,
2022/11/24,28.9,-4.6,-13.73134328,0,
2022/11/17,33.5,8.4,33.46613546,1,
2022/11/10,25.1,-5.5,-17.97385621,0,
2022/11/3,30.6,4,15.03759398,1,
2022/10/27,26.6,4,17.69911504,1,
2022/10/20,22.6,2.2,10.78431373,1,
2022/10/13,20.4,-3.5,-14.64435146,0,
2022/10/6,23.9,3.9,19.5,1,
2022/9/29,20,2.3,12.99435028,1,
2022/9/22,17.7,-8.4,-32.18390805,0,
2022/9/15,26.1,8,44.19889503,1,
2022/9/8,18.1,-3.8,-17.35159817,0,
2022/9/1,21.9,-5.8,-20.93862816,0,
2022/8/25,27.7,-5.6,-16.81681682,0,
2022/8/18,33.3,1.1,3.416149068,1,
2022/8/11,32.2,1.6,5.22875817,1,
2022/8/4,30.6,2.9,10.46931408,1,
2022/7/28,27.7,-1.9,-6.418918919,0,
2022/7/21,29.6,2.7,10.03717472,1,
2022/7/14,26.9,7.5,38.65979381,1,
2022/7/7,19.4,-3.4,-14.9122807,0,
2022/6/30,22.8,4.6,25.27472527,1,
2022/6/23,18.2,-1.2,-6.18556701,0,
2022/6/16,19.4,-1.6,-7.619047619,0,
2022/6/9,21,-11,-34.375,0,
2022/6/2,32,12.2,61.61616162,1,
2022/5/26,19.8,-6.2,-23.84615385,0,
2022/5/19,26,1.68,6.907894737,1,
2022/5/12,24.32,-2.58,-9.591078067,0,
2022/5/5,26.9,10.5,64.02439024,1,
2022/4/28,16.4,-2.5,-13.22751323,0,
2022/4/21,18.9,3.1,19.62025316,1,
2022/4/14,15.8,-8.9,-36.03238866,0,
2022/4/7,24.7,-7.2,-22.57053292,0,
2022/3/31,31.9,-0.9,-2.743902439,0,
2022/3/24,32.8,10.3,45.77777778,1,
2022/3/17,22.5,-1.5,-6.25,0,
2022/3/10,24,-6.4,-21.05263158,0,
2022/3/3,30.4,7,29.91452991,1,
2022/2/24,23.4,4.2,21.875,1,
2022/2/17,19.2,-5.2,-21.31147541,0,
2022/2/10,24.4,-2.1,-7.924528302,0,
2022/2/3,26.5,3.4,14.71861472,1,
2022/1/27,23.1,2.1,10,1,
2022/1/20,21,-3.9,-15.6626506,0,
2022/1/13,24.9,-7.9,-24.08536585,0,
2022/1/6,32.8,-4.9,-12.99734748,0,
2021/12/30,37.7,8.1,27.36486486,1,
2021/12/23,29.6,4.4,17.46031746,1,
2021/12/16,25.2,-4.5,-15.15151515,0,
2021/12/9,29.7,3,11.23595506,1,
2021/12/2,26.7,-7.1,-21.00591716,0,
2021/11/25,33.8,-5,-12.88659794,0,
2021/11/18,38.8,-9.2,-19.16666667,0,
2021/11/11,48,6.5,15.6626506,1,
2021/11/4,41.5,1.7,4.271356784,1,
2021/10/28,39.8,-7.1,-15.13859275,0,
2021/10/21,46.9,9,23.74670185,1,
2021/10/14,37.9,12.4,48.62745098,1,
2021/10/7,25.5,-2.6,-9.252669039,0,
2021/9/30,28.1,-1.8,-6.02006689,0,
2021/9/23,29.9,7.5,33.48214286,1,
2021/9/16,22.4,-16.5,-42.41645244,0,
2021/9/9,38.9,-4.5,-10.36866359,0,
2021/9/2,43.4,3.8,9.595959596,1,
2021/8/26,39.6,6.4,19.27710843,1,
2021/8/19,33.2,-3.8,-10.27027027,0,
2021/8/12,37,0.9,2.493074792,1,
2021/8/5,36.1,-0.1,-0.276243094,0,
2021/7/29,36.2,5.6,18.30065359,1,
2021/7/22,30.6,-5.6,-15.46961326,0,
2021/7/15,36.2,-4,-9.950248756,0,
2021/7/8,40.2,-8.4,-17.28395062,0,
2021/7/1,48.6,8.2,20.2970297,1,
2021/6/24,40.4,-0.7,-1.703163017,0,
2021/6/17,41.1,0.9,2.23880597,1,
2021/6/10,40.2,-3.9,-8.843537415,0,
2021/6/3,44.1,7.7,21.15384615,1,
2021/5/27,36.4,-0.6,-1.621621622,0,
2021/5/20,37,0.5,1.369863014,1,
2021/5/13,36.5,-7.8,-17.60722348,0,
2021/5/6,44.3,1.7,3.990610329,1,
2021/4/29,42.6,-10.1,-19.16508539,0,
2021/4/22,52.7,-1.1,-2.044609665,0,
2021/4/15,53.8,-3.1,-5.448154657,0,
2021/4/8,56.9,11.1,24.23580786,1,
2021/4/1,45.8,-5.1,-10.01964637,0,
2021/3/25,50.9,2,4.08997955,1,
2021/3/18,48.9,-0.5,-1.012145749,0,
2021/3/11,49.4,9.1,22.58064516,1,
2021/3/4,40.3,-5.6,-12.20043573,0,
2021/2/25,45.9,-1.2,-2.547770701,0,
2021/2/18,47.1,1.6,3.516483516,1,
2021/2/11,45.5,8.1,21.65775401,1,
2021/2/4,37.4,-0.3,-0.795755968,0,
2021/1/28,37.7,-4.8,-11.29411765,0,
2021/1/21,42.5,-2.7,-5.973451327,0,
2021/1/7,45.2,-0.9,-1.952277657,0,
2020/12/31,46.1,2.5,5.733944954,1,
2020/12/24,43.6,0.2,0.460829493,1,
2020/12/17,43.4,-4.7,-9.771309771,0,
2020/12/10,48.1,-0.97,-1.976767883,0,
2020/12/3,49.07,1.82,3.851851852,1,
2020/11/26,47.25,2.9,6.538895152,1,
2020/11/19,44.35,-11.49,-20.57664756,0,
2020/11/12,55.84,17.88,47.10221286,1,
2020/11/5,37.96,2.67,7.565882686,1,
2020/10/29,35.29,-0.46,-1.286713287,0,
2020/10/22,35.75,0.97,2.788959172,1,
2020/10/15,34.78,0.04,0.115141048,1,
2020/10/8,34.74,8.5,32.39329268,1,
2020/10/1,26.24,1.35,5.423865006,1,
2020/9/24,24.89,-7.13,-22.26733292,0,
2020/9/17,32.02,8.31,35.04850274,1,
2020/9/10,23.71,-7.09,-23.01948052,0,
2020/9/3,30.8,-1.28,-3.990024938,0,
2020/8/27,32.08,1.69,5.561039816,1,
2020/8/20,30.39,0.35,1.165113182,1,
2020/8/13,30.04,6.75,28.98239588,1,
2020/8/6,23.29,3.06,15.12605042,1,
2020/7/30,20.23,-5.83,-22.3714505,0,
2020/7/23,26.06,-4.78,-15.49935149,0,
2020/7/16,30.84,3.68,13.54933726,1,
2020/7/9,27.16,5.01,22.61851016,1,
2020/7/2,22.15,-1.99,-8.243579122,0,
2020/6/25,24.14,-0.23,-0.94378334,0,
2020/6/18,24.37,-9.91,-28.90898483,0,
2020/6/11,34.28,-0.27,-0.781476122,0,
2020/6/4,34.55,1.48,4.475355307,1,
2020/5/28,33.07,4.07,14.03448276,1,
2020/5/21,29,5.69,24.41012441,1,
2020/5/14,23.31,-0.36,-1.520912548,0,
2020/5/7,23.67,-6.93,-22.64705882,0,
2020/4/30,30.6,5.74,23.08930008,1,
2020/4/23,24.86,-10,-28.68617326,0,
2020/4/16,34.86,-1.74,-4.754098361,0,
2020/4/9,36.6,2.36,6.892523364,1,
2020/4/2,34.24,1.34,4.072948328,1,
2020/3/26,32.9,-1.45,-4.22125182,0,
2020/3/19,34.35,4.61,15.50100874,1,
2020/3/12,29.74,-9,-23.23180176,0,
2020/3/5,38.74,8.31,27.30857706,1,
2020/2/27,30.43,-10.13,-24.97534517,0,
2020/2/20,40.56,-0.77,-1.863053472,0,
2020/2/13,41.33,7.46,22.0253912,1,
2020/2/6,33.87,1.89,5.909943715,1,
2020/1/30,31.98,-13.62,-29.86842105,0,
2020/1/23,45.6,3.77,9.012670332,1,
2020/1/16,41.83,8.76,26.4892652,1,
2020/1/9,33.07,-4.15,-11.1499194,0,
2020/1/2,37.22,-4.67,-11.1482454,0,
2019/12/26,41.89,-2.2,-4.989793604,0,
2019/12/19,44.09,6.46,17.16715387,1,
2019/12/12,37.63,5.91,18.63177806,1,
2019/12/5,31.72,-1.92,-5.707491082,0,
2019/11/28,33.64,-0.6,-1.752336449,0,
2019/11/21,34.24,-6.48,-15.91355599,0,
2019/11/14,40.72,0.42,1.042183623,1,
2019/11/7,40.3,6.32,18.59917599,1,
2019/10/31,33.98,-1.62,-4.550561798,0,
2019/10/24,35.6,1.98,5.889351576,1,
2019/10/17,33.62,13.31,65.5342196,1,
2019/10/10,20.31,-1.06,-4.960224614,0,
2019/10/3,21.37,-8,-27.23867892,0,
2019/9/26,29.37,-5.97,-16.89303905,0,
2019/9/19,35.34,2.21,6.670691216,1,
2019/9/12,33.13,4.49,15.6773743,1,
2019/9/5,28.64,2.51,9.605817069,1,
2019/8/29,26.13,-0.51,-1.914414414,0,
2019/8/22,26.64,3.46,14.92666091,1,
2019/8/15,23.18,1.52,7.01754386,1,
2019/8/8,21.66,-16.78,-43.65244537,0,
2019/8/1,38.44,6.7,21.10901071,1,
2019/7/25,31.74,-4.19,-11.66156415,0,
2019/7/18,35.93,2.32,6.902707528,1,
2019/7/11,33.61,0.45,1.357056695,1,
2019/7/4,33.16,3.57,12.06488679,1,
2019/6/27,29.59,0.08,0.271094544,1,
2019/6/20,29.51,2.67,9.947839046,1,
2019/6/13,26.84,4.31,19.13004882,1,
2019/6/6,22.53,-2.26,-9.116579266,0,
2019/5/30,24.79,0.08,0.323755565,1,
2019/5/23,24.71,-5.11,-17.13615023,0,
2019/5/16,29.82,-13.3,-30.84415584,0,
2019/5/9,43.12,4.1,10.50743209,1,
2019/5/2,39.02,5.5,16.40811456,1,
2019/4/25,33.52,-4.04,-10.75612354,0,
2019/4/18,37.56,-2.73,-6.775874907,0,
2019/4/11,40.29,5.27,15.04854369,1,
2019/4/4,35.02,1.82,5.481927711,1,
2019/3/28,33.2,-4.1,-10.9919571,0,
2019/3/21,37.3,4.88,15.05243677,1,
2019/3/14,32.42,-4.97,-13.29232415,0,
2019/3/7,37.39,-4.24,-10.18496277,0,
2019/2/28,41.63,2.31,5.874872838,1,
2019/2/21,39.32,4.22,12.02279202,1,
2019/2/14,35.1,-4.77,-11.96388262,0,
2019/2/7,39.87,8.11,25.53526448,1,
2019/1/31,31.76,-5.9,-15.66648964,0,
2019/1/24,37.66,4.13,12.31732777,1,
2019/1/17,33.53,-4.93,-12.81851274,0,
2019/1/10,38.46,5.44,16.47486372,1,
2019/1/3,33.02,1.47,4.659270998,1,
2018/12/27,31.55,6.69,26.91069992,1,
2018/12/20,24.86,3.96,18.94736842,1,
2018/12/13,20.9,-17.04,-44.91302056,0,
2018/12/6,37.94,4.06,11.98347107,1,
2018/11/29,33.88,8.63,34.17821782,1,
2018/11/22,25.25,-9.84,-28.04217726,0,
2018/11/15,35.09,-6.19,-14.99515504,0,
2018/11/8,41.28,3.35,8.832059056,1,
2018/11/1,37.93,9.96,35.60958169,1,
2018/10/25,27.97,-5.97,-17.58986447,0,
2018/10/18,33.94,3.33,10.87879778,1,
2018/10/11,30.61,-15.05,-32.96101621,0,
2018/10/4,45.66,9.44,26.06294865,1,
2018/9/27,36.22,4.18,13.04619226,1,
2018/9/20,32.04,-0.05,-0.155811779,0,
2018/9/13,32.09,-10.13,-23.99336807,0,
2018/9/6,42.22,-1.28,-2.942528736,0,
2018/8/30,43.5,5.04,13.10452418,1,
2018/8/23,38.46,2.29,6.331213713,1,
2018/8/16,36.17,-0.19,-0.522552255,0,
2018/8/9,36.36,7.25,24.90553075,1,
2018/8/2,29.11,-2.41,-7.645939086,0,
2018/7/26,31.52,-3.14,-9.059434507,0,
2018/7/19,34.66,-8.39,-19.48896632,0,
2018/7/12,43.05,15.19,54.52261307,1,
2018/7/5,27.86,-0.59,-2.073813708,0,
2018/6/28,28.45,-10.27,-26.52376033,0,
2018/6/21,38.72,-6.06,-13.53282715,0,
2018/6/14,44.78,5.85,15.02697149,1,
2018/6/7,38.93,3.91,11.16504854,1,
2018/5/31,35.02,-3.54,-9.180497925,0,
2018/5/24,38.56,1.88,5.125408942,1,
2018/5/17,36.68,3.17,9.459862728,1,
2018/5/10,33.51,5.11,17.99295775,1,
2018/5/3,28.4,-8.51,-23.05608236,0,
2018/4/26,36.91,-0.87,-2.302805717,0,
2018/4/19,37.78,11.69,44.80643925,1,
2018/4/12,26.09,-5.81,-18.21316614,0,
2018/4/5,31.9,-0.04,-0.125234815,0,
2018/3/29,31.94,-1.29,-3.882034306,0,
2018/3/22,33.23,-3.61,-9.799131379,0,
2018/3/15,36.84,10.44,39.54545455,1,
2018/3/8,26.4,-15.23,-36.58419409,0,
2018/3/1,41.63,-3.02,-6.763717805,0,
2018/2/22,44.65,-3.87,-7.976092333,0,
2018/2/15,48.52,11.49,31.02889549,1,
2018/2/8,37.03,-7.74,-17.28836274,0,
2018/2/1,44.77,-0.68,-1.496149615,0,
2018/1/25,45.45,-8.66,-16.00443541,0,
2018/1/18,54.11,5.44,11.17731662,1,
2018/1/11,48.67,-11.08,-18.54393305,0,
2018/1/4,59.75,7.1,13.48528015,1,
2017/12/28,52.65,2.15,4.257425743,1,
2017/12/21,50.5,5.5,12.22222222,1,
2017/12/14,45,8.12,22.01735358,1,
2017/12/7,36.88,0.93,2.586926287,1,
2017/11/30,35.95,0.46,1.296139758,1,
2017/11/23,35.49,6.14,20.91993186,1,
2017/11/16,29.35,-15.75,-34.92239468,0,
2017/11/9,45.1,0.05,0.110987791,1,
2017/11/2,45.05,5.41,13.64783047,1,
2017/10/26,39.64,1.71,4.508304772,1,
2017/10/19,37.93,-1.84,-4.626602967,0,
2017/10/12,39.77,4.17,11.71348315,1,
2017/10/5,35.6,2.27,6.810681068,1,
2017/9/28,33.33,-6.81,-16.96562033,0,
2017/9/21,40.14,-1.15,-2.785178009,0,
2017/9/14,41.29,12.01,41.01775956,1,
2017/9/7,29.28,4.28,17.12,1,
2017/8/31,25,-3.1,-11.03202847,0,
2017/8/24,28.1,-6.07,-17.76412057,0,
2017/8/17,34.17,0.5,1.485001485,1,
2017/8/10,33.67,-2.44,-6.757130989,0,
2017/8/3,36.11,1.65,4.788160186,1,
2017/7/27,34.46,-1.02,-2.874859076,0,
2017/7/20,35.48,7.24,25.63739377,1,
2017/7/13,28.24,-1.34,-4.530087897,0,
2017/7/6,29.58,-0.13,-0.43756311,0,
2017/6/29,29.71,-2.94,-9.004594181,0,
2017/6/22,32.65,0.38,1.177564301,1,
2017/6/15,32.27,-3.16,-8.918995202,0,
2017/6/8,35.43,8.51,31.61218425,1,
2017/6/1,26.92,-5.94,-18.07668898,0,
2017/5/25,32.86,9.01,37.77777778,1,
2017/5/18,23.85,-8.88,-27.13107241,0,
2017/5/11,32.73,-5.34,-14.02679275,0,
2017/5/4,38.07,0.02,0.052562418,1,
2017/4/27,38.05,12.34,47.99688837,1,
2017/4/20,25.71,-3.26,-11.25302037,0,
2017/4/13,28.97,0.67,2.367491166,1,
2017/4/6,28.3,-1.92,-6.353408339,0,
2017/3/30,30.22,-5.06,-14.34240363,0,
2017/3/23,35.28,4.11,13.18575553,1,
2017/3/16,31.17,1.17,3.9,1,
2017/3/9,30,-7.91,-20.86520707,0,
2017/3/2,37.91,-0.55,-1.430057202,0,
2017/2/23,38.46,5.37,16.22846782,1,
2017/2/16,33.09,-2.71,-7.569832402,0,
2017/2/9,35.8,3,9.146341463,1,
2017/2/2,32.8,1.22,3.86320456,1,
2017/1/26,31.58,-5.43,-14.67171035,0,
2017/1/19,37.01,-6.63,-15.19248396,0,
2017/1/12,43.64,-2.56,-5.541125541,0,
2017/1/5,46.2,0.63,1.382488479,1,
2016/12/29,45.57,0.96,2.15198386,1,
2016/12/22,44.61,-0.05,-0.111957009,0,
2016/12/15,44.66,1.54,3.571428571,1,
2016/12/8,43.12,-0.66,-1.507537688,0,
2016/12/1,43.78,-6.11,-12.24694328,0,
2016/11/24,49.89,3.24,6.945337621,1,
2016/11/17,46.65,7.76,19.95371561,1,
2016/11/10,38.89,15.25,64.50930626,1,
2016/11/3,23.64,-1.11,-4.484848485,0,
2016/10/27,24.75,1.01,4.254422915,1,
2016/10/20,23.74,-1.73,-6.792304672,0,
2016/10/13,25.47,-3.32,-11.53178187,0,
2016/10/6,28.79,4.79,19.95833333,1,
2016/9/29,24,-0.83,-3.342730568,0,
2016/9/22,24.83,-3.11,-11.13099499,0,
2016/9/15,27.94,-1.81,-6.084033613,0,
2016/9/8,29.75,1.15,4.020979021,1,
2016/9/1,28.6,-0.82,-2.787219579,0,
2016/8/25,29.42,-6.14,-17.26659168,0,
2016/8/18,35.56,4.27,13.64653244,1,
2016/8/11,31.29,1.5,5.035246727,1,
2016/8/4,29.79,-1.46,-4.672,0,
2016/7/28,31.25,-4.18,-11.79791137,0,
2016/7/21,35.43,-1.44,-3.905614321,0,
2016/7/14,36.87,5.81,18.70573084,1,
2016/7/7,31.06,2.15,7.436873054,1,
2016/6/30,28.91,6.94,31.58852981,1,
2016/6/23,21.97,-3.38,-13.33333333,0,
2016/6/16,25.35,-2.48,-8.911246856,0,
2016/6/9,27.83,-2.34,-7.756049055,0,
2016/6/2,30.17,12.42,69.97183099,1,
2016/5/26,17.75,-1.59,-8.221302999,0,
2016/5/19,19.34,-1.07,-5.242528172,0,
2016/5/12,20.41,-1.92,-8.598298253,0,
2016/5/5,22.33,-5.04,-18.41432225,0,
2016/4/28,27.37,-6.04,-18.07841963,0,
2016/4/21,33.41,5.56,19.96409336,1,
2016/4/14,27.85,-4.34,-13.48244797,0,
2016/4/7,32.19,5.01,18.43267108,1,
2016/3/31,27.18,-6.6,-19.53818828,0,
2016/3/24,33.78,3.82,12.75033378,1,
2016/3/17,29.96,-7.4,-19.80728051,0,
2016/3/10,37.36,5.34,16.67707683,1,
2016/3/3,32.02,0.83,2.66110933,1,
2016/2/25,31.19,3.63,13.1712627,1,
2016/2/18,27.56,8.32,43.24324324,1,
2016/2/11,19.24,-8.31,-30.16333938,0,
2016/2/4,27.55,-2.2,-7.394957983,0,
2016/1/28,29.75,8.23,38.24349442,1,
2016/1/21,21.52,3.62,20.22346369,1,
2016/1/14,17.9,-4.27,-19.26026161,0,
2016/1/7,22.17,-2.9,-11.56761069,0,
2015/12/31,25.07,-1.31,-4.965883245,0,
2015/12/24,26.38,2.51,10.51529116,1,
2015/12/17,23.87,-4.64,-16.27499123,0,
2015/12/10,28.51,-0.98,-3.323160393,0,
2015/12/3,29.49,-2.87,-8.868974042,0,
2015/11/26,32.36,1.59,5.167370816,1,
2015/11/19,30.77,-3.5,-10.2130143,0,
2015/11/12,34.27,-4.73,-12.12820513,0,
2015/11/5,39,-1.39,-3.441445902,0,
2015/10/29,40.39,5.62,16.16335922,1,
2015/10/22,34.77,0.69,2.024647887,1,
2015/10/15,34.08,-3.44,-9.168443497,0,
2015/10/8,37.52,9.41,33.47563145,1,
2015/10/1,28.11,-4.01,-12.48443337,0,
2015/9/24,32.12,-1.14,-3.427540589,0,
2015/9/17,33.26,-1.39,-4.011544012,0,
2015/9/10,34.65,2.27,7.010500309,1,
2015/9/3,32.38,-0.12,-0.369230769,0,
2015/8/27,32.5,5.68,21.17822521,1,
2015/8/20,26.82,-3.63,-11.92118227,0,
2015/8/13,30.45,6.13,25.20559211,1,
2015/8/6,24.32,3.21,15.20606348,1,
2015/7/30,21.11,-11.43,-35.12599877,0,
2015/7/23,32.54,1.73,5.615060045,1,
2015/7/16,30.81,2.9,10.39054102,1,
2015/7/9,27.91,5.3,23.44095533,1,
2015/7/2,22.61,-12.95,-36.41732283,0,
2015/6/25,35.56,10.15,39.94490358,1,
2015/6/18,25.41,5.37,26.79640719,1,
2015/6/11,20.04,-7.3,-26.70080468,0,
2015/6/4,27.34,0.34,1.259259259,1,
2015/5/28,27,1.79,7.100357001,1,
2015/5/21,25.21,-1.53,-5.721765146,0,
2015/5/14,26.74,-0.32,-1.18255728,0,
2015/5/7,27.06,-3.78,-12.25680934,0,
2015/4/30,30.84,-0.63,-2.001906578,0,
2015/4/23,31.47,-0.6,-1.87090739,0,
2015/4/16,32.07,3.37,11.74216028,1,
2015/4/9,28.7,-6.7,-18.92655367,0,
2015/4/2,35.4,-3.03,-7.884465262,0,
2015/3/26,38.43,11.27,41.49484536,1,
2015/3/19,27.16,-4.44,-14.05063291,0,
2015/3/12,31.6,-8.2,-20.60301508,0,
2015/3/5,39.8,-5.57,-12.27683491,0,
2015/2/26,45.37,-1.65,-3.509145045,0,
2015/2/19,47.02,7.02,17.55,1,
2015/2/12,40,4.51,12.70780502,1,
2015/2/5,35.49,-8.68,-19.65134707,0,
2015/1/29,44.17,7.03,18.92837911,1,
2015/1/22,37.14,-8.97,-19.45348081,0,
2015/1/15,46.11,5.1,12.43599122,1,
2015/1/8,41.01,-10.73,-20.73830692,0,
2015/1/1,51.74,0.8,1.570475069,1,
2014/12/25,50.94,12.2,31.49199793,1,
2014/12/18,38.74,-6.28,-13.94935584,0,
2014/12/11,45.02,2.34,5.482661668,1,
2014/12/4,42.68,-9.47,-18.15915628,0,
2014/11/27,52.15,3.03,6.168566775,1,
2014/11/20,49.12,-8.81,-15.20800967,0,
2014/11/13,57.93,5.24,9.944961093,1,
2014/11/6,52.69,3.32,6.724731618,1,
2014/10/30,49.37,-0.32,-0.643992755,0,
2014/10/23,49.69,7.03,16.47913737,1,
2014/10/16,42.66,2.78,6.970912738,1,
2014/10/9,39.88,4.46,12.59175607,1,
2014/10/2,35.42,-6.42,-15.34416826,0,
2014/9/25,41.84,-0.4,-0.946969697,0,
2014/9/18,42.24,1.86,4.606240713,1,
2014/9/11,40.38,-4.29,-9.603760913,0,
2014/9/4,44.67,-7.25,-13.96379045,0,
2014/8/28,51.92,5.81,12.60030362,1,
2014/8/21,46.11,6.3,15.82516956,1,
2014/8/14,39.81,8.92,28.87665911,1,
2014/8/7,30.89,-0.23,-0.73907455,0,
2014/7/31,31.12,1.49,5.028687141,1,
2014/7/24,29.63,-2.73,-8.436341162,0,
2014/7/17,32.36,-5.28,-14.02763018,0,
2014/7/10,37.64,-0.87,-2.259153467,0,
2014/7/3,38.51,1.29,3.46587856,1,
2014/6/26,37.22,2.05,5.82883139,1,
2014/6/19,35.17,-9.52,-21.30230477,0,
2014/6/12,44.69,5.18,13.11060491,1,
2014/6/5,39.51,3.05,8.365331871,1,
2014/5/29,36.46,6.03,19.81597108,1,
2014/5/22,30.43,-2.69,-8.121980676,0,
2014/5/15,33.12,4.78,16.86661962,1,
2014/5/8,28.34,-1.43,-4.80349345,0,
2014/5/1,29.77,-4.73,-13.71014493,0,
2014/4/24,34.5,7.28,26.74504041,1,
2014/4/17,27.22,-1.26,-4.424157303,0,
2014/4/10,28.48,-6.88,-19.45701357,0,
2014/4/3,35.36,4.2,13.478819,1,
2014/3/27,31.16,-5.62,-15.2800435,0,
2014/3/20,36.78,-4.56,-11.03047896,0,
2014/3/13,41.34,0.83,2.048876821,1,
2014/3/6,40.51,0.82,2.06601159,1,
2014/2/27,39.69,-2.51,-5.947867299,0,
2014/2/20,42.2,2.05,5.105853051,1,
2014/2/13,40.15,12.25,43.90681004,1,
2014/2/6,27.9,-4.28,-13.30018645,0,
2014/1/30,32.18,-5.94,-15.58237146,0,
2014/1/23,38.12,-0.87,-2.23134137,0,
2014/1/16,38.99,-4.63,-10.61439707,0,
2014/1/9,43.62,0.53,1.229983755,1,
2014/1/2,43.09,-11.97,-21.73992009,0,
2013/12/26,55.06,7.6,16.01348504,1,
2013/12/19,47.46,6.19,14.99878847,1,
2013/12/12,41.27,-1.37,-3.212945591,0,
2013/12/5,42.64,-4.66,-9.852008457,0,
2013/11/28,47.3,12.91,37.53998255,1,
2013/11/21,34.39,-4.81,-12.27040816,0,
2013/11/14,39.2,-6.28,-13.80826737,0,
2013/11/7,45.48,0.51,1.134089393,1,
2013/10/31,44.97,-4.23,-8.597560976,0,
2013/10/24,49.2,2.92,6.309420916,1,
2013/10/17,46.28,4.95,11.97677232,1,
2013/10/10,41.33,3.49,9.223044397,1,
2013/10/3,37.84,1.79,4.965325936,1,
2013/9/26,36.05,-9.06,-20.08423853,0,
2013/9/19,45.11,-0.41,-0.900702988,0,
2013/9/12,45.52,9.99,28.11708415,1,
2013/9/5,35.53,1.99,5.933214073,1,
2013/8/29,33.54,4.58,15.81491713,1,
2013/8/22,28.96,-5.55,-16.08229499,0,
2013/8/15,34.51,-4.99,-12.63291139,0,
2013/8/8,39.5,3.88,10.89275688,1,
2013/8/1,35.62,-9.5,-21.05496454,0,
2013/7/25,45.12,-2.62,-5.488060327,0,
2013/7/18,47.74,-1.2,-2.451982019,0,
2013/7/11,48.94,6.95,16.5515599,1,
2013/7/4,41.99,11.71,38.67239102,1,
2013/6/27,30.28,-7.17,-19.14552737,0,
2013/6/20,37.45,4.48,13.5881104,1,
2013/6/13,32.97,3.5,11.87648456,1,
2013/6/6,29.47,-6.5,-18.0706144,0,
2013/5/30,35.97,-13,-26.54686543,0,
2013/5/23,48.97,10.48,27.22785139,1,
2013/5/16,38.49,-2.3,-5.638636921,0,
2013/5/9,40.79,9.8,31.62310423,1,
2013/5/2,30.99,2.7,9.544008484,1,
2013/4/25,28.29,1.44,5.363128492,1,
2013/4/18,26.85,7.54,39.04712584,1,
2013/4/11,19.31,-16.18,-45.59030713,0,
2013/4/4,35.49,-2.91,-7.578125,0,
2013/3/28,38.4,-0.54,-1.386748844,0,
2013/3/21,38.94,-6.48,-14.2668428,0,
2013/3/14,45.42,14.36,46.23309723,1,
2013/3/7,31.06,2.67,9.404719972,1,
2013/2/28,28.39,-13.4,-32.06508734,0,
2013/2/21,41.79,-0.46,-1.088757396,0,
2013/2/14,42.25,-0.52,-1.215805471,0,
2013/2/7,42.77,-5.27,-10.97002498,0,
2013/1/31,48.04,-4.3,-8.215513947,0,
2013/1/24,52.34,8.4,19.1169777,1,
2013/1/17,43.94,-2.51,-5.403659849,0,
2013/1/10,46.45,7.74,19.99483338,1,
2013/1/3,38.71,-5.69,-12.81531532,0,
2012/12/27,44.4,-2,-4.310344828,0,
2012/12/20,46.4,3.17,7.332870692,1,
2012/12/13,43.23,1.01,2.39223117,1,
2012/12/6,42.22,1.29,3.151722453,1,
2012/11/29,40.93,5.11,14.26577331,1,
2012/11/22,35.82,7,24.28868841,1,
2012/11/15,28.82,-9.68,-25.14285714,0,
2012/11/8,38.5,2.76,7.722439843,1,
2012/11/1,35.74,6.49,22.18803419,1,
2012/10/25,29.25,0.59,2.058618283,1,
2012/10/18,28.66,-1.92,-6.278613473,0,
2012/10/11,30.58,-3.28,-9.686946249,0,
2012/10/4,33.86,-2.24,-6.20498615,0,
2012/9/27,36.1,-1.4,-3.733333333,0,
2012/9/20,37.5,1.04,2.852441031,1,
2012/9/13,36.46,3.4,10.28433152,1,
2012/9/6,33.06,-1.66,-4.781105991,0,
2012/8/30,34.72,-7.24,-17.25452812,0,
2012/8/23,41.96,5.12,13.89793702,1,
2012/8/16,36.84,0.37,1.014532492,1,
2012/8/9,36.47,6.02,19.77011494,1,
2012/8/2,30.45,2.33,8.285917496,1,
2012/7/26,28.12,5.93,26.72374944,1,
2012/7/19,22.19,-8.04,-26.59609659,0,
2012/7/12,30.23,-2.41,-7.383578431,0,
2012/7/5,32.64,3.97,13.84722707,1,
2012/6/28,28.67,-4.22,-12.83064761,0,
2012/6/21,32.89,-1.15,-3.378378378,0,
2012/6/14,34.04,6.59,24.00728597,1,
2012/6/7,27.45,-0.57,-2.034261242,0,
2012/5/31,28.02,-2.45,-8.040695766,0,
2012/5/24,30.47,6.89,29.21967769,1,
2012/5/17,23.58,-1.82,-7.165354331,0,
2012/5/10,25.4,-10,-28.24858757,0,
2012/5/3,35.4,7.76,28.07525326,1,
2012/4/26,27.64,-3.54,-11.35343169,0,
2012/4/19,31.18,3.04,10.80312722,1,
2012/4/12,28.14,-10.03,-26.27718103,0,
2012/4/5,38.17,-4.3,-10.12479397,0,
2012/3/29,42.47,0.09,0.212364323,1,
2012/3/22,42.38,-3.23,-7.081780311,0,
2012/3/15,45.61,3.23,7.621519585,1,
2012/3/8,42.38,-2.13,-4.785441474,0,
2012/3/1,44.51,0.82,1.876859693,1,
2012/2/23,43.69,0.98,2.294544603,1,
2012/2/16,42.71,-8.93,-17.29279628,0,
2012/2/9,51.64,7.83,17.87263182,1,
2012/2/2,43.81,-4.59,-9.483471074,0,
2012/1/26,48.4,1.17,2.477239043,1,
2012/1/19,47.23,-1.91,-3.886853887,0,
2012/1/12,49.14,0.26,0.531914894,1,
2012/1/5,48.88,8.28,20.39408867,1,
2011/12/29,40.6,6.87,20.36762526,1,
2011/12/22,33.73,-6.45,-16.05276257,0,
2011/12/15,40.18,1.61,4.174228675,1,
2011/12/8,38.57,5.53,16.73728814,1,
2011/12/1,33.04,0.33,1.00886579,1,
2011/11/24,32.71,-9.22,-21.98902933,0,
2011/11/17,41.93,-2.8,-6.259780908,0,
2011/11/10,44.73,4.55,11.32404181,1,
2011/11/3,40.18,-2.82,-6.558139535,0,
2011/10/27,43,7.02,19.51083936,1,
2011/10/20,35.98,-3.79,-9.529796329,0,
2011/10/13,39.77,4.54,12.88674425,1,
2011/10/6,35.23,2.72,8.366656413,1,
2011/9/29,32.51,7.18,28.34583498,1,
2011/9/22,25.33,-5.17,-16.95081967,0,
2011/9/15,30.5,0.28,0.926538716,1,
2011/9/8,30.22,-8.4,-21.7503884,0,
2011/9/1,38.62,2.18,5.982436883,1,
2011/8/25,36.44,0.88,2.474690664,1,
2011/8/18,35.56,2.13,6.371522585,1,
2011/8/11,33.43,6.27,23.08541973,1,
2011/8/4,27.16,-10.68,-28.22410148,0,
2011/7/28,37.84,-2.02,-5.06773708,0,
2011/7/21,39.86,0.55,1.39913508,1,
2011/7/14,39.31,-2.46,-5.889394302,0,
2011/7/7,41.77,3.46,9.031584443,1,
2011/6/30,38.31,0.85,2.269087026,1,
2011/6/23,37.46,8.46,29.17241379,1,
2011/6/16,29,4.58,18.75511876,1,
2011/6/9,24.42,-5.76,-19.08548708,0,
2011/6/2,30.18,4.57,17.84459196,1,
2011/5/26,25.61,-1.08,-4.046459348,0,
2011/5/19,26.69,-4.08,-13.25966851,0,
2011/5/12,30.77,-4.69,-13.22617033,0,
2011/5/5,35.46,-2.44,-6.437994723,0,
2011/4/28,37.9,5.74,17.84825871,1,
2011/4/21,32.16,-10.09,-23.8816568,0,
2011/4/14,42.25,-1.34,-3.074099564,0,
2011/4/7,43.59,1.78,4.2573547,1,
2011/3/31,41.81,4.07,10.78431373,1,
2011/3/24,37.74,9.25,32.46753247,1,
2011/3/17,28.49,-7.48,-20.79510703,0,
2011/3/10,35.97,-0.82,-2.22886654,0,
2011/3/3,36.79,0.16,0.436800437,1,
2011/2/24,36.63,-9.95,-21.36109918,0,
2011/2/17,46.58,-2.82,-5.708502024,0,
2011/2/10,49.4,-2.14,-4.152114862,0,
2011/2/3,51.54,9.5,22.59752617,1,
2011/1/27,42.04,-8.71,-17.16256158,0,
2011/1/20,50.75,-1.59,-3.037829576,0,
2011/1/13,52.34,-3.54,-6.335003579,0,
2011/1/6,55.88,4.27,8.273590389,1,
2010/12/30,51.61,-11.67,-18.44184576,0,
2010/12/23,63.28,13.05,25.98048975,1,
2010/12/16,50.23,-2.82,-5.315739868,0,
2010/12/9,53.05,3.39,6.826419654,1,
2010/12/2,49.66,2.26,4.767932489,1,
2010/11/25,47.4,7.4,18.5,1,
2010/11/18,40,-17.56,-30.50729673,0,
2010/11/11,57.56,9.33,19.34480614,1,
2010/11/4,48.23,-3,-5.855943783,0,
2010/10/28,51.23,1.61,3.244659412,1,
2010/10/21,49.62,2.52,5.350318471,1,
2010/10/14,47.1,-1.93,-3.936365491,0,
2010/10/7,49.03,6.5,15.28332941,1,
2010/9/30,42.53,-2.44,-5.425839449,0,
2010/9/23,44.97,-5.92,-11.63293378,0,
2010/9/16,50.89,7.02,16.00182357,1,
2010/9/9,43.87,13.07,42.43506494,1,
2010/9/2,30.8,10.06,48.50530376,1,
2010/8/26,20.74,-9.37,-31.11922949,0,
2010/8/19,30.11,-9.65,-24.27062374,0,
2010/8/12,39.76,9.37,30.83251069,1,
2010/8/5,30.39,-9.61,-24.025,0,
2010/7/29,40,7.84,24.37810945,1,
2010/7/22,32.16,-7.21,-18.31343663,0,
2010/7/15,39.37,18.43,88.01337154,1,
2010/7/8,20.94,-3.74,-15.15397083,0,
2010/7/1,24.68,-9.78,-28.38073128,0,
2010/6/24,34.46,-7.99,-18.8221437,0,
2010/6/17,42.45,7.97,23.11484919,1,
2010/6/10,34.48,-2.61,-7.03693718,0,
2010/6/3,37.09,7.26,24.33791485,1,
2010/5/27,29.83,-11.47,-27.77239709,0,
2010/5/20,41.3,4.7,12.84153005,1,
2010/5/13,36.6,-2.53,-6.465627396,0,
2010/5/6,39.13,-2.23,-5.391682785,0,
2010/4/29,41.36,3.24,8.499475341,1,
2010/4/22,38.12,-10.36,-21.36963696,0,
2010/4/15,48.48,5.62,13.11245917,1,
2010/4/8,42.86,1.56,3.777239709,1,
2010/4/1,41.3,8.91,27.50849027,1,
2010/3/25,32.39,-2.98,-8.425219112,0,
2010/3/18,35.37,-9.92,-21.90328991,0,
2010/3/11,45.29,9.43,26.29670943,1,
2010/3/4,35.86,0.97,2.780166237,1,
2010/2/25,34.89,-0.96,-2.677824268,0,
2010/2/18,35.85,-0.9,-2.448979592,0,
2010/2/11,36.75,7.52,25.72699282,1,
2010/2/4,29.23,-5.77,-16.48571429,0,
2010/1/28,35,-5,-12.5,0,
2010/1/21,40,-7.44,-15.68296796,0,
2010/1/14,47.44,6.44,15.70731707,1,
2010/1/7,41,-8.18,-16.63277755,0,
2009/12/31,49.18,11.5,30.52016985,1,
2009/12/24,37.68,-4.43,-10.52006649,0,
2009/12/17,42.11,-0.57,-1.33552015,0,
2009/12/10,42.68,1.1,2.645502646,1,
2009/12/3,41.58,-0.08,-0.192030725,0,
2009/11/26,41.66,-1.07,-2.504095483,0,
2009/11/19,42.73,4.13,10.69948187,1,
2009/11/12,38.6,16.38,73.71737174,1,
2009/11/5,22.22,-11.43,-33.96731055,0,
2009/10/29,33.65,-6.83,-16.87252964,0,
2009/10/22,40.48,-6.82,-14.41860465,0,
2009/10/15,47.3,12.21,34.79623824,1,
2009/10/8,35.09,-8.46,-19.42594719,0,
2009/10/1,43.55,4.46,11.40956766,1,
2009/9/24,39.09,-3.05,-7.237778832,0,
2009/9/17,42.14,4.81,12.88507902,1,
2009/9/10,37.33,-0.64,-1.685541217,0,
2009/9/3,37.97,3.99,11.74220129,1,
2009/8/27,33.98,-0.09,-0.264162019,0,
2009/8/20,34.07,-16.93,-33.19607843,0,
2009/8/13,51,1,2,1,
2009/8/6,50,2.33,4.887770086,1,
2009/7/30,47.67,10.07,26.78191489,1,
2009/7/23,37.6,8.92,31.10181311,1,
2009/7/16,28.68,0.77,2.758867789,1,
2009/7/9,27.91,-9.93,-26.24207188,0,
2009/7/2,37.84,9.84,35.14285714,1,
2009/6/25,28,-5.33,-15.99159916,0,
2009/6/18,33.33,-5.92,-15.08280255,0,
2009/6/11,39.25,-8.31,-17.47266611,0,
2009/6/4,47.56,7.19,17.81025514,1,
2009/5/28,40.37,6.65,19.72123369,1,
2009/5/21,33.72,-10.09,-23.0312714,0,
2009/5/14,43.81,-0.28,-0.635064641,0,
2009/5/7,44.09,8,22.16680521,1,
2009/4/30,36.09,4.27,13.41923319,1,
2009/4/23,31.82,-12.32,-27.91119166,0,
2009/4/16,44.14,8.43,23.60683282,1,
2009/4/9,35.71,-6.95,-16.29160806,0,
2009/4/2,42.66,3.53,9.021211347,1,
2009/3/26,39.13,-5.93,-13.1602308,0,
2009/3/19,45.06,17.42,63.02460203,1,
2009/3/12,27.64,8.72,46.08879493,1,
2009/3/5,18.92,-5.38,-22.1399177,0,
2009/2/26,24.3,2.66,12.29205176,1,
2009/2/19,21.64,-11.27,-34.24491036,0,
2009/2/12,32.91,8.28,33.61753959,1,
2009/2/5,24.63,-0.64,-2.532647408,0,
2009/1/29,25.27,-1.94,-7.129731716,0,
2009/1/22,27.21,-0.42,-1.520086862,0,
2009/1/15,27.63,-21.07,-43.26488706,0,
2009/1/8,48.7,24.7,102.9166667,1,
2009/1/1,24,-4.95,-17.0984456,0,
2008/12/25,28.95,-10.78,-27.13314875,0,
2008/12/18,39.73,2.23,5.946666667,1,
2008/12/11,37.5,10.83,40.60742407,1,
2008/12/4,26.67,-4.58,-14.656,0,
2008/11/27,31.25,6.88,28.23143209,1,
2008/11/20,24.37,-13.96,-36.42055831,0,
2008/11/13,38.33,-6.5,-14.49921927,0,
2008/11/6,44.83,7.69,20.70543888,1,
2008/10/30,37.14,-1.6,-4.13009809,0,
2008/10/23,38.74,-2.2,-5.373717636,0,
2008/10/16,40.94,9.47,30.09215126,1,
2008/10/9,31.47,-1.86,-5.580558056,0,
2008/10/2,33.33,-0.71,-2.085781434,0,
2008/9/25,34.04,6.83,25.10106578,1,
2008/9/18,27.21,-2.06,-7.037922788,0,
2008/9/11,29.27,-7.77,-20.97732181,0,
2008/9/4,37.04,6.36,20.73011734,1,
2008/8/28,30.68,-7.42,-19.47506562,0,
2008/8/21,38.1,-4.76,-11.10592627,0,
2008/8/14,42.86,7.25,20.35944959,1,
2008/8/7,35.61,-4.39,-10.975,0,
2008/7/31,40,4.18,11.6694584,1,
2008/7/24,35.82,10.82,43.28,1,
2008/7/17,25,2.83,12.76499774,1,
2008/7/10,22.17,-1.76,-7.354784789,0,
2008/7/3,23.93,-7.32,-23.424,0,
2008/6/26,31.25,-1.73,-5.245603396,0,
2008/6/19,32.98,1.73,5.536,1,
2008/6/12,31.25,-12.23,-28.12787489,0,
2008/6/5,43.48,12.12,38.64795918,1,
2008/5/29,31.36,-14.94,-32.26781857,0,
2008/5/22,46.3,1.14,2.524357839,1,
2008/5/15,45.16,-7.65,-14.48589282,0,
2008/5/8,52.81,-0.48,-0.900731845,0,
2008/5/1,53.29,6.62,14.18470109,1,
2008/4/24,46.67,16.3,53.67138624,1,
2008/4/17,30.37,-15.39,-33.63199301,0,
2008/4/10,45.76,9.06,24.6866485,1,
2008/4/3,36.7,-4.9,-11.77884615,0,
2008/3/27,41.6,16.39,65.01388338,1,
2008/3/20,25.21,4.79,23.45739471,1,
2008/3/13,20.42,-1.56,-7.097361237,0,
2008/3/6,21.98,-12.33,-35.93704459,0,
2008/2/28,34.31,1.13,3.405666064,1,
2008/2/21,33.18,-0.15,-0.450045005,0,
2008/2/14,33.33,-0.78,-2.286719437,0,
2008/2/7,34.11,4.03,13.39760638,1,
2008/1/31,30.08,4.94,19.64996022,1,
2008/1/24,25.14,0.84,3.456790123,1,
2008/1/17,24.3,4.67,23.79011717,1,
2008/1/10,19.63,-6.08,-23.64838584,0,
2008/1/3,25.71,-4.29,-14.3,0,
2007/12/27,30,-5.85,-16.31799163,0,
2007/12/20,35.85,-11.77,-24.71650567,0,
2007/12/13,47.62,6.97,17.14637146,1,
2007/12/6,40.65,12.08,42.28211411,1,
2007/11/29,28.57,2.99,11.68881939,1,
2007/11/22,25.58,-7.43,-22.50833081,0,
2007/11/15,33.01,-3.18,-8.786957723,0,
2007/11/8,36.19,-8.52,-19.05613957,0,
2007/11/1,44.71,13.46,43.072,1,
2007/10/25,31.25,-10.71,-25.52430887,0,
2007/10/18,41.96,-12.68,-23.20644217,0,
2007/10/11,54.64,2.83,5.462265972,1,
2007/10/4,51.81,2.44,4.942272635,1,
2007/9/27,49.37,10.13,25.81549439,1,
2007/9/20,39.24,-0.76,-1.9,0,
2007/9/13,40,1.62,4.220948411,1,
2007/9/6,38.38,-1.92,-4.76426799,0,
2007/8/30,40.3,-0.98,-2.374031008,0,
2007/8/23,41.28,-0.94,-2.22643297,0,
2007/8/16,42.22,-3.54,-7.736013986,0,
2007/8/9,45.76,-0.12,-0.261551874,0,
2007/8/2,45.88,1.67,3.777425922,1,
2007/7/26,44.21,2.44,5.841513048,1,
2007/7/19,41.77,-1.87,-4.285059578,0,
2007/7/12,43.64,-0.2,-0.45620438,0,
2007/7/5,43.84,4.82,12.35263967,1,
2007/6/28,39.02,-4.14,-9.592215014,0,
2007/6/21,43.16,5.86,15.71045576,1,
2007/6/14,37.3,-3.29,-8.105444691,0,
2007/6/7,40.59,7.26,21.78217822,1,
2007/5/31,33.33,-4.02,-10.76305221,0,
2007/5/24,37.35,-1.04,-2.709038812,0,
2007/5/17,38.39,-4.47,-10.42930471,0,
2007/5/10,42.86,14.29,50.01750088,1,
2007/5/3,28.57,-10.67,-27.19164118,0,
2007/4/26,39.24,-7.7,-16.4039199,0,
2007/4/19,46.94,6.09,14.90820073,1,
2007/4/12,40.85,8.59,26.62740236,1,
2007/4/5,32.26,-10.42,-24.41424555,0,
2007/3/29,42.68,-1.2,-2.734731085,0,
2007/3/22,43.88,10.89,33.01000303,1,
2007/3/15,32.99,-2.81,-7.849162011,0,
2007/3/8,35.8,-0.83,-2.265902266,0,
2007/3/1,36.63,-17.22,-31.97771588,0,
2007/2/22,53.85,6.28,13.20159765,1,
2007/2/15,47.57,1.42,3.076923077,1,
2007/2/8,46.15,-0.17,-0.36701209,0,
2007/2/1,46.32,6.81,17.23614275,1,
2007/1/25,39.51,-18.27,-31.61993769,0,
2007/1/18,57.78,13.34,30.0180018,1,
2007/1/11,44.44,-4.7,-9.564509565,0,
2007/1/4,49.14,3.14,6.826086957,1,
2006/12/28,46,6.92,17.70726714,1,
2006/12/21,39.08,-2.25,-5.443987418,0,
2006/12/14,41.33,2.39,6.137647663,1,
2006/12/7,38.94,-1.28,-3.182496271,0,
2006/11/30,40.22,-1.72,-4.101096805,0,
2006/11/23,41.94,-4.62,-9.922680412,0,
2006/11/16,46.56,-4.04,-7.984189723,0,
2006/11/9,50.6,6.85,15.65714286,1,
2006/11/2,43.75,-8.42,-16.1395438,0,
2006/10/26,52.17,-2.03,-3.745387454,0,
2006/10/19,54.2,5.22,10.65741119,1,
2006/10/12,48.98,11.2,29.64531498,1,
2006/10/5,37.78,-13.54,-26.38347623,0,
2006/9/28,51.32,3.57,7.476439791,1,
2006/9/21,47.75,-0.2,-0.417101147,0,
2006/9/14,47.95,4.96,11.53756688,1,
2006/9/7,42.99,1.42,3.415924946,1,
2006/8/31,41.57,2.22,5.641677255,1,
2006/8/24,39.35,8.82,28.88961677,1,
2006/8/17,30.53,-6.06,-16.56190216,0,
2006/8/10,36.59,5.13,16.30642085,1,
2006/8/3,31.46,-3.42,-9.805045872,0,
2006/7/27,34.88,11.03,46.24737945,1,
2006/7/20,23.85,-12.65,-34.65753425,0,
2006/7/13,36.5,-1.2,-3.183023873,0,
2006/7/6,37.7,-0.9,-2.331606218,0,
2006/6/29,38.6,4.2,12.20930233,1,
2006/6/22,34.4,7.99,30.25369178,1,
2006/6/15,26.41,0.18,0.686237133,1,
2006/6/8,26.23,-4.54,-14.75463113,0,
2006/6/1,30.77,-2.27,-6.870460048,0,
2006/5/25,33.04,-6.35,-16.12084285,0,
2006/5/18,39.39,-15.51,-28.25136612,0,
2006/5/11,54.9,9.01,19.63390717,1,
2006/5/4,45.89,3.78,8.976490145,1,
2006/4/27,42.11,8.38,24.84435221,1,
2006/4/20,33.73,-11.63,-25.63932981,0,
2006/4/13,45.36,-2.31,-4.845814978,0,
2006/4/6,47.67,10.46,28.11072292,1,
2006/3/30,37.21,-6.54,-14.94857143,0,
2006/3/23,43.75,-2.8,-6.015037594,0,
2006/3/16,46.55,5.34,12.9580199,1,
2006/3/9,41.21,0.27,0.65950171,1,
2006/3/2,40.94,-2.27,-5.253413562,0,
2006/2/23,43.21,3.03,7.541065207,1,
2006/2/16,40.18,-0.01,-0.024881811,0,
2006/2/9,40.19,-4.51,-10.08948546,0,
2006/2/2,44.7,13.93,45.27136822,1,
2006/1/26,30.77,-19.23,-38.46,0,
2006/1/19,50,-8.96,-15.19674355,0,
2006/1/12,58.96,29.61,100.8858603,1,
2006/1/5,29.35,-7.95,-21.31367292,0,
2005/12/29,37.3,-3.73,-9.090909091,0,
2005/12/22,41.03,-5.12,-11.09425785,0,
2005/12/15,46.15,-3.32,-6.711138063,0,
2005/12/8,49.47,-3,-5.717552887,0,
2005/12/1,52.47,-4.86,-8.477237049,0,
2005/11/24,57.33,3.7,6.899123625,1,
2005/11/17,53.63,-4.99,-8.512453088,0,
2005/11/10,58.62,15.67,36.48428405,1,
2005/11/3,42.95,10.9,34.00936037,1,
2005/10/27,32.05,-11.06,-25.65530039,0,
2005/10/20,43.11,4.15,10.65195072,1,
2005/10/13,38.96,-11.04,-22.08,0,
2005/10/6,50,18.12,56.83814304,1,
2005/9/29,31.88,-7.59,-19.22979478,0,
2005/9/22,39.47,-11.96,-23.25490959,0,
2005/9/15,51.43,9.12,21.5551879,1,
2005/9/8,42.31,10.55,33.21788413,1,
2005/9/1,31.76,-4.38,-12.11953514,0,
2005/8/25,36.14,6.85,23.38682144,1,
2005/8/18,29.29,-10.45,-26.2959235,0,
2005/8/11,39.74,-8.09,-16.91407067,0,
2005/8/4,47.83,-9.69,-16.84631433,0,
2005/7/28,57.52,16.34,39.67945605,1,
2005/7/21,41.18,-16.71,-28.86508896,0,
2005/7/14,57.89,14.88,34.59660544,1,
2005/7/7,43.01,-2.88,-6.275877097,0,
2005/6/30,45.89,-0.7,-1.502468341,0,
2005/6/23,46.59,-1.46,-3.038501561,0,
2005/6/16,48.05,2.07,4.501957373,1,
2005/6/9,45.98,-2.63,-5.410409381,0,
2005/6/2,48.61,4.47,10.12686905,1,
2005/5/26,44.14,5.22,13.41212744,1,
2005/5/19,38.92,8.4,27.52293578,1,
2005/5/12,30.52,1.95,6.825341267,1,
2005/5/5,28.57,-1.18,-3.966386555,0,
2005/4/28,29.75,-7.09,-19.24538545,0,
2005/4/21,36.84,20.36,123.5436893,1,
2005/4/14,16.48,-11.26,-40.59120404,0,
2005/4/7,27.74,-0.69,-2.427013718,0,
2005/3/31,28.43,5.2,22.38484718,1,
2005/3/24,23.23,-9.24,-28.45703727,0,
2005/3/17,32.47,-17.19,-34.61538462,0,
2005/3/10,49.66,10.15,25.68969881,1,
2005/3/3,39.51,7.69,24.16719045,1,
2005/2/24,31.82,-4.54,-12.48624862,0,
2005/2/17,36.36,-7.39,-16.89142857,0,
2005/2/10,43.75,2.08,4.991600672,1,
2005/2/3,41.67,15.24,57.66174801,1,
2005/1/27,26.43,-7.23,-21.47950089,0,
2005/1/20,33.66,-0.33,-0.970873786,0,
2005/1/13,33.99,-4.11,-10.78740157,0,
2005/1/6,38.1,-19.56,-33.92299688,0,
2004/12/30,57.66,-2.57,-4.26697659,0,
2004/12/23,60.23,7.7,14.6582905,1,
2004/12/16,52.53,1.18,2.297955209,1,
2004/12/9,51.35,-5.41,-9.531360113,0,
2004/12/2,56.76,7.28,14.71301536,1,
2004/11/25,49.48,-14.62,-22.80811232,0,
2004/11/18,64.1,1.6,2.56,1,
2004/11/11,62.5,5.36,9.380469023,1,
2004/11/4,57.14,14.83,35.05081541,1,
2004/10/28,42.31,-0.17,-0.400188324,0,
2004/10/21,42.48,-2.23,-4.987698501,0,
2004/10/14,44.71,-12.22,-21.46495696,0,
2004/10/7,56.93,15.86,38.61699537,1,
2004/9/30,41.07,-10.13,-19.78515625,0,
2004/9/23,51.2,5.75,12.65126513,1,
2004/9/16,45.45,-5.05,-10,0,
2004/9/9,50.5,8.99,21.65743194,1,
2004/9/2,41.51,-0.02,-0.048157958,0,
2004/8/26,41.53,6.65,19.06536697,1,
2004/8/19,34.88,-3.69,-9.567021001,0,
2004/8/12,38.57,7.58,24.45950307,1,
2004/8/5,30.99,-3.01,-8.852941176,0,
2004/7/29,34,-1.71,-4.788574629,0,
2004/7/22,35.71,-11.66,-24.61473506,0,
2004/7/15,47.37,-7.73,-14.02903811,0,
2004/7/8,55.1,-1.87,-3.282429349,0,
2004/7/1,56.97,0.56,0.992731785,1,
2004/6/24,56.41,15,36.22313451,1,
2004/6/17,41.41,-13.85,-25.06333695,0,
2004/6/10,55.26,21.93,65.79657966,1,
2004/6/3,33.33,-2.78,-7.698698421,0,
2004/5/27,36.11,-0.56,-1.527133897,0,
2004/5/20,36.67,3.78,11.49285497,1,
2004/5/13,32.89,-6.09,-15.62339661,0,
2004/5/6,38.98,-11.02,-22.04,0,
2004/4/29,50,0,0,0,
2004/4/22,50,-13.75,-21.56862745,0,
2004/4/15,63.75,4.97,8.45525689,1,
2004/4/8,58.78,3.61,6.543411274,1,
2004/4/1,55.17,23.69,75.25412961,1,
2004/3/25,31.48,-7.12,-18.44559585,0,
2004/3/18,38.6,-2.69,-6.514894648,0,
2004/3/11,41.29,-6.54,-13.67342672,0,
2004/3/4,47.83,6.25,15.03126503,1,
2004/2/26,41.58,-14.87,-26.34189548,0,
2004/2/19,56.45,0.35,0.623885918,1,
2004/2/12,56.1,5.19,10.19446081,1,
2004/2/5,50.91,-5.97,-10.49578059,0,
2004/1/29,56.88,-12.63,-18.17004748,0,
2004/1/22,69.51,3.22,4.857444562,1,
2004/1/15,66.29,-0.87,-1.295413937,0,
2004/1/8,67.16,4.75,7.610959782,1,
2004/1/1,62.41,-3.11,-4.746642247,0,
2003/12/25,65.52,5.32,8.837209302,1,
2003/12/18,60.2,4.94,8.939558451,1,
2003/12/11,55.26,-14.11,-20.3402047,0,
2003/12/4,69.37,8.99,14.8890361,1,
2003/11/27,60.38,7.15,13.43227503,1,
2003/11/20,53.23,-0.1,-0.187511719,0,
2003/11/13,53.33,-4.25,-7.381035082,0,
2003/11/6,57.58,-0.23,-0.397855042,0,
2003/10/30,57.81,5.03,9.530125047,1,
2003/10/23,52.78,-7.56,-12.52900232,0,
2003/10/16,60.34,2.76,4.793331018,1,
2003/10/9,57.58,7.58,15.16,1,
2003/10/2,50,-7.28,-12.70949721,0,
2003/9/25,57.28,-5.47,-8.717131474,0,
2003/9/18,62.75,4.61,7.929136567,1,
2003/9/11,58.14,-4.16,-6.677367576,0,
2003/9/4,62.3,5.6,9.87654321,1,
2003/8/28,56.7,-6.26,-9.942820839,0,
2003/8/21,62.96,12.4,24.52531646,1,
2003/8/14,50.56,5.11,11.24312431,1,
2003/8/7,45.45,-6.09,-11.81606519,0,
2003/7/31,51.54,-0.46,-0.884615385,0,
2003/7/24,52,0.74,1.443620757,1,
2003/7/17,51.26,8.02,18.54764107,1,
2003/7/10,43.24,2.06,5.002428363,1,
2003/7/3,41.18,-30.25,-42.34915302,0,
2003/6/26,71.43,15.02,26.62648467,1,
2003/6/19,56.41,6.41,12.82,1,
2003/6/12,50,-2,-3.846153846,0,
2003/6/5,52,-10.86,-17.27648743,0,
2003/5/29,62.86,24.4,63.4425377,1,
2003/5/22,38.46,-24.33,-38.74820831,0,
2003/5/15,62.79,9.99,18.92045455,1,
2003/5/8,52.8,4.23,8.709079679,1,
2003/5/1,48.57,-14.43,-22.9047619,0,
2003/4/24,63,16.7,36.06911447,1,
2003/4/17,46.3,7.84,20.38481539,1,
2003/4/10,38.46,6.11,18.88717156,1,
2003/4/3,32.35,-7.07,-17.93505835,0,
2003/3/27,39.42,-3.44,-8.026131591,0,
2003/3/20,42.86,8.57,24.99270924,1,
2003/3/13,34.29,0.96,2.880288029,1,
2003/3/6,33.33,7.31,28.09377402,1,
2003/2/27,26.02,4.97,23.61045131,1,
2003/2/20,21.05,-0.85,-3.881278539,0,
2003/2/13,21.9,-0.96,-4.199475066,0,
2003/2/6,22.86,-2.67,-10.45828437,0,
2003/1/30,25.53,0.53,2.12,1,
2003/1/23,25,-4.17,-14.29550908,0,
2003/1/16,29.17,-8.93,-23.43832021,0,
2003/1/9,38.1,5.67,17.48381129,1,
2003/1/2,32.43,-7.57,-18.925,0,
2002/12/26,40,-2.86,-6.672888474,0,
2002/12/19,42.86,1.48,3.576607057,1,
2002/12/12,41.38,-11.56,-21.8360408,0,
2002/12/5,52.94,1.88,3.681942812,1,
2002/11/28,51.06,0.5,0.988924051,1,
2002/11/21,50.56,1.91,3.926002055,1,
2002/11/14,48.65,-1.35,-2.7,0,
2002/11/7,50,-1.47,-2.85603264,0,
2002/10/31,51.47,6.89,15.45536115,1,
2002/10/24,44.58,5.11,12.94654168,1,
2002/10/17,39.47,10.62,36.81109185,1,
2002/10/10,28.85,-6.36,-18.06305027,0,
2002/10/3,35.21,10.7,43.65565075,1,
2002/9/26,24.51,-9.27,-27.44227353,0,
2002/9/19,33.78,-4.58,-11.93952033,0,
2002/9/12,38.36,6.88,21.85514612,1,
2002/9/5,31.48,-18.52,-37.04,0,
2002/8/29,50,6.25,14.28571429,1,
2002/8/22,43.75,5.82,15.34405484,1,
2002/8/15,37.93,0.23,0.610079576,1,
2002/8/8,37.7,3.49,10.20169541,1,
2002/8/1,34.21,6.3,22.57255464,1,
2002/7/25,27.91,1.66,6.323809524,1,
2002/7/18,26.25,-8.8,-25.10699001,0,
2002/7/11,35.05,8.49,31.96536145,1,
2002/7/4,26.56,-4.41,-14.2395867,0,
2002/6/27,30.97,-14.74,-32.24677313,0,
2002/6/20,45.71,13.89,43.65179133,1,
2002/6/13,31.82,-0.97,-2.958218969,0,
2002/6/6,32.79,4.53,16.02972399,1,
2002/5/30,28.26,2.07,7.903780069,1,
2002/5/23,26.19,-10.6,-28.81217722,0,
2002/5/16,36.79,6.53,21.57964309,1,
2002/5/9,30.26,3.23,11.94968553,1,
2002/5/2,27.03,-9.64,-26.28851923,0,
2002/4/25,36.67,-3.53,-8.781094527,0,
2002/4/18,40.2,11.99,42.50265863,1,
2002/4/11,28.21,-12.27,-30.31126482,0,
2002/4/4,40.48,-10.68,-20.87568413,0,
2002/3/28,51.16,-2.07,-3.88878452,0,
2002/3/21,53.23,-3.22,-5.704162976,0,
2002/3/14,56.45,3.12,5.850365648,1,
2002/3/7,53.33,8.89,20.00450045,1,
2002/2/28,44.44,8.08,22.22222222,1,
2002/2/21,36.36,-8.8,-19.48627104,0,
2002/2/14,45.16,7.66,20.42666667,1,
2002/2/7,37.5,-7.95,-17.49174917,0,
2002/1/31,45.45,10.76,31.01758432,1,
2002/1/24,34.69,5.14,17.39424704,1,
2002/1/17,29.55,-25.24,-46.06680051,0,
2002/1/10,54.79,3.68,7.200156525,1,
2002/1/3,51.11,-6.58,-11.40578956,0,
2001/12/27,57.69,5.23,9.969500572,1,
2001/12/20,52.46,-8.94,-14.56026059,0,
2001/12/13,61.4,2.22,3.75126732,1,
2001/12/6,59.18,-10.15,-14.64012693,0,
2001/11/29,69.33,11,18.85822047,1,
2001/11/22,58.33,12.88,28.33883388,1,
2001/11/15,45.45,10.83,31.28249567,1,
2001/11/8,34.62,-0.38,-1.085714286,0,
2001/11/1,35,-20.88,-37.36578382,0,
2001/10/25,55.88,-4.68,-7.727873184,0,
2001/10/18,60.56,13.19,27.8446274,1,
2001/10/11,47.37,-3.85,-7.51659508,0,
2001/10/4,51.22,0.11,0.21522207,1,
2001/9/27,51.11,20.03,64.44658945,1,
2001/9/20,31.08,4.41,16.53543307,1,
2001/9/13,26.67,-3.67,-12.09624258,0,
2001/9/6,30.34,-1.09,-3.468024181,0,
2001/8/30,31.43,-3.05,-8.845707657,0,
2001/8/23,34.48,-0.94,-2.653867871,0,
2001/8/16,35.42,0.48,1.373783629,1,
2001/8/9,34.94,-1.42,-3.905390539,0,
2001/8/2,36.36,6.84,23.17073171,1,
2001/7/26,29.52,-20.48,-40.96,0,
2001/7/19,50,24.73,97.86307875,1,
2001/7/12,25.27,-15.47,-37.97250859,0,
2001/7/5,40.74,10.36,34.10138249,1,
2001/6/28,30.38,-2.95,-8.850885089,0,
2001/6/21,33.33,2.82,9.24287119,1,
2001/6/14,30.51,-12.04,-28.29612221,0,
2001/6/7,42.55,-6.8,-13.77912867,0,
2001/5/31,49.35,-12.55,-20.27463651,0,
2001/5/24,61.9,10.14,19.59041731,1,
2001/5/17,51.76,-1.57,-2.943933996,0,
2001/5/10,53.33,-10.18,-16.02897182,0,
2001/5/3,63.51,16.96,36.433942,1,
2001/4/26,46.55,2.8,6.4,1,
2001/4/19,43.75,13.45,44.38943894,1,
2001/4/12,30.3,-4.84,-13.77347752,0,
2001/4/5,35.14,-2.11,-5.66442953,0,
2001/3/29,37.25,9.47,34.08927286,1,
2001/3/22,27.78,-3.13,-10.12617276,0,
2001/3/15,30.91,-0.72,-2.276319949,0,
2001/3/8,31.63,-14.32,-31.16430903,0,
2001/3/1,45.95,19.63,74.58206687,1,
2001/2/22,26.32,-4.11,-13.50640815,0,
2001/2/15,30.43,-25.13,-45.23038157,0,
2001/2/8,55.56,5.56,11.12,1,
2001/2/1,50,0.77,1.564086939,1,
2001/1/25,49.23,12.64,34.54495764,1,
2001/1/18,36.59,0.88,2.464295715,1,
2001/1/11,35.71,-6.88,-16.15402677,0,
2001/1/4,42.59,2.59,6.475,1,
2000/12/28,40,8.89,28.57602057,1,
2000/12/21,31.11,-28.51,-47.81952365,0,
2000/12/14,59.62,12.56,26.68933277,1,
2000/12/7,47.06,-13.36,-22.11188348,0,
2000/11/30,60.42,23.91,65.48890715,1,
2000/11/23,36.51,-9.32,-20.33602444,0,
2000/11/16,45.83,-17.03,-27.09195037,0,
2000/11/9,62.86,11.25,21.79810114,1,
2000/11/2,51.61,-12.49,-19.48517941,0,
2000/10/26,64.1,15.21,31.11065658,1,
2000/10/19,48.89,7.43,17.9208876,1,
2000/10/12,41.46,-0.48,-1.144492132,0,
2000/10/5,41.94,-11.39,-21.35758485,0,
2000/9/28,53.33,9.58,21.89714286,1,
2000/9/21,43.75,2.57,6.240893638,1,
2000/9/14,41.18,-21.32,-34.112,0,
2000/9/7,62.5,6.62,11.8468146,1,
2000/8/31,55.88,-1.81,-3.137458832,0,
2000/8/24,57.69,-1.69,-2.84607612,0,
2000/8/17,59.38,5.28,9.759704251,1,
2000/8/10,54.1,12.8,30.99273608,1,
2000/8/3,41.3,-1.56,-3.63975735,0,
2000/7/27,42.86,-23.81,-35.71321434,0,
2000/7/20,66.67,1.67,2.569230769,1,
2000/7/13,65,8.9,15.86452763,1,
2000/7/6,56.1,29.43,110.3487064,1,
2000/6/22,26.67,-17.08,-39.04,0,
2000/6/15,43.75,-17.79,-28.9080273,0,
2000/6/8,61.54,19.87,47.68418527,1,
2000/6/1,41.67,6.75,19.32989691,1,
2000/5/25,34.92,-0.37,-1.048455653,0,
2000/5/18,35.29,5.06,16.7383394,1,
2000/5/11,30.23,-4.55,-13.08223117,0,
2000/5/4,34.78,-26.51,-43.25338554,0,
2000/4/27,61.29,-2.44,-3.828652126,0,
2000/4/20,63.73,11.88,22.91224687,1,
2000/4/13,51.85,6.02,13.13550076,1,
2000/4/6,45.83,6.94,17.84520442,1,
2000/3/30,38.89,-26.82,-40.81570537,0,
2000/3/23,65.71,15.71,31.42,1,
2000/3/16,50,-8.33,-14.28081605,0,
2000/3/9,58.33,21.66,59.06735751,1,
2000/3/2,36.67,-4.71,-11.38231029,0,
2000/2/24,41.38,14.11,51.74184085,1,
2000/2/17,27.27,-14.59,-34.85427616,0,
2000/2/10,41.86,-9.25,-18.09821953,0,
2000/2/3,51.11,-2.59,-4.823091248,0,
2000/1/27,53.7,-3.44,-6.020301015,0,
2000/1/20,57.14,-2.12,-3.577455282,0,
2000/1/13,59.26,-15.74,-20.98666667,0,
2000/1/6,75,15,25,1,
1999/12/30,60,8,15.38461538,1,
1999/12/23,52,-2,-3.703703704,0,
1999/12/16,54,-8,-12.90322581,0,
1999/12/9,62,0,0,0,
1999/12/2,62,7,12.72727273,1,
1999/11/25,55,9,19.56521739,1,
1999/11/18,46,-2,-4.166666667,0,
1999/11/11,48,5,11.62790698,1,
1999/11/4,43,5,13.15789474,1,
1999/10/28,38,0,0,0,
1999/10/21,38,-4,-9.523809524,0,
1999/10/14,42,8,23.52941176,1,
1999/10/7,34,-1,-2.857142857,0,
1999/9/30,35,-1,-2.777777778,0,
1999/9/23,36,0,0,0,
1999/9/16,36,-1,-2.702702703,0,
1999/9/9,37,-7,-15.90909091,0,
1999/9/2,44,9,25.71428571,1,
1999/8/26,35,4,12.90322581,1,
1999/8/19,31,1,3.333333333,1,
1999/8/12,30,0,0,0,
1999/8/5,30,-12,-28.57142857,0,
1999/7/29,42,-13,-23.63636364,0,
1999/7/22,55,1,1.851851852,1,
1999/7/15,54,11,25.58139535,1,
1999/7/8,43,8,22.85714286,1,
1999/7/1,35,5,16.66666667,1,
1999/6/24,30,-8,-21.05263158,0,
1999/6/17,38,6,18.75,1,
1999/6/10,32,0,0,0,
1999/6/3,32,-6,-15.78947368,0,
1999/5/27,38,-5,-11.62790698,0,
1999/5/20,43,0,0,0,
1999/5/13,43,-11,-20.37037037,0,
1999/5/6,54,13,31.70731707,1,
1999/4/29,41,3,7.894736842,1,
1999/4/22,38,-3,-7.317073171,0,
1999/4/15,41,5,13.88888889,1,
1999/4/8,36,-4,-10,0,
1999/4/1,40,2,5.263157895,1,
1999/3/25,38,-10,-20.83333333,0,
1999/3/18,48,11,29.72972973,1,
1999/3/11,37,1,2.777777778,1,
1999/3/4,36,-1,-2.702702703,0,
1999/2/25,37,0,0,0,
1999/2/18,37,-11,-22.91666667,0,
1999/2/11,48,0,0,0,
1999/2/4,48,1,2.127659574,1,
1999/1/28,47,-9,-16.07142857,0,
1999/1/21,56,5,9.803921569,1,
1999/1/14,51,13,34.21052632,1,
1999/1/7,38,-3,-7.317073171,0,
1998/12/31,41,7,20.58823529,1,
1998/12/24,34,-7,-17.07317073,0,
1998/12/17,41,-3,-6.818181818,0,
1998/12/10,44,-5,-10.20408163,0,
1998/12/3,49,1,2.083333333,1,
1998/11/26,48,8,20,1,
1998/11/19,40,-10,-20,0,
1998/11/12,50,12,31.57894737,1,
1998/11/5,38,-5,-11.62790698,0,
1998/10/29,43,11,34.375,1,
1998/10/22,32,7,28,1,
1998/10/15,25,0,0,0,
1998/10/8,25,-7,-21.875,0,
1998/10/1,32,-2,-5.882352941,0,
1998/9/24,34,0,0,0,
1998/9/17,34,5,17.24137931,1,
1998/9/10,29,6,26.08695652,1,
1998/9/3,23,0,0,0,
1998/8/27,23,-2,-8,0,
1998/8/20,25,-2,-7.407407407,0,
1998/8/13,27,-3,-10,0,
1998/8/6,30,-14,-31.81818182,0,
1998/7/30,44,7,18.91891892,1,
1998/7/23,37,2,5.714285714,1,
1998/7/16,35,-1,-2.777777778,0,
1998/7/9,36,3,9.090909091,1,
1998/7/2,33,5,17.85714286,1,
1998/6/25,28,-1,-3.448275862,0,
1998/6/18,29,2,7.407407407,1,
1998/6/11,27,2,8,1,
1998/6/4,25,-9,-26.47058824,0,
1998/5/28,34,-4,-10.52631579,0,
1998/5/21,38,5,15.15151515,1,
1998/5/14,33,-10,-23.25581395,0,
1998/5/7,43,-1,-2.272727273,0,
1998/4/30,44,4,10,1,
1998/4/23,40,-13,-24.52830189,0,
1998/4/16,53,12,29.26829268,1,
1998/4/9,41,-5,-10.86956522,0,
1998/4/2,46,1,2.222222222,1,
1998/3/26,45,5,12.5,1,
1998/3/19,40,-4,-9.090909091,0,
1998/3/12,44,-9,-16.98113208,0,
1998/3/5,53,0,0,0,
1998/2/26,53,11,26.19047619,1,
1998/2/19,42,-3,-6.666666667,0,
1998/2/12,45,15,50,1,
1998/2/5,30,-8,-21.05263158,0,
1998/1/29,38,7,22.58064516,1,
1998/1/22,31,-7,-18.42105263,0,
1998/1/15,38,-4,-9.523809524,0,
1998/1/8,42,8,23.52941176,1,
1998/1/1,34,-7,-17.07317073,0,
1997/12/25,41,1,2.5,1,
1997/12/18,40,-6,-13.04347826,0,
1997/12/11,46,-3,-6.12244898,0,
1997/12/4,49,9,22.5,1,
1997/11/27,40,0,0,0,
1997/11/20,40,-5,-11.11111111,0,
1997/11/13,45,7,18.42105263,1,
1997/11/6,38,-3,-7.317073171,0,
1997/10/30,41,1,2.5,1,
1997/10/23,40,-3,-6.976744186,0,
1997/10/16,43,0,0,0,
1997/10/9,43,5,13.15789474,1,
1997/10/2,38,-1,-2.564102564,0,
1997/9/25,39,-1,-2.5,0,
1997/9/18,40,-2,-4.761904762,0,
1997/9/11,42,5,13.51351351,1,
1997/9/4,37,-13,-26,0,
1997/8/28,50,3,6.382978723,1,
1997/8/21,47,-2,-4.081632653,0,
1997/8/14,49,0,0,0,
1997/8/7,49,1,2.083333333,1,
1997/7/31,48,-5,-9.433962264,0,
1997/7/24,53,-1,-1.851851852,0,
1997/7/17,54,5,10.20408163,1,
1997/7/10,49,4,8.888888889,1,
1997/7/3,45,-7,-13.46153846,0,
1997/6/26,52,-7,-11.86440678,0,
1997/6/19,59,10,20.40816327,1,
1997/6/12,49,-3,-5.769230769,0,
1997/6/5,52,12,30,1,
1997/5/29,40,0,0,0,
1997/5/22,40,-1,-2.43902439,0,
1997/5/15,41,11,36.66666667,1,
1997/5/8,30,3,11.11111111,1,
1997/5/1,27,-1,-3.571428571,0,
1997/4/24,28,-3,-9.677419355,0,
1997/4/17,31,5,19.23076923,1,
1997/4/10,26,-3,-10.34482759,0,
1997/4/3,29,2,7.407407407,1,
1997/3/27,27,-9,-25,0,
1997/3/20,36,2,5.882352941,1,
1997/3/13,34,-9,-20.93023256,0,
1997/3/6,43,-20,-31.74603175,0,
1997/2/27,63,19,43.18181818,1,
1997/2/20,44,-1,-2.222222222,0,
1997/2/13,45,-2,-4.255319149,0,
1997/2/6,47,-4,-7.843137255,0,
1997/1/30,51,14,37.83783784,1,
1997/1/23,37,-5,-11.9047619,0,
1997/1/16,42,6,16.66666667,1,
1997/1/9,36,-7,-16.27906977,0,
1997/1/2,43,6,16.21621622,1,
1996/12/26,37,4,12.12121212,1,
1996/12/19,33,-7,-17.5,0,
1996/12/12,40,-1,-2.43902439,0,
1996/12/5,41,-11,-21.15384615,0,
1996/11/28,52,9,20.93023256,1,
1996/11/21,43,6,16.21621622,1,
1996/11/14,37,11,42.30769231,1,
1996/11/7,26,-11,-29.72972973,0,
1996/10/31,37,-5,-11.9047619,0,
1996/10/24,42,3,7.692307692,1,
1996/10/17,39,1,2.631578947,1,
1996/10/10,38,-2,-5,0,
1996/10/3,40,6,17.64705882,1,
1996/9/26,34,6,21.42857143,1,
1996/9/19,28,2,7.692307692,1,
1996/9/12,26,-3,-10.34482759,0,
1996/9/5,29,1,3.571428571,1,
1996/8/29,28,0,0,0,
1996/8/22,28,-15,-34.88372093,0,
1996/8/15,43,16,59.25925926,1,
1996/8/8,27,-2,-6.896551724,0,
1996/8/1,29,-1,-3.333333333,0,
1996/7/25,30,1,3.448275862,1,
1996/7/18,29,-11,-27.5,0,
1996/7/11,40,8,25,1,
1996/7/4,32,-10,-23.80952381,0,
1996/6/27,42,0,0,0,
1996/6/20,42,-7,-14.28571429,0,
1996/6/13,49,2,4.255319149,1,
1996/6/6,47,-14,-22.95081967,0,
1996/5/30,61,10,19.60784314,1,
1996/5/23,51,14,37.83783784,1,
1996/5/16,37,-9,-19.56521739,0,
1996/5/9,46,-2,-4.166666667,0,
1996/5/2,48,20,71.42857143,1,
1996/4/25,28,-8,-22.22222222,0,
1996/4/18,36,-4,-10,0,
1996/4/11,40,0,0,0,
1996/4/4,40,-5,-11.11111111,0,
1996/3/28,45,-2,-4.255319149,0,
1996/3/21,47,11,30.55555556,1,
1996/3/14,36,-8,-18.18181818,0,
1996/3/7,44,-1,-2.222222222,0,
1996/2/29,45,-4,-8.163265306,0,
1996/2/22,49,-5,-9.259259259,0,
1996/2/15,54,1,1.886792453,1,
1996/2/8,53,-1,-1.851851852,0,
1996/2/1,54,18,50,1,
1996/1/25,36,-6,-14.28571429,0,
1996/1/18,42,-13,-23.63636364,0,
1996/1/4,55,9,19.56521739,1,
1995/12/28,46,-2,-4.166666667,0,
1995/12/21,48,-3,-5.882352941,0,
1995/12/14,51,3,6.25,1,
1995/12/7,48,-3,-5.882352941,0,
1995/11/30,51,3,6.25,1,
1995/11/23,48,2,4.347826087,1,
1995/11/16,46,-3,-6.12244898,0,
1995/11/9,49,2,4.255319149,1,
1995/11/2,47,1,2.173913043,1,
1995/10/26,46,-1,-2.127659574,0,
1995/10/19,47,6,14.63414634,1,
1995/10/12,41,2,5.128205128,1,
1995/10/5,39,-3,-7.142857143,0,
1995/9/28,42,-4,-8.695652174,0,
1995/9/21,46,0,0,0,
1995/9/14,46,9,24.32432432,1,
1995/9/7,37,-1,-2.631578947,0,
1995/8/31,38,3,8.571428571,1,
1995/8/24,35,-1,-2.777777778,0,
1995/8/17,36,-4,-10,0,
1995/8/10,40,2,5.263157895,1,
1995/8/3,38,-3,-7.317073171,0,
1995/7/27,41,-2,-4.651162791,0,
1995/7/20,43,-1,-2.272727273,0,
1995/7/13,44,9,25.71428571,1,
1995/7/6,35,0,0,0,
1995/6/29,35,-13,-27.08333333,0,
1995/6/22,48,12,33.33333333,1,
1995/6/15,36,-8,-18.18181818,0,
1995/6/8,44,5,12.82051282,1,
1995/6/1,39,-5,-11.36363636,0,
1995/5/25,44,2,4.761904762,1,
1995/5/18,42,-2,-4.545454545,0,
1995/5/11,44,2,4.761904762,1,
1995/5/4,42,-10,-19.23076923,0,
1995/4/27,52,15,40.54054054,1,
1995/4/20,37,-3,-7.5,0,
1995/4/13,40,-2,-4.761904762,0,
1995/4/6,42,-10,-19.23076923,0,
1995/3/30,52,5,10.63829787,1,
1995/3/23,47,8,20.51282051,1,
1995/3/16,39,-9,-18.75,0,
1995/3/9,48,-5,-9.433962264,0,
1995/3/2,53,7,15.2173913,1,
1995/2/23,46,3,6.976744186,1,
1995/2/16,43,9,26.47058824,1,
1995/2/9,34,-4,-10.52631579,0,
1995/2/2,38,0,0,0,
1995/1/26,38,1,2.702702703,1,
1995/1/19,37,1,2.777777778,1,
1995/1/12,36,-8,-18.18181818,0,
1995/1/5,44,4,10,1,
1994/12/29,40,-2,-4.761904762,0,
1994/12/22,42,9,27.27272727,1,
1994/12/15,33,3,10,1,
1994/12/8,30,-14,-31.81818182,0,
1994/12/1,44,5,12.82051282,1,
1994/11/24,39,0,0,0,
1994/11/17,39,2,5.405405405,1,
1994/11/10,37,-3,-7.5,0,
1994/11/3,40,-3,-6.976744186,0,
1994/10/27,43,4,10.25641026,1,
1994/10/20,39,4,11.42857143,1,
1994/10/13,35,2,6.060606061,1,
1994/10/6,33,-5,-13.15789474,0,
1994/9/29,38,1,2.702702703,1,
1994/9/22,37,-8,-17.77777778,0,
1994/9/15,45,-2,-4.255319149,0,
1994/9/8,47,4,9.302325581,1,
1994/9/1,43,11,34.375,1,
1994/8/25,32,2,6.666666667,1,
1994/8/18,30,-4,-11.76470588,0,
1994/8/11,34,12,54.54545455,1,
1994/8/4,22,-5,-18.51851852,0,
1994/7/28,27,-7,-20.58823529,0,
1994/7/21,34,9,36,1,
1994/7/14,25,-3,-10.71428571,0,
1994/7/7,28,-4,-12.5,0,
1994/6/30,32,3,10.34482759,1,
1994/6/23,29,-3,-9.375,0,
1994/6/16,32,4,14.28571429,1,
1994/6/9,28,-11,-28.20512821,0,
1994/6/2,39,10,34.48275862,1,
1994/5/26,29,7,31.81818182,1,
1994/5/19,22,-16,-42.10526316,0,
1994/5/12,38,6,18.75,1,
1994/5/5,32,5,18.51851852,1,
1994/4/28,27,1,3.846153846,1,
1994/4/21,26,-3,-10.34482759,0,
1994/4/14,29,1,3.571428571,1,
1994/4/7,28,5,21.73913043,1,
1994/3/31,23,-6,-20.68965517,0,
1994/3/24,29,5,20.83333333,1,
1994/3/17,24,-5,-17.24137931,0,
1994/3/10,29,-2,-6.451612903,0,
1994/3/3,31,-10,-24.3902439,0,
1994/2/24,41,1,2.5,1,
1994/2/17,40,-9,-18.36734694,0,
1994/2/10,49,11,28.94736842,1,
1994/2/3,38,-3,-7.317073171,0,
1994/1/27,41,-7,-14.58333333,0,
1994/1/20,48,10,26.31578947,1,
1994/1/13,38,-2,-5,0,
1994/1/6,40,-4,-9.090909091,0,
1993/12/30,44,8,22.22222222,1,
1993/12/23,36,3,9.090909091,1,
1993/12/16,33,-4,-10.81081081,0,
1993/12/9,37,4,12.12121212,1,
1993/12/2,33,-12,-26.66666667,0,
1993/11/25,45,11,32.35294118,1,
1993/11/18,34,-1,-2.857142857,0,
1993/11/11,35,3,9.375,1,
1993/11/4,32,-11,-25.58139535,0,
1993/10/28,43,1,2.380952381,1,
1993/10/21,42,11,35.48387097,1,
1993/10/14,31,2,6.896551724,1,
1993/10/7,29,3,11.53846154,1,
1993/9/30,26,-2,-7.142857143,0,
1993/9/23,28,-4,-12.5,0,
1993/9/16,32,2,6.666666667,1,
1993/9/9,30,-8,-21.05263158,0,
1993/9/2,38,11,40.74074074,1,
1993/8/26,27,-2,-6.896551724,0,
1993/8/19,29,4,16,1,
1993/8/12,25,-1,-3.846153846,0,
1993/8/5,26,1,4,1,
1993/7/29,25,1,4.166666667,1,
1993/7/22,24,2,9.090909091,1,
1993/7/15,22,1,4.761904762,1,
1993/7/8,21,3,16.66666667,1,
1993/7/1,18,-10,-35.71428571,0,
1993/6/24,28,6,27.27272727,1,
1993/6/17,22,-1,-4.347826087,0,
1993/6/10,23,-10,-30.3030303,0,
1993/6/3,33,9,37.5,1,
1993/5/27,24,3,14.28571429,1,
1993/5/20,21,1,5,1,
1993/5/13,20,-1,-4.761904762,0,
1993/5/6,21,-1,-4.545454545,0,
1993/4/29,22,-6,-21.42857143,0,
1993/4/22,28,-3,-9.677419355,0,
1993/4/15,31,-1,-3.125,0,
1993/4/8,32,-5,-13.51351351,0,
1993/4/1,37,-6,-13.95348837,0,
1993/3/25,43,2,4.87804878,1,
1993/3/18,41,-4,-8.888888889,0,
1993/3/11,45,18,66.66666667,1,
1993/3/4,27,-7,-20.58823529,0,
1993/2/25,34,-12,-26.08695652,0,
1993/2/18,46,-1,-2.127659574,0,
1993/2/11,47,3,6.818181818,1,
1993/2/4,44,4,10,1,
1993/1/28,40,-1,-2.43902439,0,
1993/1/21,41,-13,-24.07407407,0,
1993/1/14,54,34,170,1,
1993/1/7,20,-40,-66.66666667,0,
1992/12/31,60,5,9.090909091,1,
1992/12/24,55,-8,-12.6984127,0,
1992/12/17,63,20,46.51162791,1,
1992/12/10,43,6,16.21621622,1,
1992/12/3,37,-6,-13.95348837,0,
1992/11/26,43,-5,-10.41666667,0,
1992/11/19,48,11,29.72972973,1,
1992/11/12,37,-12,-24.48979592,0,
1992/11/5,49,14,40,1,
1992/10/29,35,14,66.66666667,1,
1992/10/22,21,1,5,1,
1992/10/15,20,-1,-4.761904762,0,
1992/10/8,21,-9,-30,0,
1992/10/1,30,5,20,1,
1992/9/24,25,4,19.04761905,1,
1992/9/17,21,-1,-4.545454545,0,
1992/9/10,22,8,57.14285714,1,
1992/9/3,14,-16,-53.33333333,0,
1992/8/27,30,8,36.36363636,1,
1992/8/20,22,-4,-15.38461538,0,
1992/8/13,26,-2,-7.142857143,0,
1992/8/6,28,6,27.27272727,1,
1992/7/30,22,-10,-31.25,0,
1992/7/23,32,3,10.34482759,1,
1992/7/16,29,6,26.08695652,1,
1992/7/9,23,2,9.523809524,1,
1992/7/2,21,-18,-46.15384615,0,
1992/6/25,39,4,11.42857143,1,
1992/6/18,35,4,12.90322581,1,
1992/6/11,31,-10,-24.3902439,0,
1992/6/4,41,0,0,0,
1992/5/28,41,-7,-14.58333333,0,
1992/5/21,48,8,20,1,
1992/5/14,40,-3,-6.976744186,0,
1992/5/7,43,14,48.27586207,1,
1992/4/30,29,-23,-44.23076923,0,
1992/4/23,52,15,40.54054054,1,
1992/4/16,37,-6,-13.95348837,0,
1992/4/9,43,8,22.85714286,1,
1992/4/2,35,-8,-18.60465116,0,
1992/3/26,43,-5,-10.41666667,0,
1992/3/19,48,10,26.31578947,1,
1992/3/12,38,-7,-15.55555556,0,
1992/3/5,45,2,4.651162791,1,
1992/2/27,43,-4,-8.510638298,0,
1992/2/20,47,1,2.173913043,1,
1992/2/13,46,10,27.77777778,1,
1992/2/6,36,-11,-23.40425532,0,
1992/1/30,47,1,2.173913043,1,
1992/1/23,46,-5,-9.803921569,0,
1992/1/16,51,3,6.25,1,
1992/1/9,48,-1,-2.040816327,0,
1992/1/2,49,10,25.64102564,1,
1991/12/26,39,3,8.333333333,1,
1991/12/19,36,3,9.090909091,1,
1991/12/12,33,10,43.47826087,1,
1991/12/5,23,-10,-30.3030303,0,
1991/11/28,33,-15,-31.25,0,
1991/11/21,48,10,26.31578947,1,
1991/11/14,38,6,18.75,1,
1991/11/7,32,-20,-38.46153846,0,
1991/10/31,52,21,67.74193548,1,
1991/10/24,31,1,3.333333333,1,
1991/10/17,30,-9,-23.07692308,0,
1991/10/10,39,4,11.42857143,1,
1991/10/3,35,4,12.90322581,1,
1991/9/26,31,-1,-3.125,0,
1991/9/19,32,-11,-25.58139535,0,
1991/9/12,43,7,19.44444444,1,
1991/9/5,36,-5,-12.19512195,0,
1991/8/29,41,9,28.125,1,
1991/8/22,32,-5,-13.51351351,0,
1991/8/15,37,11,42.30769231,1,
1991/8/8,26,-7,-21.21212121,0,
1991/8/1,33,-2,-5.714285714,0,
1991/7/25,35,8,29.62962963,1,
1991/7/18,27,-14,-34.14634146,0,
1991/7/11,41,13,46.42857143,1,
1991/7/4,28,0,0,0,
1991/6/27,28,-16,-36.36363636,0,
1991/6/20,44,-3,-6.382978723,0,
1991/6/13,47,1,2.173913043,1,
1991/6/6,46,4,9.523809524,1,
1991/5/30,42,4,10.52631579,1,
1991/5/23,38,-4,-9.523809524,0,
1991/5/16,42,4,10.52631579,1,
1991/5/9,38,-1,-2.564102564,0,
1991/5/2,39,-16,-29.09090909,0,
1991/4/25,55,16,41.02564103,1,
1991/4/18,39,-4,-9.302325581,0,
1991/4/11,43,-15,-25.86206897,0,
1991/4/4,58,11,23.40425532,1,
1991/3/28,47,5,11.9047619,1,
1991/3/21,42,-13,-23.63636364,0,
1991/3/14,55,5,10,1,
1991/3/7,50,0,0,0,
1991/2/28,50,-7,-12.28070175,0,
1991/2/21,57,11,23.91304348,1,
1991/2/14,46,10,27.77777778,1,
1991/2/7,36,7,24.13793103,1,
1991/1/31,29,4,16,1,
1991/1/24,25,3,13.63636364,1,
1991/1/17,22,0,0,0,
1991/1/10,22,-9,-29.03225806,0,
1991/1/3,31,1,3.333333333,1,
1990/12/27,30,14,87.5,1,
1990/12/20,16,-15,-48.38709677,0,
1990/12/13,31,5,19.23076923,1,
1990/12/6,26,4,18.18181818,1,
1990/11/29,22,6,37.5,1,
1990/11/22,16,4,33.33333333,1,
1990/11/15,12,-8,-40,0,
1990/11/8,20,0,0,0,
1990/11/1,20,-3,-13.04347826,0,
1990/10/25,23,10,76.92307692,1,
1990/10/18,13,-8,-38.0952381,0,
1990/10/11,21,6,40,1,
1990/10/4,15,-11,-42.30769231,0,
1990/9/27,26,13,100,1,
1990/9/20,13,-3,-18.75,0,
1990/9/13,16,-17,-51.51515152,0,
1990/9/6,33,10,43.47826087,1,
1990/8/30,23,-2,-8,0,
1990/8/23,25,7,38.88888889,1,
1990/8/16,18,-7,-28,0,
1990/8/9,25,-1,-3.846153846,0,
1990/8/2,26,-26,-50,0,
1990/7/26,52,12,30,1,
1990/7/19,40,0,0,0,
1990/7/12,40,12,42.85714286,1,
1990/7/5,28,-3,-9.677419355,0,
1990/6/28,31,-3,-8.823529412,0,
1990/6/21,34,-9,-20.93023256,0,
1990/6/14,43,8,22.85714286,1,
1990/6/7,35,-2,-5.405405405,0,
1990/5/31,37,-2,-5.128205128,0,
1990/5/24,39,2,5.405405405,1,
1990/5/17,37,9,32.14285714,1,
1990/5/10,28,8,40,1,
1990/5/3,20,-8,-28.57142857,0,
1990/4/26,28,-6,-17.64705882,0,
1990/4/19,34,7,25.92592593,1,
1990/4/12,27,-11,-28.94736842,0,
1990/4/5,38,4,11.76470588,1,
1990/3/29,34,-3,-8.108108108,0,
1990/3/22,37,12,48,1,
1990/3/15,25,3,13.63636364,1,
1990/3/8,22,1,4.761904762,1,
1990/3/1,21,-3,-12.5,0,
1990/2/22,24,1,4.347826087,1,
1990/2/15,23,4,21.05263158,1,
1990/2/8,19,4,26.66666667,1,
1990/2/1,15,-9,-37.5,0,
1990/1/25,24,-7,-22.58064516,0,
1990/1/18,31,-14,-31.11111111,0,
1990/1/11,45,5,12.5,1,
1990/1/4,40,5,14.28571429,1,
1989/12/28,35,-1,-2.777777778,0,
1989/12/21,36,-6,-14.28571429,0,
1989/12/14,42,11,35.48387097,1,
1989/12/7,31,3,10.71428571,1,
1989/11/30,28,1,3.703703704,1,
1989/11/23,27,3,12.5,1,
1989/11/16,24,-3,-11.11111111,0,
1989/11/9,27,-10,-27.02702703,0,
1989/11/2,37,1,2.777777778,1,
1989/10/26,36,-3,-7.692307692,0,
1989/10/19,39,11,39.28571429,1,
1989/10/12,28,4,16.66666667,1,
1989/10/5,24,-9,-27.27272727,0,
1989/9/28,33,9,37.5,1,
1989/9/21,24,-7,-22.58064516,0,
1989/9/14,31,1,3.333333333,1,
1989/9/7,30,-4,-11.76470588,0,
1989/8/31,34,-11,-24.44444444,0,
1989/8/24,45,10,28.57142857,1,
1989/8/17,35,-18,-33.96226415,0,
1989/8/10,53,18,51.42857143,1,
1989/8/3,35,-6,-14.63414634,0,
1989/7/27,41,9,28.125,1,
1989/7/20,32,10,45.45454545,1,
1989/7/13,22,-15,-40.54054054,0,
1989/7/6,37,-3,-7.5,0,
1989/6/29,40,7,21.21212121,1,
1989/6/22,33,1,3.125,1,
1989/6/15,32,-11,-25.58139535,0,
1989/6/8,43,1,2.380952381,1,
1989/6/1,42,-6,-12.5,0,
1989/5/25,48,5,11.62790698,1,
1989/5/18,43,5,13.15789474,1,
1989/5/11,38,8,26.66666667,1,
1989/5/4,30,-1,-3.225806452,0,
1989/4/27,31,10,47.61904762,1,
1989/4/20,21,-4,-16,0,
1989/4/13,25,2,8.695652174,1,
1989/4/6,23,5,27.77777778,1,
1989/3/30,18,-11,-37.93103448,0,
1989/3/23,29,1,3.571428571,1,
1989/3/16,28,15,115.3846154,1,
1989/3/9,13,-16,-55.17241379,0,
1989/3/2,29,0,0,0,
1989/2/23,29,-13,-30.95238095,0,
1989/2/16,42,-1,-2.325581395,0,
1989/2/9,43,10,30.3030303,1,
1989/2/2,33,1,3.125,1,
1989/1/26,32,-4,-11.11111111,0,
1989/1/19,36,0,0,0,
1989/1/12,36,10,38.46153846,1,
1989/1/5,26,2,8.333333333,1,
1988/12/29,24,2,9.090909091,1,
1988/12/22,22,-2,-8.333333333,0,
1988/12/15,24,7,41.17647059,1,
1988/12/8,17,-2,-10.52631579,0,
1988/12/1,19,2,11.76470588,1,
1988/11/24,17,-13,-43.33333333,0,
1988/11/17,30,7,30.43478261,1,
1988/11/10,23,-12,-34.28571429,0,
1988/11/3,35,-5,-12.5,0,
1988/10/27,40,14,53.84615385,1,
1988/10/20,26,4,18.18181818,1,
1988/10/13,22,9,69.23076923,1,
1988/10/6,13,-13,-50,0,
1988/9/29,26,6,30,1,
1988/9/22,20,-4,-16.66666667,0,
1988/9/15,24,7,41.17647059,1,
1988/9/8,17,-1,-5.555555556,0,
1988/9/1,18,-10,-35.71428571,0,
1988/8/25,28,9,47.36842105,1,
1988/8/18,19,-7,-26.92307692,0,
1988/8/11,26,5,23.80952381,1,
1988/8/4,21,-2,-8.695652174,0,
1988/7/28,23,7,43.75,1,
1988/7/21,16,-10,-38.46153846,0,
1988/7/14,26,-9,-25.71428571,0,
1988/7/7,35,-10,-22.22222222,0,
1988/6/30,45,12,36.36363636,1,
1988/6/23,33,4,13.79310345,1,
1988/6/16,29,1,3.571428571,1,
1988/6/9,28,2,7.692307692,1,
1988/6/2,26,-2,-7.142857143,0,
1988/5/26,28,5,21.73913043,1,
1988/5/19,23,4,21.05263158,1,
1988/5/12,19,-19,-50,0,
1988/5/5,38,16,72.72727273,1,
1988/4/28,22,-1,-4.347826087,0,
1988/4/21,23,0,0,0,
1988/4/14,23,-10,-30.3030303,0,
1988/4/7,33,-2,-5.714285714,0,
1988/3/31,35,-10,-22.22222222,0,
1988/3/24,45,4,9.756097561,1,
1988/3/17,41,-2,-4.651162791,0,
1988/3/10,43,5,13.15789474,1,
1988/3/3,38,8,26.66666667,1,
1988/2/25,30,3,11.11111111,1,
1988/2/18,27,-5,-15.625,0,
1988/2/11,32,0,0,0,
1988/2/4,32,6,23.07692308,1,
1988/1/28,26,5,23.80952381,1,
1988/1/21,21,-13,-38.23529412,0,
1988/1/14,34,0,0,0,
1988/1/7,34,9,36,1,
1987/12/31,25,-3,-10.71428571,0,
1987/12/24,28,-5,-15.15151515,0,
1987/12/17,33,10,43.47826087,1,
1987/12/10,23,-2,-8,0,
1987/12/3,25,-2,-7.407407407,0,
1987/11/26,27,-12,-30.76923077,0,
1987/11/19,39,8,25.80645161,1,
1987/11/12,31,-16,-34.04255319,0,
1987/11/5,47,3,6.818181818,1,
1987/10/29,44,5,12.82051282,1,
1987/10/22,39,2,5.405405405,1,
1987/10/15,37,-9,-19.56521739,0,
1987/10/8,46,2,4.545454545,1,
1987/10/1,44,-9,-16.98113208,0,
1987/9/24,53,-7,-11.66666667,0,
1987/9/17,60,10,20,1,
1987/9/10,50,8,19.04761905,1,
1987/9/3,42,-10,-19.23076923,0,
1987/8/27,52,-14,-21.21212121,0,
1987/8/20,66,21,46.66666667,1,
1987/8/13,45,-11,-19.64285714,0,
1987/8/6,56,30,115.3846154,1,
1987/7/30,26,-10,-27.77777778,0,
1987/7/23,36,,,1,
