Date,Price,YoY,PercentChange
2022-12-01,172.75,-12.70,-2.72%
2022-11-01,177.58,-6.73,-2.64%
2022-10-01,182.40,-0.28,-2.58%
2022-09-01,187.23,6.73,-0.89%
2022-08-01,188.91,11.21,-0.88%
2022-07-01,190.58,15.98,-0.87%
2022-06-01,192.26,21.10,-0.97%
2022-05-01,194.14,30.67,-0.96%
2022-04-01,196.03,41.65,-0.95%
2022-03-01,197.91,54.38,0.01%
2022-02-01,197.90,69.38,0.01%
2022-01-01,197.88,87.58,0.01%
2021-12-01,197.87,110.21,3.93%
2021-11-01,190.39,99.38,4.09%
2021-10-01,182.91,88.84,4.26%
2021-09-01,175.43,78.61,3.27%
2021-08-01,169.87,72.35,3.38%
2021-07-01,164.32,66.16,3.50%
2021-06-01,158.76,59.99,6.86%
2021-05-01,148.57,41.59,7.36%
2021-04-01,138.39,25.09,7.95%
2021-03-01,128.20,10.20,9.72%
2021-02-01,116.84,-5.80,10.76%
2021-01-01,105.49,-19.94,12.07%
2020-12-01,94.13,-32.51,-1.42%
2020-11-01,95.49,-30.44,-1.41%
2020-10-01,96.86,-28.30,-1.38%
2020-09-01,98.22,-26.09,-0.34%
2020-08-01,98.56,-26.28,-0.33%
2020-07-01,98.89,-26.46,-0.34%
2020-06-01,99.23,-26.64,-5.43%
2020-05-01,104.93,-22.26,-5.15%
2020-04-01,110.63,-17.86,-4.90%
2020-03-01,116.33,-13.44,-6.22%
2020-02-01,124.04,-7.24,-5.86%
2020-01-01,131.76,-0.98,-5.53%
2019-12-01,139.47,5.35,1.60%
2019-11-01,137.28,4.22,1.62%
2019-10-01,135.09,3.07,1.65%
2019-09-01,132.90,1.92,-0.59%
2019-08-01,133.69,4.65,-0.59%
2019-07-01,134.48,7.48,-0.58%
2019-06-01,135.27,10.44,0.21%
2019-05-01,134.98,12.36,0.22%
2019-04-01,134.68,14.34,0.22%
2019-03-01,134.39,16.42,0.50%
2019-02-01,133.72,17.72,0.50%
2019-01-01,133.06,19.09,0.51%
2018-12-01,132.39,20.49,0.51%
2018-11-01,131.72,20.90,0.50%
2018-10-01,131.06,21.34,0.51%
2018-09-01,130.39,21.77,2.07%
2018-08-01,127.75,20.45,2.10%
2018-07-01,125.12,19.12,2.16%
2018-06-01,122.48,17.75,1.96%
2018-05-01,120.13,16.88,1.99%
2018-04-01,117.79,16.01,2.04%
2018-03-01,115.44,15.11,1.63%
2018-02-01,113.59,15.46,1.66%
2018-01-01,111.73,15.83,1.68%
2017-12-01,109.88,16.21,0.85%
2017-11-01,108.95,17.49,0.87%
2017-10-01,108.01,18.81,0.87%
2017-09-01,107.08,20.19,0.96%
2017-08-01,106.06,20.02,0.97%
2017-07-01,105.04,19.85,0.98%
2017-06-01,104.02,19.67,1.21%
2017-05-01,102.78,18.46,1.23%
2017-04-01,101.53,17.24,1.24%
2017-03-01,100.29,16.02,1.94%
2017-02-01,98.38,13.77,1.99%
2017-01-01,96.46,11.51,2.02%
2016-12-01,94.55,9.27,1.96%
2016-11-01,92.73,5.48,2.00%
2016-10-01,90.91,1.83,2.04%
2016-09-01,89.09,-1.73,0.81%
2016-08-01,88.37,-4.03,0.83%
2016-07-01,87.64,-6.26,0.83%
2016-06-01,86.92,-8.42,0.18%
2016-05-01,86.76,-9.96,0.18%
2016-04-01,86.60,-11.45,0.19%
2016-03-01,86.44,-12.91,-0.03%
2016-02-01,86.47,-13.76,-0.03%
2016-01-01,86.50,-14.60,-0.03%
2015-12-01,86.53,-15.42,-1.57%
2015-11-01,87.91,-15.09,-1.53%
2015-10-01,89.28,-14.76,-1.52%
2015-09-01,90.66,-14.44,-1.54%
2015-08-01,92.08,-12.31,-1.51%
2015-07-01,93.49,-10.17,-1.50%
2015-06-01,94.91,-7.96,-1.50%
2015-05-01,96.36,-5.86,-1.47%
2015-04-01,97.80,-3.75,-1.46%
2015-03-01,99.25,-1.59,-1.02%
2015-02-01,100.27,-0.36,-1.01%
2015-01-01,101.29,0.87,-1.00%
2014-12-01,102.31,2.11,-1.18%
2014-11-01,103.53,5.36,-1.16%
2014-10-01,104.74,8.75,-1.15%
2014-09-01,105.96,12.28,0.90%
2014-08-01,105.01,12.64,0.90%
2014-07-01,104.07,13.01,0.92%
2014-06-01,103.12,13.38,0.74%
2014-05-01,102.36,13.90,0.74%
2014-04-01,101.61,14.45,0.75%
2014-03-01,100.85,14.99,0.22%
2014-02-01,100.63,15.27,0.21%
2014-01-01,100.42,15.54,0.22%
2013-12-01,100.20,15.82,1.97%
2013-11-01,98.26,13.58,2.02%
2013-10-01,96.31,11.34,2.06%
2013-09-01,94.37,9.10,1.22%
2013-08-01,93.23,7.20,1.24%
2013-07-01,92.09,5.31,1.25%
2013-06-01,90.95,3.45,1.20%
2013-05-01,89.87,1.97,1.23%
2013-04-01,88.78,0.51,1.23%
2013-03-01,87.70,-0.95,0.46%
2013-02-01,87.30,-0.81,0.45%
2013-01-01,86.91,-0.65,0.46%
2012-12-01,86.51,-0.51,0.00%
2012-11-01,86.51,-0.52,0.01%
2012-10-01,86.50,-0.54,0.00%
2012-09-01,86.50,-0.55,-0.54%
2012-08-01,86.97,1.20,-0.55%
2012-07-01,87.45,2.99,-0.53%
2012-06-01,87.92,4.83,-0.24%
2012-05-01,88.13,6.16,-0.23%
2012-04-01,88.33,7.51,-0.24%
2012-03-01,88.54,8.89,0.60%
2012-02-01,88.01,10.03,0.61%
2012-01-01,87.48,11.20,0.61%
2011-12-01,86.95,12.41,-0.01%
2011-11-01,86.96,15.15,-0.01%
2011-10-01,86.97,18.02,-0.01%
2011-09-01,86.98,21.04,1.21%
2011-08-01,85.94,22.30,1.21%
2011-07-01,84.91,23.61,1.24%
2011-06-01,83.87,24.99,1.02%
2011-05-01,83.02,27.64,1.05%
2011-04-01,82.16,30.43,1.05%
2011-03-01,81.31,33.45,1.65%
2011-02-01,79.99,38.85,1.68%
2011-01-01,78.67,44.91,1.71%
2010-12-01,77.35,51.76,2.42%
2010-11-01,75.52,97.90,2.48%
2010-10-01,73.69,190.69,2.55%
2010-09-01,71.86,473.05,2.26%
2010-08-01,70.27,547.05,2.30%
2010-07-01,68.69,647.44,2.37%
2010-06-01,67.10,793.48,3.17%
2010-05-01,65.04,792.18,3.25%
2010-04-01,62.99,789.69,3.38%
2010-03-01,60.93,788.19,5.76%
2010-02-01,57.61,504.51,6.12%
2010-01-01,54.29,344.64,6.51%
2009-12-01,50.97,242.54,33.57%
2009-11-01,38.16,51.19,50.53%
2009-10-01,25.35,-28.77,102.15%
2009-09-01,12.54,-72.71,15.47%
2009-08-01,10.86,-77.26,18.17%
2009-07-01,9.19,-81.46,22.37%
2009-06-01,7.51,-85.38,3.02%
2009-05-01,7.29,-86.59,2.97%
2009-04-01,7.08,-87.66,3.21%
2009-03-01,6.86,-88.64,-28.02%
2009-02-01,9.53,-84.71,-21.95%
2009-01-01,12.21,-81.00,-17.94%
2008-12-01,14.88,-77.52,-41.05%
2008-11-01,25.24,-64.11,-29.08%
2008-10-01,35.59,-52.20,-22.55%
2008-09-01,45.95,-41.54,-3.79%
2008-08-01,47.76,-40.83,-3.63%
2008-07-01,49.56,-40.15,-3.52%
2008-06-01,51.37,-39.51,-5.54%
2008-05-01,54.38,-35.52,-5.23%
2008-04-01,57.38,-31.48,-4.98%
2008-03-01,60.39,-27.37,-3.10%
2008-02-01,62.32,-24.55,-3.00%
2008-01-01,64.25,-21.70,-2.92%
2007-12-01,66.18,-18.81,-5.89%
2007-11-01,70.32,-12.68,-5.56%
2007-10-01,74.46,-6.40,-5.27%
2007-09-01,78.60,0.04,-2.61%
2007-08-01,80.71,4.53,-2.54%
2007-07-01,82.81,9.18,-2.48%
2007-06-01,84.92,14.00,0.70%
2007-05-01,84.33,14.14,0.70%
2007-04-01,83.74,14.27,0.71%
2007-03-01,83.15,14.42,0.67%
2007-02-01,82.60,15.17,0.66%
2007-01-01,82.06,15.94,0.67%
2006-12-01,81.51,16.73,1.22%
2006-11-01,80.53,17.20,1.23%
2006-10-01,79.55,17.69,1.25%
2006-09-01,78.57,18.20,1.76%
2006-08-01,77.21,18.06,1.79%
2006-07-01,75.85,17.91,1.83%
2006-06-01,74.49,17.75,0.83%
2006-05-01,73.88,18.68,0.82%
2006-04-01,73.28,19.68,0.84%
2006-03-01,72.67,20.67,1.32%
2006-02-01,71.72,20.21,1.33%
2006-01-01,70.78,19.74,1.36%
2005-12-01,69.83,19.27,1.63%
2005-11-01,68.71,17.88,1.66%
2005-10-01,67.59,16.47,1.68%
2005-09-01,66.47,15.06,1.64%
2005-08-01,65.40,14.28,1.66%
2005-07-01,64.33,13.48,1.69%
2005-06-01,63.26,12.66,1.62%
2005-05-01,62.25,13.66,1.67%
2005-04-01,61.23,14.71,1.68%
2005-03-01,60.22,15.81,0.94%
2005-02-01,59.66,17.19,0.93%
2005-01-01,59.11,18.62,0.96%
2004-12-01,58.55,20.13,0.45%
2004-11-01,58.29,28.53,0.45%
2004-10-01,58.03,38.27,0.45%
2004-09-01,57.77,49.74,0.94%
2004-08-01,57.23,53.68,0.95%
2004-07-01,56.69,57.95,0.96%
2004-06-01,56.15,62.52,2.52%
2004-05-01,54.77,65.27,2.60%
2004-04-01,53.38,68.23,2.65%
2004-03-01,52.00,71.50,2.14%
2004-02-01,50.91,73.10,2.17%
2004-01-01,49.83,74.84,2.24%
2003-12-01,48.74,76.66,7.48%
2003-11-01,45.35,59.63,8.05%
2003-10-01,41.97,43.63,8.79%
2003-09-01,38.58,28.43,3.60%
2003-08-01,37.24,28.68,3.76%
2003-07-01,35.89,28.92,3.88%
2003-06-01,34.55,29.21,4.25%
2003-05-01,33.14,27.17,4.44%
2003-04-01,31.73,25.02,4.65%
2003-03-01,30.32,22.75,3.09%
2003-02-01,29.41,19.07,3.19%
2003-01-01,28.50,15.43,3.30%
2002-12-01,27.59,11.75,-2.89%
2002-11-01,28.41,9.69,-2.77%
2002-10-01,29.22,7.82,-2.73%
2002-09-01,30.04,6.11,3.80%
2002-08-01,28.94,-7.06,3.95%
2002-07-01,27.84,-18.02,4.11%
2002-06-01,26.74,-27.32,2.61%
2002-05-01,26.06,-34.31,2.68%
2002-04-01,25.38,-40.37,2.75%
2002-03-01,24.70,-45.64,0.00%
2002-02-01,24.70,-47.40,0.04%
2002-01-01,24.69,-49.07,0.00%
2001-12-01,24.69,-50.62,-4.67%
2001-11-01,25.90,-49.44,-4.43%
2001-10-01,27.10,-48.35,-4.27%
2001-09-01,28.31,-47.28,-9.09%
2001-08-01,31.14,-41.37,-8.30%
2001-07-01,33.96,-35.33,-7.69%
2001-06-01,36.79,-29.14,-7.26%
2001-05-01,39.67,-23.12,-6.79%
2001-04-01,42.56,-16.99,-6.34%
2001-03-01,45.44,-10.81,-3.24%
2001-02-01,46.96,-6.12,-3.14%
2001-01-01,48.48,-1.26,-3.04%
2000-12-01,50.00,3.80,-2.40%
2000-11-01,51.23,9.54,-2.36%
2000-10-01,52.47,15.67,-2.29%
2000-09-01,53.70,22.16,1.11%
2000-08-01,53.11,23.57,1.14%
2000-07-01,52.51,25.02,1.14%
2000-06-01,51.92,26.57,0.62%
2000-05-01,51.60,28.55,0.64%
2000-04-01,51.27,30.59,0.63%
2000-03-01,50.95,32.75,1.86%
2000-02-01,50.02,31.08,1.87%
2000-01-01,49.10,29.45,1.93%
1999-12-01,48.17,27.74,2.99%
1999-11-01,46.77,23.60,3.11%
1999-10-01,45.36,19.49,3.18%
1999-09-01,43.96,15.41,2.28%
1999-08-01,42.98,11.99,2.33%
1999-07-01,42.00,8.58,2.39%
1999-06-01,41.02,5.26,2.19%
1999-05-01,40.14,2.50,2.24%
1999-04-01,39.26,-0.23,2.29%
1999-03-01,38.38,-2.93,0.58%
1999-02-01,38.16,-3.64,0.61%
1999-01-01,37.93,-4.36,0.58%
1998-12-01,37.71,-5.06,-0.34%
1998-11-01,37.84,-5.47,-0.32%
1998-10-01,37.96,-5.88,-0.34%
1998-09-01,38.09,-6.27,-0.76%
1998-08-01,38.38,-5.49,-0.78%
1998-07-01,38.68,-4.68,-0.74%
1998-06-01,38.97,-3.90,-0.49%
1998-05-01,39.16,-3.19,-0.48%
1998-04-01,39.35,-2.45,-0.48%
1998-03-01,39.54,-1.74,-0.15%
1998-02-01,39.60,-0.35,-0.15%
1998-01-01,39.66,1.10,-0.15%
1997-12-01,39.72,2.56,-0.77%
1997-11-01,40.03,5.84,-0.74%
1997-10-01,40.33,9.27,-0.76%
1997-09-01,40.64,12.89,0.07%
1997-08-01,40.61,13.95,0.07%
1997-07-01,40.58,15.06,0.07%
1997-06-01,40.55,16.16,0.25%
1997-05-01,40.45,16.84,0.27%
1997-04-01,40.34,17.51,0.25%
1997-03-01,40.24,18.21,1.26%
1997-02-01,39.74,16.85,1.30%
1997-01-01,39.23,15.42,1.29%
1996-12-01,38.73,14.05,2.41%
1996-11-01,37.82,10.04,2.47%
1996-10-01,36.91,6.15,2.53%
1996-09-01,36.00,2.33,1.01%
1996-08-01,35.64,2.03,1.05%
1996-07-01,35.27,1.70,1.03%
1996-06-01,34.91,1.39,0.84%
1996-05-01,34.62,2.43,0.84%
1996-04-01,34.33,3.47,0.85%
1996-03-01,34.04,4.58,0.09%
1996-02-01,34.01,6.61,0.06%
1996-01-01,33.99,8.77,0.09%
1995-12-01,33.96,10.98,-1.19%
1995-11-01,34.37,16.47,-1.15%
1995-10-01,34.77,22.34,-1.17%
1995-09-01,35.18,28.72,0.72%
1995-08-01,34.93,31.22,0.72%
1995-07-01,34.68,33.85,0.73%
1995-06-01,34.43,36.63,1.86%
1995-05-01,33.80,38.70,1.87%
1995-04-01,33.18,40.95,1.94%
1995-03-01,32.55,43.33,2.04%
1995-02-01,31.90,42.22,2.08%
1995-01-01,31.25,41.02,2.12%
1994-12-01,30.60,39.79,3.69%
1994-11-01,29.51,37.96,3.84%
1994-10-01,28.42,35.98,3.99%
1994-09-01,27.33,33.90,2.67%
1994-08-01,26.62,32.77,2.74%
1994-07-01,25.91,31.59,2.82%
1994-06-01,25.20,30.37,3.41%
1994-05-01,24.37,24.97,3.53%
1994-04-01,23.54,19.67,3.65%
1994-03-01,22.71,14.47,1.25%
1994-02-01,22.43,14.50,1.22%
1994-01-01,22.16,14.58,1.23%
1993-12-01,21.89,14.67,2.34%
1993-11-01,21.39,14.14,2.34%
1993-10-01,20.90,13.65,2.40%
1993-09-01,20.41,13.14,1.80%
1993-08-01,20.05,13.21,1.83%
1993-07-01,19.69,13.29,1.86%
1993-06-01,19.33,13.37,-0.87%
1993-05-01,19.50,16.28,-0.86%
1993-04-01,19.67,19.36,-0.86%
1993-03-01,19.84,22.54,1.28%
1993-02-01,19.59,21.53,1.29%
1993-01-01,19.34,20.50,1.31%
1992-12-01,19.09,19.54,1.87%
1992-11-01,18.74,12.96,1.90%
1992-10-01,18.39,6.92,1.94%
1992-09-01,18.04,1.23,1.86%
1992-08-01,17.71,-3.38,1.90%
1992-07-01,17.38,-7.75,1.94%
1992-06-01,17.05,-12.16,1.67%
1992-05-01,16.77,-15.56,1.76%
1992-04-01,16.48,-19.06,1.79%
1992-03-01,16.19,-22.68,0.43%
1992-02-01,16.12,-23.35,0.44%
1992-01-01,16.05,-24.22,0.50%
1991-12-01,15.97,-25.16,-3.74%
1991-11-01,16.59,-22.73,-3.55%
1991-10-01,17.20,-20.41,-3.48%
1991-09-01,17.82,-18.03,-2.78%
1991-08-01,18.33,-15.06,-2.71%
1991-07-01,18.84,-12.04,-2.94%
1991-06-01,19.41,-8.70,-2.27%
1991-05-01,19.86,-7.20,-2.46%
1991-04-01,20.36,-5.43,-2.77%
1991-03-01,20.94,-3.37,-0.43%
1991-02-01,21.03,-4.76,-0.71%
1991-01-01,21.18,-5.82,-0.75%
1990-12-01,21.34,-6.69,-0.61%
1990-11-01,21.47,-7.30,-0.65%
1990-10-01,21.61,-7.77,-0.60%
1990-09-01,21.74,-8.23,0.74%
1990-08-01,21.58,-10.83,0.75%
1990-07-01,21.42,-13.31,0.75%
1990-06-01,21.26,-15.70,-0.65%
1990-05-01,21.40,-14.84,-0.60%
1990-04-01,21.53,-14.05,-0.65%
1990-03-01,21.67,-13.18,-1.86%
1990-02-01,22.08,-10.10,-1.82%
1990-01-01,22.49,-6.91,-1.66%
1989-12-01,22.87,-3.71,-1.25%
1989-11-01,23.16,-1.11,-1.15%
1989-10-01,23.43,1.56,-1.10%
1989-09-01,23.69,4.22,-2.11%
1989-08-01,24.20,8.13,-2.06%
1989-07-01,24.71,12.22,-2.02%
1989-06-01,25.22,16.38,0.36%
1989-05-01,25.13,21.75,0.32%
1989-04-01,25.05,27.68,0.36%
1989-03-01,24.96,34.27,1.63%
1989-02-01,24.56,34.72,1.66%
1989-01-01,24.16,35.27,1.73%
1988-12-01,23.75,35.71,1.41%
1988-11-01,23.42,38.17,1.52%
1988-10-01,23.07,40.59,1.50%
1988-09-01,22.73,43.32,1.56%
1988-08-01,22.38,45.51,1.63%
1988-07-01,22.02,47.79,1.62%
1988-06-01,21.67,50.28,4.99%
1988-05-01,20.64,40.89,5.20%
1988-04-01,19.62,31.94,5.54%
1988-03-01,18.59,23.11,1.97%
1988-02-01,18.23,22.43,2.07%
1988-01-01,17.86,21.58,2.06%
1987-12-01,17.50,20.86,3.24%
1987-11-01,16.95,16.10,3.29%
1987-10-01,16.41,11.41,3.47%
1987-09-01,15.86,6.80,3.12%
1987-08-01,15.38,3.92,3.22%
1987-07-01,14.90,0.95,3.33%
1987-06-01,14.42,-1.97,-1.57%
1987-05-01,14.65,0.00,-1.48%
1987-04-01,14.87,1.99,-1.52%
1987-03-01,15.10,3.99,1.41%
1987-02-01,14.89,2.34,1.36%
1987-01-01,14.69,0.75,1.45%
1986-12-01,14.48,-0.89,-0.82%
1986-11-01,14.60,-1.48,-0.88%
1986-10-01,14.73,-1.93,-0.81%
1986-09-01,14.85,-2.50,0.34%
1986-08-01,14.80,-3.65,0.27%
1986-07-01,14.76,-4.65,0.34%
1986-06-01,14.71,-5.77,0.41%
1986-05-01,14.65,-7.69,0.48%
1986-04-01,14.58,-9.61,0.41%
1986-03-01,14.52,-11.41,-0.21%
1986-02-01,14.55,-11.66,-0.21%
1986-01-01,14.58,-11.96,-0.21%
1985-12-01,14.61,-12.20,-1.42%
1985-11-01,14.82,-10.78,-1.33%
1985-10-01,15.02,-9.46,-1.38%
1985-09-01,15.23,-8.03,-0.85%
1985-08-01,15.36,-6.57,-0.78%
1985-07-01,15.48,-5.15,-0.83%
1985-06-01,15.61,-3.64,-1.64%
1985-05-01,15.87,-0.13,-1.61%
1985-04-01,16.13,3.60,-1.59%
1985-03-01,16.39,7.40,-0.49%
1985-02-01,16.47,10.91,-0.54%
1985-01-01,16.56,14.68,-0.48%
1984-12-01,16.64,18.60,0.18%
1984-11-01,16.61,20.45,0.12%
1984-10-01,16.59,22.53,0.18%
1984-09-01,16.56,24.51,0.73%
1984-08-01,16.44,25.88,0.74%
1984-07-01,16.32,27.20,0.74%
1984-06-01,16.20,28.67,1.95%
1984-05-01,15.89,26.82,2.06%
1984-04-01,15.57,24.76,2.03%
1984-03-01,15.26,22.87,2.76%
1984-02-01,14.85,18.90,2.84%
1984-01-01,14.44,14.88,2.92%
1983-12-01,14.03,11.00,1.74%
1983-11-01,13.79,6.49,1.85%
1983-10-01,13.54,2.19,1.80%
1983-09-01,13.30,-1.92,1.84%
1983-08-01,13.06,-5.09,1.79%
1983-07-01,12.83,-8.16,1.91%
1983-06-01,12.59,-11.15,0.48%
1983-05-01,12.53,-12.87,0.40%
1983-04-01,12.48,-14.52,0.48%
1983-03-01,12.42,-16.14,-0.56%
1983-02-01,12.49,-16.68,-0.64%
1983-01-01,12.57,-17.19,-0.55%
1982-12-01,12.64,-17.71,-2.39%
1982-11-01,12.95,-15.53,-2.26%
1982-10-01,13.25,-13.40,-2.29%
1982-09-01,13.56,-11.20,-1.45%
1982-08-01,13.76,-9.35,-1.50%
1982-07-01,13.97,-7.48,-1.41%
1982-06-01,14.17,-5.60,-1.46%
1982-05-01,14.38,-3.30,-1.51%
1982-04-01,14.60,-0.82,-1.42%
1982-03-01,14.81,1.58,-1.20%
1982-02-01,14.99,2.25,-1.25%
1982-01-01,15.18,2.99,-1.17%
1981-12-01,15.36,3.64,0.20%
1981-11-01,15.33,3.86,0.20%
1981-10-01,15.30,4.08,0.20%
1981-09-01,15.27,4.30,0.59%
1981-08-01,15.18,2.99,0.53%
1981-07-01,15.10,1.75,0.60%
1981-06-01,15.01,0.47,0.94%
1981-05-01,14.87,-1.26,1.02%
1981-04-01,14.72,-2.97,0.96%
1981-03-01,14.58,-4.64,-0.55%
1981-02-01,14.66,-3.23,-0.54%
1981-01-01,14.74,-1.73,-0.54%
1980-12-01,14.82,-0.27,0.41%
1980-11-01,14.76,-0.14,0.41%
1980-10-01,14.70,-0.07,0.41%
1980-09-01,14.64,1.60,-0.68%
1980-08-01,14.74,3.80,-0.67%
1980-07-01,14.84,6.15,-0.67%
1980-06-01,14.94,6.87,-0.80%
1980-05-01,15.06,9.53,-0.73%
1980-04-01,15.17,12.12,-0.78%
1980-03-01,15.29,14.96,0.92%
1980-02-01,15.15,16.72,1.00%
1980-01-01,15.00,18.58,0.94%
1979-12-01,14.86,20.52,0.54%
1979-11-01,14.78,22.35,0.48%
1979-10-01,14.71,24.45,0.55%
1979-09-01,14.63,26.45,1.53%
1979-08-01,14.41,25.74,1.48%
1979-07-01,14.20,25.22,1.57%
1979-06-01,13.98,24.49,1.67%
1979-05-01,13.75,23.54,1.63%
1979-04-01,13.53,22.78,1.73%
1979-03-01,13.30,21.79,2.47%
1979-02-01,12.98,18.97,2.61%
1979-01-01,12.65,16.06,2.60%
1978-12-01,12.33,13.22,2.07%
1978-11-01,12.08,11.54,2.20%
1978-10-01,11.82,9.75,2.16%
1978-09-01,11.57,8.03,0.96%
1978-08-01,11.46,8.01,1.06%
1978-07-01,11.34,7.79,0.98%
1978-06-01,11.23,7.77,0.90%
1978-05-01,11.13,7.95,1.00%
1978-04-01,11.02,8.15,0.92%
1978-03-01,10.92,8.33,0.09%
1978-02-01,10.91,8.88,0.09%
1978-01-01,10.90,9.33,0.09%
1977-12-01,10.89,9.89,0.55%
1977-11-01,10.83,10.62,0.56%
1977-10-01,10.77,11.38,0.56%
1977-09-01,10.71,12.15,0.94%
1977-08-01,10.61,12.28,0.86%
1977-07-01,10.52,12.51,0.96%
1977-06-01,10.42,12.65,1.07%
1977-05-01,10.31,13.92,1.18%
1977-04-01,10.19,15.01,1.09%
1977-03-01,10.08,16.40,0.60%
1977-02-01,10.02,18.86,0.50%
1977-01-01,9.97,21.73,0.61%
1976-12-01,9.91,24.50,1.23%
1976-11-01,9.79,24.08,1.24%
1976-10-01,9.67,23.50,1.26%
1976-09-01,9.55,21.97,1.06%
1976-08-01,9.45,19.77,1.07%
1976-07-01,9.35,17.46,1.08%
1976-06-01,9.25,13.92,2.21%
1976-05-01,9.05,9.17,2.14%
1976-04-01,8.86,4.85,2.31%
1976-03-01,8.66,2.49,2.73%
1976-02-01,8.43,-1.98,2.93%
1976-01-01,8.19,-6.29,2.89%
1975-12-01,7.96,-10.46,0.89%
1975-11-01,7.89,-11.94,0.77%
1975-10-01,7.83,-13.38,0.90%
1975-09-01,7.76,-14.82,-0.89%
1975-08-01,7.83,-12.90,-0.76%
1975-07-01,7.89,-10.95,-0.88%
1975-06-01,7.96,-8.92,-1.97%
1975-05-01,8.12,-5.69,-2.05%
1975-04-01,8.29,-2.36,-1.89%
1975-03-01,8.45,1.08,-1.74%
1975-02-01,8.60,3.74,-1.60%
1975-01-01,8.74,6.20,-1.69%
1974-12-01,8.89,8.95,-0.78%
1974-11-01,8.96,12.00,-0.88%
1974-10-01,9.04,15.16,-0.77%
1974-09-01,9.11,18.47,1.33%
1974-08-01,8.99,19.23,1.47%
1974-07-01,8.86,20.05,1.37%
1974-06-01,8.74,20.89,1.51%
1974-05-01,8.61,21.44,1.41%
1974-04-01,8.49,22.33,1.56%
1974-03-01,8.36,22.94,0.84%
1974-02-01,8.29,24.29,0.73%
1974-01-01,8.23,25.65,0.86%
1973-12-01,8.16,27.10,2.00%
1973-11-01,8.00,26.38,1.91%
1973-10-01,7.85,26.00,2.08%
1973-09-01,7.69,25.24,1.99%
1973-08-01,7.54,24.01,2.17%
1973-07-01,7.38,22.39,2.07%
1973-06-01,7.23,21.11,1.97%
1973-05-01,7.09,19.76,2.16%
1973-04-01,6.94,18.43,2.06%
1973-03-01,6.80,17.04,1.95%
1973-02-01,6.67,15.60,1.83%
1973-01-01,6.55,14.11,2.02%
1972-12-01,6.42,12.63,1.42%
1972-11-01,6.33,12.83,1.61%
1972-10-01,6.23,12.86,1.47%
1972-09-01,6.14,13.08,0.99%
1972-08-01,6.08,12.80,0.83%
1972-07-01,6.03,12.50,1.01%
1972-06-01,5.97,12.22,0.84%
1972-05-01,5.92,11.91,1.02%
1972-04-01,5.86,11.62,0.86%
1972-03-01,5.81,11.30,0.69%
1972-02-01,5.77,11.18,0.52%
1972-01-01,5.74,11.24,0.70%
1971-12-01,5.70,11.11,1.60%
1971-11-01,5.61,7.68,1.63%
1971-10-01,5.52,4.55,1.66%
1971-09-01,5.43,1.31,0.74%
1971-08-01,5.39,-0.37,0.56%
1971-07-01,5.36,-2.01,0.75%
1971-06-01,5.32,-3.62,0.57%
1971-05-01,5.29,-4.86,0.76%
1971-04-01,5.25,-6.08,0.57%
1971-03-01,5.22,-7.28,0.58%
1971-02-01,5.19,-8.63,0.58%
1971-01-01,5.16,-9.95,0.58%
1970-12-01,5.13,-11.25,-1.54%
1970-11-01,5.21,-10.48,-1.33%
1970-10-01,5.28,-9.74,-1.49%
1970-09-01,5.36,-9.00,-0.92%
1970-08-01,5.41,-7.84,-1.10%
1970-07-01,5.47,-6.66,-0.91%
1970-06-01,5.52,-5.48,-0.72%
1970-05-01,5.56,-4.63,-0.54%
1970-04-01,5.59,-4.12,-0.71%
1970-03-01,5.63,-3.26,-0.88%
1970-02-01,5.68,-2.07,-0.87%
1970-01-01,5.73,-0.87,-0.87%
1969-12-01,5.78,0.35,-0.69%
1969-11-01,5.82,1.57,-0.51%
1969-10-01,5.85,2.81,-0.68%
1969-09-01,5.89,4.06,0.34%
1969-08-01,5.87,4.26,0.17%
1969-07-01,5.86,4.64,0.34%
1969-06-01,5.84,4.85,0.17%
1969-05-01,5.83,5.42,0.00%
1969-04-01,5.83,6.39,0.17%
1969-03-01,5.82,6.99,0.34%
1969-02-01,5.80,7.41,0.35%
1969-01-01,5.78,7.64,0.35%
1968-12-01,5.76,8.07,0.52%
1968-11-01,5.73,7.71,0.70%
1968-10-01,5.69,7.16,0.53%
1968-09-01,5.66,6.79,0.53%
1968-08-01,5.63,6.03,0.54%
1968-07-01,5.60,5.26,0.54%
1968-06-01,5.57,4.50,0.72%
1968-05-01,5.53,2.98,0.91%
1968-04-01,5.48,1.29,0.74%
1968-03-01,5.44,-0.18,0.74%
1968-02-01,5.40,-1.46,0.56%
1968-01-01,5.37,-2.72,0.75%
1967-12-01,5.33,-3.96,0.19%
1967-11-01,5.32,-3.97,0.19%
1967-10-01,5.31,-3.80,0.19%
1967-09-01,5.30,-3.81,-0.19%
1967-08-01,5.31,-3.28,-0.19%
1967-07-01,5.32,-2.92,-0.19%
1967-06-01,5.33,-2.38,-0.74%
1967-05-01,5.37,-0.92,-0.74%
1967-04-01,5.41,0.56,-0.73%
1967-03-01,5.45,2.06,-0.55%
1967-02-01,5.48,3.59,-0.72%
1967-01-01,5.52,5.34,-0.54%
1966-12-01,5.55,6.94,0.18%
1966-11-01,5.54,8.20,0.36%
1966-10-01,5.52,9.31,0.18%
1966-09-01,5.51,10.64,0.36%
1966-08-01,5.49,11.36,0.18%
1966-07-01,5.48,12.07,0.37%
1966-06-01,5.46,12.81,0.74%
1966-05-01,5.42,13.15,0.74%
1966-04-01,5.38,13.74,0.75%
1966-03-01,5.34,14.10,0.95%
1966-02-01,5.29,14.01,0.95%
1966-01-01,5.24,14.16,0.96%
1965-12-01,5.19,14.07,1.37%
1965-11-01,5.12,13.27,1.39%
1965-10-01,5.05,12.22,1.41%
1965-09-01,4.98,11.41,1.01%
1965-08-01,4.93,11.54,0.82%
1965-07-01,4.89,11.64,1.03%
1965-06-01,4.84,11.78,1.04%
1965-05-01,4.79,11.92,1.27%
1965-04-01,4.73,11.82,1.07%
1965-03-01,4.68,11.96,0.86%
1965-02-01,4.64,12.35,1.09%
1965-01-01,4.59,12.78,0.88%
1964-12-01,4.55,13.18,0.66%
1964-11-01,4.52,13.00,0.44%
1964-10-01,4.50,13.07,0.67%
1964-09-01,4.47,12.88,1.13%
1964-08-01,4.42,12.76,0.91%
1964-07-01,4.38,12.89,1.15%
1964-06-01,4.33,12.76,1.17%
1964-05-01,4.28,12.63,1.18%
1964-04-01,4.23,12.80,1.20%
1964-03-01,4.18,12.67,1.21%
1964-02-01,4.13,11.62,1.47%
1964-01-01,4.07,10.60,1.24%
1963-12-01,4.02,9.54,0.50%
1963-11-01,4.00,10.50,0.50%
1963-10-01,3.98,11.17,0.51%
1963-09-01,3.96,12.18,1.02%
1963-08-01,3.92,11.68,1.03%
1963-07-01,3.88,11.17,1.04%
1963-06-01,3.84,10.66,1.05%
1963-05-01,3.80,10.47,1.33%
1963-04-01,3.75,10.29,1.08%
1963-03-01,3.71,10.09,0.27%
1963-02-01,3.70,11.78,0.54%
1963-01-01,3.68,13.23,0.27%
1962-12-01,3.67,15.05,1.38%
1962-11-01,3.62,15.29,1.12%
1962-10-01,3.58,15.48,1.42%
1962-09-01,3.53,16.12,0.57%
1962-08-01,3.51,15.46,0.57%
1962-07-01,3.49,15.18,0.58%
1962-06-01,3.47,13.77,0.87%
1962-05-01,3.44,12.79,1.18%
1962-04-01,3.40,10.75,0.89%
1962-03-01,3.37,9.06,1.81%
1962-02-01,3.31,5.08,1.85%
1962-01-01,3.25,1.25,1.88%
1961-12-01,3.19,-2.45,1.59%
1961-11-01,3.14,-3.98,1.29%
1961-10-01,3.10,-5.20,1.64%
1961-09-01,3.05,-6.73,0.33%
1961-08-01,3.04,-7.03,0.00%
1961-07-01,3.04,-6.75,0.33%
1961-06-01,3.03,-7.06,-0.66%
1961-05-01,3.05,-7.58,-0.65%
1961-04-01,3.07,-8.36,-0.65%
1961-03-01,3.09,-8.85,-1.90%
1961-02-01,3.15,-7.08,-1.87%
1961-01-01,3.21,-5.31,-1.83%
1960-12-01,3.27,-3.54,0.00%
1960-11-01,3.27,-3.82,0.00%
1960-10-01,3.27,-4.39,0.00%
1960-09-01,3.27,-4.66,0.00%
1960-08-01,3.27,-4.39,0.31%
1960-07-01,3.26,-4.40,0.00%
1960-06-01,3.26,-4.12,-1.21%
1960-05-01,3.30,2.80,-1.49%
1960-04-01,3.35,7.72,-1.18%
1960-03-01,3.39,9.00,0.00%
1960-02-01,3.39,11.51,0.00%
1960-01-01,3.39,14.53,0.00%
1959-12-01,3.39,17.30,-0.29%
1959-11-01,3.40,17.65,-0.58%
1959-10-01,3.42,18.75,-0.29%
1959-09-01,3.43,19.10,0.29%
1959-08-01,3.42,17.93,0.29%
1959-07-01,3.41,17.18,0.29%
1959-06-01,3.40,16.04,3.03%
1959-05-01,3.30,10.00,2.80%
1959-04-01,3.21,4.56,3.22%
1959-03-01,3.11,-0.96,2.30%
1959-02-01,3.04,-5.59,2.70%
1959-01-01,2.96,-10.03,2.42%
1958-12-01,2.89,-14.24,0.00%
1958-11-01,2.89,-15.00,0.35%
1958-10-01,2.88,-16.28,0.00%
1958-09-01,2.88,-17.00,-0.69%
1958-08-01,2.90,-15.94,-0.34%
1958-07-01,2.91,-15.41,-0.68%
1958-06-01,2.93,-14.33,-2.33%
1958-05-01,3.00,-12.02,-2.28%
1958-04-01,3.07,-9.97,-2.23%
1958-03-01,3.14,-7.65,-2.48%
1958-02-01,3.22,-5.29,-2.13%
1958-01-01,3.29,-3.52,-2.37%
1957-12-01,3.37,-1.17,-0.88%
1957-11-01,3.40,-0.87,-1.16%
1957-10-01,3.44,0.00,-0.86%
1957-09-01,3.47,0.29,0.58%
1957-08-01,3.45,-1.71,0.29%
1957-07-01,3.44,-3.10,0.58%
1957-06-01,3.42,-5.00,0.29%
1957-05-01,3.41,-6.06,0.00%
1957-04-01,3.41,-6.83,0.29%
1957-03-01,3.40,-7.86,0.00%
1957-02-01,3.40,-7.36,-0.29%
1957-01-01,3.41,-6.32,0.00%
1956-12-01,3.41,-5.80,-0.58%
1956-11-01,3.43,-3.65,-0.29%
1956-10-01,3.44,-1.71,-0.58%
1956-09-01,3.46,0.58,-1.42%
1956-08-01,3.51,4.15,-1.13%
1956-07-01,3.55,7.90,-1.39%
1956-06-01,3.60,11.80,-0.83%
1956-05-01,3.63,15.97,-0.82%
1956-04-01,3.66,20.00,-0.81%
1956-03-01,3.69,24.66,0.54%
1956-02-01,3.67,26.55,0.82%
1956-01-01,3.64,28.62,0.55%
1955-12-01,3.62,30.69,1.69%
1955-11-01,3.56,30.88,1.71%
1955-10-01,3.50,33.08,1.74%
1955-09-01,3.44,30.80,2.08%
1955-08-01,3.37,28.14,2.43%
1955-07-01,3.29,25.57,2.17%
1955-06-01,3.22,22.90,2.88%
1955-05-01,3.13,20.38,2.62%
1955-04-01,3.05,18.68,3.04%
1955-03-01,2.96,16.08,2.07%
1955-02-01,2.90,14.17,2.47%
1955-01-01,2.83,12.30,2.17%
1954-12-01,2.77,10.36,1.84%
1954-11-01,2.72,7.94,1.49%
1954-10-01,2.68,5.51,1.90%
1954-09-01,2.63,3.14,0.00%
1954-08-01,2.63,3.54,0.38%
1954-07-01,2.62,3.97,0.00%
1954-06-01,2.62,4.38,0.77%
1954-05-01,2.60,4.84,1.17%
1954-04-01,2.57,4.47,0.78%
1954-03-01,2.55,4.94,0.39%
1954-02-01,2.54,4.96,0.79%
1954-01-01,2.52,4.56,0.40%
1953-12-01,2.51,4.58,-0.40%
1953-11-01,2.52,5.44,-0.79%
1953-10-01,2.54,7.17,-0.39%
1953-09-01,2.55,8.05,0.39%
1953-08-01,2.54,8.09,0.79%
1953-07-01,2.52,7.23,0.40%
1953-06-01,2.51,7.26,1.21%
1953-05-01,2.48,5.08,0.81%
1953-04-01,2.46,3.36,1.23%
1953-03-01,2.43,0.83,0.41%
1953-02-01,2.42,0.41,0.41%
1953-01-01,2.41,-0.82,0.42%
1952-12-01,2.40,-1.64,0.42%
1952-11-01,2.39,-2.85,0.84%
1952-10-01,2.37,-4.82,0.42%
1952-09-01,2.36,-5.98,0.43%
1952-08-01,2.35,-8.91,0.00%
1952-07-01,2.35,-11.32,0.43%
1952-06-01,2.34,-13.97,-0.85%
1952-05-01,2.36,-14.49,-0.84%
1952-04-01,2.38,-14.70,-0.83%
1952-03-01,2.40,-15.19,-0.41%
1952-02-01,2.41,-14.84,-0.82%
1952-01-01,2.43,-14.44,-0.41%
1951-12-01,2.44,-14.08,-0.81%
1951-11-01,2.46,-12.14,-1.20%
1951-10-01,2.49,-9.78,-0.80%
1951-09-01,2.51,-7.72,-2.71%
1951-08-01,2.58,-3.01,-2.64%
1951-07-01,2.65,1.92,-2.57%
1951-06-01,2.72,7.09,-1.45%
1951-05-01,2.76,11.29,-1.08%
1951-04-01,2.79,14.81,-1.41%
1951-03-01,2.83,19.41,0.00%
1951-02-01,2.83,20.43,-0.35%
1951-01-01,2.84,21.37,0.00%
1950-12-01,2.84,22.41,1.43%
1950-11-01,2.80,19.66,1.45%
1950-10-01,2.76,16.46,1.47%
1950-09-01,2.72,13.81,2.26%
1950-08-01,2.66,11.30,2.31%
1950-07-01,2.60,8.33,2.36%
1950-06-01,2.54,5.83,2.42%
1950-05-01,2.48,3.77,2.06%
1950-04-01,2.43,1.67,2.53%
1950-03-01,2.37,-0.42,0.85%
1950-02-01,2.35,0.00,0.43%
1950-01-01,2.34,0.86,0.86%
1949-12-01,2.32,1.31,-0.85%
1949-11-01,2.34,5.41,-1.27%
1949-10-01,2.37,10.75,-0.84%
1949-09-01,2.39,15.46,0.00%
1949-08-01,2.39,19.50,-0.42%
1949-07-01,2.40,24.35,0.00%
1949-06-01,2.40,29.03,0.42%
1949-05-01,2.39,32.04,0.00%
1949-04-01,2.39,35.80,0.42%
1949-03-01,2.38,39.18,1.28%
1949-02-01,2.35,39.88,1.29%
1949-01-01,2.32,41.46,1.31%
1948-12-01,2.29,42.24,3.15%
1948-11-01,2.22,39.62,3.74%
1948-10-01,2.14,38.06,3.38%
1948-09-01,2.07,33.55,3.50%
1948-08-01,2.00,32.45,3.63%
1948-07-01,1.93,30.41,3.76%
1948-06-01,1.86,29.17,2.76%
1948-05-01,1.81,31.16,2.84%
1948-04-01,1.76,32.33,2.92%
1948-03-01,1.71,34.65,1.79%
1948-02-01,1.68,40.00,2.44%
1948-01-01,1.64,45.13,1.86%
1947-12-01,1.61,51.89,1.26%
1947-11-01,1.59,59.00,1.27%
1947-10-01,1.57,65.26,1.29%
1947-09-01,1.55,74.16,2.65%
1947-08-01,1.51,73.56,2.03%
1947-07-01,1.48,72.09,2.78%
1947-06-01,1.44,71.43,4.35%
1947-05-01,1.38,60.47,3.76%
1947-04-01,1.33,51.14,4.72%
1947-03-01,1.27,41.11,5.83%
1947-02-01,1.20,30.43,6.19%
1947-01-01,1.13,20.21,6.60%
1946-12-01,1.06,10.42,6.00%
1946-11-01,1.00,3.09,5.26%
1946-10-01,0.95,-3.06,6.74%
1946-09-01,0.89,-10.10,2.30%
1946-08-01,0.87,-12.12,1.16%
1946-07-01,0.86,-14.00,2.38%
1946-06-01,0.84,-16.00,-2.33%
1946-05-01,0.86,-11.34,-2.27%
1946-04-01,0.88,-8.33,-2.22%
1946-03-01,0.90,-5.26,-2.17%
1946-02-01,0.92,-2.13,-2.13%
1946-01-01,0.94,1.08,-2.08%
1945-12-01,0.96,4.35,-1.03%
1945-11-01,0.97,6.59,-1.02%
1945-10-01,0.98,8.89,-1.01%
1945-09-01,0.99,10.00,0.00%
1945-08-01,0.99,8.79,-1.00%
1945-07-01,1.00,9.89,0.00%
1945-06-01,1.00,8.70,1.01%
1945-05-01,0.99,7.61,2.06%
1945-04-01,0.97,4.30,1.04%
1945-03-01,0.96,3.23,1.05%
1945-02-01,0.95,2.15,1.06%
1945-01-01,0.94,0.00,1.08%
1944-12-01,0.93,-1.06,1.09%
1944-11-01,0.92,-7.07,1.10%
1944-10-01,0.91,-11.65,1.11%
1944-09-01,0.90,-16.67,-1.10%
1944-08-01,0.91,-16.51,0.00%
1944-07-01,0.91,-16.51,-1.09%
1944-06-01,0.92,-16.36,0.00%
1944-05-01,0.92,-15.60,-1.08%
1944-04-01,0.93,-13.89,0.00%
1944-03-01,0.93,-13.08,0.00%
1944-02-01,0.93,-12.26,-1.06%
1944-01-01,0.94,-9.62,0.00%
1943-12-01,0.94,-8.74,-5.05%
1943-11-01,0.99,-1.00,-3.88%
1943-10-01,1.03,6.19,-4.63%
1943-09-01,1.08,14.89,-0.92%
1943-08-01,1.09,14.74,0.00%
1943-07-01,1.09,12.37,-0.91%
1943-06-01,1.10,12.24,0.92%
1943-05-01,1.09,9.00,0.93%
1943-04-01,1.08,5.88,0.93%
1943-03-01,1.07,2.88,0.94%
1943-02-01,1.06,-1.85,1.92%
1943-01-01,1.04,-7.14,0.97%
1942-12-01,1.03,-11.21,3.00%
1942-11-01,1.00,-14.53,3.09%
1942-10-01,0.97,-17.80,3.19%
1942-09-01,0.94,-21.01,-1.05%
1942-08-01,0.95,-18.10,-2.06%
1942-07-01,0.97,-13.39,-1.02%
1942-06-01,0.98,-10.09,-2.00%
1942-05-01,1.00,-7.41,-1.96%
1942-04-01,1.02,-4.67,-1.92%
1942-03-01,1.04,-1.89,-3.70%
1942-02-01,1.08,1.89,-3.57%
1942-01-01,1.12,6.67,-3.45%
1941-12-01,1.16,10.48,-0.85%
1941-11-01,1.17,10.38,-0.85%
1941-10-01,1.18,10.28,-0.84%
1941-09-01,1.19,10.19,2.59%
1941-08-01,1.16,8.41,3.57%
1941-07-01,1.12,6.67,2.75%
1941-06-01,1.09,4.81,0.93%
1941-05-01,1.08,5.88,0.93%
1941-04-01,1.07,5.94,0.94%
1941-03-01,1.06,7.07,0.00%
1941-02-01,1.06,10.42,0.95%
1941-01-01,1.05,12.90,0.00%
1940-12-01,1.05,16.67,-0.94%
1940-11-01,1.06,21.84,-0.93%
1940-10-01,1.07,27.38,-0.93%
1940-09-01,1.08,33.33,0.93%
1940-08-01,1.07,35.44,1.90%
1940-07-01,1.05,34.62,0.96%
1940-06-01,1.04,36.84,1.96%
1940-05-01,1.02,37.84,0.99%
1940-04-01,1.01,38.36,2.02%
1940-03-01,0.99,39.44,3.13%
1940-02-01,0.96,39.13,3.23%
1940-01-01,0.93,40.91,3.33%
1939-12-01,0.90,40.63,3.45%
1939-11-01,0.87,38.10,3.57%
1939-10-01,0.84,33.33,3.70%
1939-09-01,0.81,30.65,2.53%
1939-08-01,0.79,17.91,1.28%
1939-07-01,0.78,8.33,2.63%
1939-06-01,0.76,-1.30,2.70%
1939-05-01,0.74,-11.90,1.37%
1939-04-01,0.73,-18.89,2.82%
1939-03-01,0.71,-26.80,2.90%
1939-02-01,0.69,-32.35,4.55%
1939-01-01,0.66,-38.89,3.13%
1938-12-01,0.64,-43.36,1.59%
1938-11-01,0.63,-45.69,0.00%
1938-10-01,0.63,-47.06,1.61%
1938-09-01,0.62,-49.18,-7.46%
1938-08-01,0.67,-44.17,-6.94%
1938-07-01,0.72,-39.50,-6.49%
1938-06-01,0.77,-34.19,-8.33%
1938-05-01,0.84,-26.96,-6.67%
1938-04-01,0.90,-20.35,-7.22%
1938-03-01,0.97,-12.61,-4.90%
1938-02-01,1.02,-5.56,-5.56%
1938-01-01,1.08,2.86,-4.42%
1937-12-01,1.13,10.78,-2.59%
1937-11-01,1.16,17.17,-2.52%
1937-10-01,1.19,22.68,-2.46%
1937-09-01,1.22,29.79,1.67%
1937-08-01,1.20,30.43,0.84%
1937-07-01,1.19,32.22,1.71%
1937-06-01,1.17,32.95,1.74%
1937-05-01,1.15,35.29,1.77%
1937-04-01,1.13,37.80,1.80%
1937-03-01,1.11,40.51,2.78%
1937-02-01,1.08,38.46,2.86%
1937-01-01,1.05,36.36,2.94%
1936-12-01,1.02,34.21,3.03%
1936-11-01,0.99,30.26,2.06%
1936-10-01,0.97,27.63,3.19%
1936-09-01,0.94,23.68,2.17%
1936-08-01,0.92,17.95,2.22%
1936-07-01,0.90,13.92,2.27%
1936-06-01,0.88,8.64,3.53%
1936-05-01,0.85,8.97,3.66%
1936-04-01,0.82,7.89,3.80%
1936-03-01,0.79,8.22,1.28%
1936-02-01,0.78,20.00,1.30%
1936-01-01,0.77,35.09,1.32%
1935-12-01,0.76,55.10,0.00%
1935-11-01,0.76,55.10,0.00%
1935-10-01,0.76,58.33,0.00%
1935-09-01,0.76,58.33,-2.56%
1935-08-01,0.78,65.96,-1.27%
1935-07-01,0.79,68.09,-2.47%
1935-06-01,0.81,72.34,3.85%
1935-05-01,0.78,69.57,2.63%
1935-04-01,0.76,65.22,4.11%
1935-03-01,0.73,62.22,12.31%
1935-02-01,0.65,44.44,14.04%
1935-01-01,0.57,29.55,16.33%
1934-12-01,0.49,11.36,0.00%
1934-11-01,0.49,11.36,2.08%
1934-10-01,0.48,11.63,0.00%
1934-09-01,0.48,11.63,2.13%
1934-08-01,0.47,9.30,0.00%
1934-07-01,0.47,9.30,0.00%
1934-06-01,0.47,11.90,2.17%
1934-05-01,0.46,9.52,0.00%
1934-04-01,0.46,9.52,2.22%
1934-03-01,0.45,7.14,0.00%
1934-02-01,0.45,9.76,2.27%
1934-01-01,0.44,7.32,0.00%
1933-12-01,0.44,7.32,0.00%
1933-11-01,0.44,2.33,2.33%
1933-10-01,0.43,-2.27,0.00%
1933-09-01,0.43,-6.52,0.00%
1933-08-01,0.43,-10.42,0.00%
1933-07-01,0.43,-12.24,2.38%
1933-06-01,0.42,-17.65,0.00%
1933-05-01,0.42,-20.75,0.00%
1933-04-01,0.42,-22.22,0.00%
1933-03-01,0.42,-25.00,2.44%
1933-02-01,0.41,-29.31,0.00%
1933-01-01,0.41,-30.51,0.00%
1932-12-01,0.41,-32.79,-4.65%
1932-11-01,0.43,-32.81,-2.27%
1932-10-01,0.44,-34.33,-4.35%
1932-09-01,0.46,-34.29,-4.17%
1932-08-01,0.48,-34.25,-2.04%
1932-07-01,0.49,-35.53,-3.92%
1932-06-01,0.51,-35.44,-3.77%
1932-05-01,0.53,-35.37,-1.85%
1932-04-01,0.54,-36.47,-3.57%
1932-03-01,0.56,-36.36,-3.45%
1932-02-01,0.58,-36.26,-1.69%
1932-01-01,0.59,-37.23,-3.28%
1931-12-01,0.61,-37.11,-4.69%
1931-11-01,0.64,-37.25,-4.48%
1931-10-01,0.67,-37.96,-4.29%
1931-09-01,0.70,-38.05,-4.11%
1931-08-01,0.73,-38.14,-3.95%
1931-07-01,0.76,-38.71,-3.80%
1931-06-01,0.79,-38.76,-3.66%
1931-05-01,0.82,-38.81,-3.53%
1931-04-01,0.85,-39.29,-3.41%
1931-03-01,0.88,-39.31,-3.30%
1931-02-01,0.91,-39.33,-3.19%
1931-01-01,0.94,-39.74,-3.09%
1930-12-01,0.97,-39.75,-4.90%
1930-11-01,1.02,-35.85,-5.56%
1930-10-01,1.08,-31.21,-4.42%
1930-09-01,1.13,-27.10,-4.24%
1930-08-01,1.18,-22.88,-4.84%
1930-07-01,1.24,-17.88,-3.88%
1930-06-01,1.29,-14.00,-3.73%
1930-05-01,1.34,-9.46,-4.29%
1930-04-01,1.40,-4.11,-3.45%
1930-03-01,1.45,0.69,-3.33%
1930-02-01,1.50,5.63,-3.85%
1930-01-01,1.56,11.43,-3.11%
1929-12-01,1.61,16.67,1.26%
1929-11-01,1.59,16.91,1.27%
1929-10-01,1.57,18.05,1.29%
1929-09-01,1.55,18.32,1.31%
1929-08-01,1.53,18.60,1.32%
1929-07-01,1.51,18.90,0.67%
1929-06-01,1.50,20.00,1.35%
1929-05-01,1.48,21.31,1.37%
1929-04-01,1.46,21.67,1.39%
1929-03-01,1.44,22.03,1.41%
1929-02-01,1.42,22.41,1.43%
1929-01-01,1.40,23.89,1.45%
1928-12-01,1.38,24.32,1.47%
1928-11-01,1.36,21.43,2.26%
1928-10-01,1.33,17.70,1.53%
1928-09-01,1.31,14.91,1.55%
1928-08-01,1.29,12.17,1.57%
1928-07-01,1.27,9.48,1.60%
1928-06-01,1.25,5.93,2.46%
1928-05-01,1.22,2.52,1.67%
1928-04-01,1.20,0.00,1.69%
1928-03-01,1.18,-2.48,1.72%
1928-02-01,1.16,-4.92,2.65%
1928-01-01,1.13,-8.13,1.80%
1927-12-01,1.11,-10.48,-0.89%
1927-11-01,1.12,-9.68,-0.88%
1927-10-01,1.13,-8.87,-0.88%
1927-09-01,1.14,-8.06,-0.87%
1927-08-01,1.15,-7.26,-0.86%
1927-07-01,1.16,-6.45,-1.69%
1927-06-01,1.18,-5.60,-0.84%
1927-05-01,1.19,-4.80,-0.83%
1927-04-01,1.20,-4.00,-0.83%
1927-03-01,1.21,-3.20,-0.82%
1927-02-01,1.22,-2.40,-0.81%
1927-01-01,1.23,-1.60,-0.81%
1926-12-01,1.24,-0.80,0.00%
1926-11-01,1.24,1.64,0.00%
1926-10-01,1.24,3.33,0.00%
1926-09-01,1.24,5.98,0.00%
1926-08-01,1.24,8.77,0.00%
1926-07-01,1.24,10.71,-0.80%
1926-06-01,1.25,14.68,0.00%
1926-05-01,1.25,17.92,0.00%
1926-04-01,1.25,20.19,0.00%
1926-03-01,1.25,23.76,0.00%
1926-02-01,1.25,27.55,0.00%
1926-01-01,1.25,30.21,0.00%
1925-12-01,1.25,34.41,2.46%
1925-11-01,1.22,31.18,1.67%
1925-10-01,1.20,27.66,2.56%
1925-09-01,1.17,24.47,2.63%
1925-08-01,1.14,20.00,1.79%
1925-07-01,1.12,17.89,2.75%
1925-06-01,1.09,14.74,2.83%
1925-05-01,1.06,10.42,1.92%
1925-04-01,1.04,8.33,2.97%
1925-03-01,1.01,4.12,3.06%
1925-02-01,0.98,1.03,2.08%
1925-01-01,0.96,-2.04,3.23%
1924-12-01,0.93,-5.10,0.00%
1924-11-01,0.93,-3.12,-1.06%
1924-10-01,0.94,1.08,0.00%
1924-09-01,0.94,3.30,-1.05%
1924-08-01,0.95,7.95,0.00%
1924-07-01,0.95,10.47,0.00%
1924-06-01,0.95,14.46,-1.04%
1924-05-01,0.96,18.52,0.00%
1924-04-01,0.96,21.52,-1.03%
1924-03-01,0.97,27.63,0.00%
1924-02-01,0.97,31.08,-1.02%
1924-01-01,0.98,38.03,0.00%
1923-12-01,0.98,42.03,2.08%
1923-11-01,0.96,45.45,3.23%
1923-10-01,0.93,50.00,2.20%
1923-09-01,0.91,54.24,3.41%
1923-08-01,0.88,57.14,2.33%
1923-07-01,0.86,65.38,3.61%
1923-06-01,0.83,69.39,2.47%
1923-05-01,0.81,76.09,2.53%
1923-04-01,0.79,88.10,3.95%
1923-03-01,0.76,94.87,2.70%
1923-02-01,0.74,105.56,4.23%
1923-01-01,0.71,121.87,2.90%
1922-12-01,0.69,137.93,4.55%
1922-11-01,0.66,100.00,6.45%
1922-10-01,0.62,63.16,5.08%
1922-09-01,0.59,40.48,5.36%
1922-08-01,0.56,21.74,7.69%
1922-07-01,0.52,4.00,6.12%
1922-06-01,0.49,-10.91,6.52%
1922-05-01,0.46,-22.03,9.52%
1922-04-01,0.42,-33.33,7.69%
1922-03-01,0.39,-41.79,8.33%
1922-02-01,0.36,-49.30,12.50%
1922-01-01,0.32,-57.89,10.34%
1921-12-01,0.29,-63.75,-12.12%
1921-11-01,0.33,-59.26,-13.16%
1921-10-01,0.38,-53.66,-9.52%
1921-09-01,0.42,-49.40,-8.70%
1921-08-01,0.46,-45.24,-8.00%
1921-07-01,0.50,-41.18,-9.09%
1921-06-01,0.55,-36.05,-6.78%
1921-05-01,0.59,-32.95,-6.35%
1921-04-01,0.63,-29.21,-5.97%
1921-03-01,0.67,-25.56,-5.63%
1921-02-01,0.71,-21.98,-6.58%
1921-01-01,0.76,-17.39,-5.00%
1920-12-01,0.80,-13.98,-1.23%
1920-11-01,0.81,-13.83,-1.22%
1920-10-01,0.82,-12.77,-1.20%
1920-09-01,0.83,-11.70,-1.19%
1920-08-01,0.84,-11.58,-1.18%
1920-07-01,0.85,-10.53,-1.16%
1920-06-01,0.86,-10.42,-2.27%
1920-05-01,0.88,-8.33,-1.12%
1920-04-01,0.89,-8.25,-1.11%
1920-03-01,0.90,-7.22,-1.10%
1920-02-01,0.91,-7.14,-1.09%
1920-01-01,0.92,-6.12,-1.08%
1919-12-01,0.93,-6.06,-1.06%
1919-11-01,0.94,-6.93,0.00%
1919-10-01,0.94,-9.62,0.00%
1919-09-01,0.94,-11.32,-1.05%
1919-08-01,0.95,-12.84,0.00%
1919-07-01,0.95,-14.41,-1.04%
1919-06-01,0.96,-15.79,0.00%
1919-05-01,0.96,-17.24,-1.03%
1919-04-01,0.97,-17.80,0.00%
1919-03-01,0.97,-19.83,-1.02%
1919-02-01,0.98,-20.33,0.00%
1919-01-01,0.98,-22.22,-1.01%
1918-12-01,0.99,-22.66,-1.98%
1918-11-01,1.01,-22.31,-2.88%
1918-10-01,1.04,-21.21,-1.89%
1918-09-01,1.06,-20.90,-2.75%
1918-08-01,1.09,-19.85,-1.80%
1918-07-01,1.11,-19.57,-2.63%
1918-06-01,1.14,-19.15,-1.72%
1918-05-01,1.16,-18.88,-1.69%
1918-04-01,1.18,-18.62,-2.48%
1918-03-01,1.21,-17.69,-1.63%
1918-02-01,1.23,-17.45,-2.38%
1918-01-01,1.26,-16.56,-1.56%
1917-12-01,1.28,-16.34,-1.54%
1917-11-01,1.30,-12.16,-1.52%
1917-10-01,1.32,-7.04,-1.49%
1917-09-01,1.34,-2.19,-1.47%
1917-08-01,1.36,3.82,-1.45%
1917-07-01,1.38,9.52,-2.13%
1917-06-01,1.41,16.53,-1.40%
1917-05-01,1.43,24.35,-1.38%
1917-04-01,1.45,31.82,-1.36%
1917-03-01,1.47,41.35,-1.34%
1917-02-01,1.49,50.51,-1.32%
1917-01-01,1.51,62.37,-1.31%
1916-12-01,1.53,73.86,3.38%
1916-11-01,1.48,74.12,4.23%
1916-10-01,1.42,73.17,3.65%
1916-09-01,1.37,73.42,4.58%
1916-08-01,1.31,72.37,3.97%
1916-07-01,1.26,72.60,4.13%
1916-06-01,1.21,72.86,5.22%
1916-05-01,1.15,71.64,4.55%
1916-04-01,1.10,71.88,5.77%
1916-03-01,1.04,70.49,5.05%
1916-02-01,0.99,70.69,6.45%
1916-01-01,0.93,69.09,5.68%
1915-12-01,0.88,69.23,3.53%
1915-11-01,0.85,60.38,3.66%
1915-10-01,0.82,51.85,3.80%
1915-09-01,0.79,43.64,3.95%
1915-08-01,0.76,35.71,4.11%
1915-07-01,0.73,28.07,4.29%
1915-06-01,0.70,22.81,4.48%
1915-05-01,0.67,15.52,4.69%
1915-04-01,0.64,8.47,4.92%
1915-03-01,0.61,1.67,5.17%
1915-02-01,0.58,-4.92,5.45%
1915-01-01,0.55,-11.29,5.77%
1914-12-01,0.52,-17.46,-1.89%
1914-11-01,0.53,-17.19,-1.85%
1914-10-01,0.54,-15.62,-1.82%
1914-09-01,0.55,-15.38,-1.79%
1914-08-01,0.56,-13.85,-1.75%
1914-07-01,0.57,-13.64,0.00%
1914-06-01,0.57,-14.93,-1.72%
1914-05-01,0.58,-13.43,-1.69%
1914-04-01,0.59,-13.24,-1.67%
1914-03-01,0.60,-11.76,-1.64%
1914-02-01,0.61,-11.59,-1.61%
1914-01-01,0.62,-10.14,-1.59%
1913-12-01,0.63,-10.00,-1.56%
1913-11-01,0.64,-7.25,0.00%
1913-10-01,0.64,-5.88,-1.54%
1913-09-01,0.65,-2.99,0.00%
1913-08-01,0.65,-1.52,-1.52%
1913-07-01,0.66,1.54,-1.49%
1913-06-01,0.67,3.08,0.00%
1913-05-01,0.67,4.69,-1.47%
1913-04-01,0.68,7.94,0.00%
1913-03-01,0.68,9.68,-1.45%
1913-02-01,0.69,13.11,0.00%
1913-01-01,0.69,15.00,-1.43%
1912-12-01,0.70,18.64,1.45%
1912-11-01,0.69,15.00,1.47%
1912-10-01,0.68,11.48,1.49%
1912-09-01,0.67,8.06,1.52%
1912-08-01,0.66,3.13,1.54%
1912-07-01,0.65,0.00,0.00%
1912-06-01,0.65,-1.52,1.56%
1912-05-01,0.64,-4.48,1.59%
1912-04-01,0.63,-7.35,1.61%
1912-03-01,0.62,-10.14,1.64%
1912-02-01,0.61,-14.08,1.67%
1912-01-01,0.60,-16.67,1.69%
1911-12-01,0.59,-19.18,-1.67%
1911-11-01,0.60,-17.81,-1.64%
1911-10-01,0.61,-16.44,-1.61%
1911-09-01,0.62,-16.22,-3.13%
1911-08-01,0.64,-13.51,-1.54%
1911-07-01,0.65,-12.16,-1.52%
1911-06-01,0.66,-10.81,-1.49%
1911-05-01,0.67,-10.67,-1.47%
1911-04-01,0.68,-9.33,-1.45%
1911-03-01,0.69,-8.00,-2.82%
1911-02-01,0.71,-6.58,-1.39%
1911-01-01,0.72,-5.26,-1.37%
1910-12-01,0.73,-3.95,0.00%
1910-11-01,0.73,-1.35,0.00%
1910-10-01,0.73,0.00,-1.35%
1910-09-01,0.74,4.23,0.00%
1910-08-01,0.74,5.71,0.00%
1910-07-01,0.74,7.25,0.00%
1910-06-01,0.74,10.45,-1.33%
1910-05-01,0.75,13.64,0.00%
1910-04-01,0.75,17.19,0.00%
1910-03-01,0.75,20.97,-1.32%
1910-02-01,0.76,24.59,0.00%
1910-01-01,0.76,28.81,0.00%
1909-12-01,0.76,31.03,2.70%
1909-11-01,0.74,25.42,1.37%
1909-10-01,0.73,23.73,2.82%
1909-09-01,0.71,18.33,1.43%
1909-08-01,0.70,14.75,1.45%
1909-07-01,0.69,13.11,2.99%
1909-06-01,0.67,8.06,1.52%
1909-05-01,0.66,4.76,3.13%
1909-04-01,0.64,1.59,3.23%
1909-03-01,0.62,-3.13,1.64%
1909-02-01,0.61,-6.15,3.39%
1909-01-01,0.59,-9.23,1.72%
1908-12-01,0.58,-12.12,-1.69%
1908-11-01,0.59,-11.94,0.00%
1908-10-01,0.59,-13.24,-1.67%
1908-09-01,0.60,-13.04,-1.64%
1908-08-01,0.61,-11.59,0.00%
1908-07-01,0.61,-12.86,-1.61%
1908-06-01,0.62,-12.68,-1.59%
1908-05-01,0.63,-12.50,0.00%
1908-04-01,0.63,-13.70,-1.56%
1908-03-01,0.64,-12.33,-1.54%
1908-02-01,0.65,-12.16,0.00%
1908-01-01,0.65,-13.33,-1.52%
1907-12-01,0.66,-13.16,-1.49%
1907-11-01,0.67,-10.67,-1.47%
1907-10-01,0.68,-8.11,-1.45%
1907-09-01,0.69,-6.76,0.00%
1907-08-01,0.69,-5.48,-1.43%
1907-07-01,0.70,-2.78,-1.41%
1907-06-01,0.71,0.00,-1.39%
1907-05-01,0.72,1.41,-1.37%
1907-04-01,0.73,4.29,0.00%
1907-03-01,0.73,5.80,-1.35%
1907-02-01,0.74,7.25,-1.33%
1907-01-01,0.75,10.29,-1.32%
1906-12-01,0.76,13.43,1.33%
1906-11-01,0.75,13.64,1.35%
1906-10-01,0.74,15.62,0.00%
1906-09-01,0.74,19.35,1.37%
1906-08-01,0.73,19.67,1.39%
1906-07-01,0.72,22.03,1.41%
1906-06-01,0.71,22.41,0.00%
1906-05-01,0.71,26.79,1.43%
1906-04-01,0.70,27.27,1.45%
1906-03-01,0.69,27.78,0.00%
1906-02-01,0.69,32.69,1.47%
1906-01-01,0.68,33.33,1.49%
1905-12-01,0.67,36.73,1.52%
1905-11-01,0.66,34.69,3.13%
1905-10-01,0.64,28.00,3.23%
1905-09-01,0.62,24.00,1.64%
1905-08-01,0.61,22.00,3.39%
1905-07-01,0.59,15.69,1.72%
1905-06-01,0.58,13.73,3.57%
1905-05-01,0.56,9.80,1.82%
1905-04-01,0.55,5.77,1.85%
1905-03-01,0.54,3.85,3.85%
1905-02-01,0.52,0.00,1.96%
1905-01-01,0.51,-3.77,4.08%
1904-12-01,0.49,-7.55,0.00%
1904-11-01,0.49,-9.26,-2.00%
1904-10-01,0.50,-9.09,0.00%
1904-09-01,0.50,-10.71,0.00%
1904-08-01,0.50,-10.71,-1.96%
1904-07-01,0.51,-10.53,0.00%
1904-06-01,0.51,-12.07,0.00%
1904-05-01,0.51,-13.56,-1.92%
1904-04-01,0.52,-13.33,0.00%
1904-03-01,0.52,-13.33,0.00%
1904-02-01,0.52,-14.75,-1.89%
1904-01-01,0.53,-14.52,0.00%
1903-12-01,0.53,-15.87,-1.85%
1903-11-01,0.54,-12.90,-1.82%
1903-10-01,0.55,-9.84,-1.79%
1903-09-01,0.56,-6.67,0.00%
1903-08-01,0.56,-5.08,-1.75%
1903-07-01,0.57,-1.72,-1.72%
1903-06-01,0.58,3.57,-1.69%
1903-05-01,0.59,7.27,-1.67%
1903-04-01,0.60,11.11,0.00%
1903-03-01,0.60,13.21,-1.64%
1903-02-01,0.61,17.31,-1.61%
1903-01-01,0.62,21.57,-1.59%
1902-12-01,0.63,26.00,1.61%
1902-11-01,0.62,24.00,1.64%
1902-10-01,0.61,22.00,1.67%
1902-09-01,0.60,22.45,1.69%
1902-08-01,0.59,20.41,1.72%
1902-07-01,0.58,18.37,3.57%
1902-06-01,0.56,14.29,1.82%
1902-05-01,0.55,12.24,1.85%
1902-04-01,0.54,10.20,1.89%
1902-03-01,0.53,10.42,1.92%
1902-02-01,0.52,8.33,1.96%
1902-01-01,0.51,6.25,2.00%
1901-12-01,0.50,4.17,0.00%
1901-11-01,0.50,4.17,0.00%
1901-10-01,0.50,4.17,2.04%
1901-09-01,0.49,2.08,0.00%
1901-08-01,0.49,2.08,0.00%
1901-07-01,0.49,2.08,0.00%
1901-06-01,0.49,2.08,0.00%
1901-05-01,0.49,2.08,0.00%
1901-04-01,0.49,2.08,2.08%
1901-03-01,0.48,0.00,0.00%
1901-02-01,0.48,0.00,0.00%
1901-01-01,0.48,0.00,0.00%
1900-12-01,0.48,0.00,0.00%
1900-11-01,0.48,2.13,0.00%
1900-10-01,0.48,4.35,0.00%
1900-09-01,0.48,6.67,0.00%
1900-08-01,0.48,9.09,0.00%
1900-07-01,0.48,11.63,0.00%
1900-06-01,0.48,17.07,0.00%
1900-05-01,0.48,20.00,0.00%
1900-04-01,0.48,23.08,0.00%
1900-03-01,0.48,26.32,0.00%
1900-02-01,0.48,29.73,0.00%
1900-01-01,0.48,33.33,0.00%
1899-12-01,0.48,37.14,2.13%
1899-11-01,0.47,34.29,2.17%
1899-10-01,0.46,35.29,2.22%
1899-09-01,0.45,32.35,2.27%
1899-08-01,0.44,29.41,2.33%
1899-07-01,0.43,30.30,4.88%
1899-06-01,0.41,24.24,2.50%
1899-05-01,0.40,21.21,2.56%
1899-04-01,0.39,21.88,2.63%
1899-03-01,0.38,18.75,2.70%
1899-02-01,0.37,15.62,2.78%
1899-01-01,0.36,16.13,2.86%
1898-12-01,0.35,12.90,0.00%
1898-11-01,0.35,16.67,2.94%
1898-10-01,0.34,17.24,0.00%
1898-09-01,0.34,21.43,0.00%
1898-08-01,0.34,21.43,3.03%
1898-07-01,0.33,22.22,0.00%
1898-06-01,0.33,26.92,0.00%
1898-05-01,0.33,32.00,3.13%
1898-04-01,0.32,33.33,0.00%
1898-03-01,0.32,39.13,0.00%
1898-02-01,0.32,39.13,3.23%
1898-01-01,0.31,40.91,0.00%
1897-12-01,0.31,47.62,3.33%
1897-11-01,0.30,42.86,3.45%
1897-10-01,0.29,31.82,3.57%
1897-09-01,0.28,27.27,0.00%
1897-08-01,0.28,27.27,3.70%
1897-07-01,0.27,17.39,3.85%
1897-06-01,0.26,13.04,4.00%
1897-05-01,0.25,8.70,4.17%
1897-04-01,0.24,0.00,4.35%
1897-03-01,0.23,-4.17,0.00%
1897-02-01,0.23,-4.17,4.55%
1897-01-01,0.22,-12.00,4.76%
1896-12-01,0.21,-12.50,0.00%
1896-11-01,0.21,-8.70,-4.55%
1896-10-01,0.22,-4.35,0.00%
1896-09-01,0.22,0.00,0.00%
1896-08-01,0.22,4.76,-4.35%
1896-07-01,0.23,15.00,0.00%
1896-06-01,0.23,15.00,0.00%
1896-05-01,0.23,21.05,-4.17%
1896-04-01,0.24,33.33,0.00%
1896-03-01,0.24,41.18,0.00%
1896-02-01,0.24,41.18,-4.00%
1896-01-01,0.25,56.25,0.00%
1895-12-01,0.25,56.25,4.17%
1895-11-01,0.24,41.18,4.35%
1895-10-01,0.23,27.78,0.00%
1895-09-01,0.23,27.78,4.55%
1895-08-01,0.22,15.79,4.76%
1895-07-01,0.21,5.00,5.00%
1895-06-01,0.20,-4.76,0.00%
1895-05-01,0.20,-9.09,5.26%
1895-04-01,0.19,-17.39,5.56%
1895-03-01,0.18,-21.74,5.88%
1895-02-01,0.17,-29.17,0.00%
1895-01-01,0.17,-32.00,6.25%
1894-12-01,0.16,-38.46,-5.88%
1894-11-01,0.17,-37.04,-5.56%
1894-10-01,0.18,-35.71,0.00%
1894-09-01,0.18,-37.93,-5.26%
1894-08-01,0.19,-36.67,-5.00%
1894-07-01,0.20,-35.48,-4.76%
1894-06-01,0.21,-34.38,-4.55%
1894-05-01,0.22,-31.25,-4.35%
1894-04-01,0.23,-30.30,0.00%
1894-03-01,0.23,-32.35,-4.17%
1894-02-01,0.24,-31.43,-4.00%
1894-01-01,0.25,-30.56,-3.85%
1893-12-01,0.26,-29.73,-3.70%
1893-11-01,0.27,-27.03,-3.57%
1893-10-01,0.28,-22.22,-3.45%
1893-09-01,0.29,-19.44,-3.33%
1893-08-01,0.30,-16.67,-3.23%
1893-07-01,0.31,-13.89,-3.13%
1893-06-01,0.32,-8.57,0.00%
1893-05-01,0.32,-8.57,-3.03%
1893-04-01,0.33,-5.71,-2.94%
1893-03-01,0.34,-2.86,-2.86%
1893-02-01,0.35,2.94,-2.78%
1893-01-01,0.36,5.88,-2.70%
1892-12-01,0.37,8.82,0.00%
1892-11-01,0.37,8.82,2.78%
1892-10-01,0.36,9.09,0.00%
1892-09-01,0.36,9.09,0.00%
1892-08-01,0.36,12.50,0.00%
1892-07-01,0.36,12.50,2.86%
1892-06-01,0.35,9.37,0.00%
1892-05-01,0.35,12.90,0.00%
1892-04-01,0.35,12.90,0.00%
1892-03-01,0.35,16.67,2.94%
1892-02-01,0.34,13.33,0.00%
1892-01-01,0.34,17.24,0.00%
1891-12-01,0.34,17.24,0.00%
1891-11-01,0.34,17.24,3.03%
1891-10-01,0.33,13.79,0.00%
1891-09-01,0.33,13.79,3.13%
1891-08-01,0.32,10.34,0.00%
1891-07-01,0.32,10.34,0.00%
1891-06-01,0.32,10.34,3.23%
1891-05-01,0.31,3.33,0.00%
1891-04-01,0.31,3.33,3.33%
1891-03-01,0.30,0.00,0.00%
1891-02-01,0.30,0.00,3.45%
1891-01-01,0.29,-3.33,0.00%
1890-12-01,0.29,-3.33,0.00%
1890-11-01,0.29,-3.33,0.00%
1890-10-01,0.29,0.00,0.00%
1890-09-01,0.29,0.00,0.00%
1890-08-01,0.29,0.00,0.00%
1890-07-01,0.29,3.57,0.00%
1890-06-01,0.29,3.57,-3.33%
1890-05-01,0.30,7.14,0.00%
1890-04-01,0.30,11.11,0.00%
1890-03-01,0.30,11.11,0.00%
1890-02-01,0.30,11.11,0.00%
1890-01-01,0.30,15.38,0.00%
1889-12-01,0.30,15.38,0.00%
1889-11-01,0.30,11.11,3.45%
1889-10-01,0.29,3.57,0.00%
1889-09-01,0.29,3.57,0.00%
1889-08-01,0.29,0.00,3.57%
1889-07-01,0.28,-6.67,0.00%
1889-06-01,0.28,-9.68,0.00%
1889-05-01,0.28,-12.50,3.70%
1889-04-01,0.27,-18.18,0.00%
1889-03-01,0.27,-20.59,0.00%
1889-02-01,0.27,-20.59,3.85%
1889-01-01,0.26,-25.71,0.00%
1888-12-01,0.26,-27.78,-3.70%
1888-11-01,0.27,-25.00,-3.57%
1888-10-01,0.28,-20.00,0.00%
1888-09-01,0.28,-20.00,-3.45%
1888-08-01,0.29,-17.14,-3.33%
1888-07-01,0.30,-14.29,-3.23%
1888-06-01,0.31,-8.82,-3.13%
1888-05-01,0.32,-5.88,-3.03%
1888-04-01,0.33,-2.94,-2.94%
1888-03-01,0.34,0.00,0.00%
1888-02-01,0.34,0.00,-2.86%
1888-01-01,0.35,6.06,-2.78%
1887-12-01,0.36,9.09,0.00%
1887-11-01,0.36,9.09,2.86%
1887-10-01,0.35,9.37,0.00%
1887-09-01,0.35,9.37,0.00%
1887-08-01,0.35,12.90,0.00%
1887-07-01,0.35,16.67,2.94%
1887-06-01,0.34,13.33,0.00%
1887-05-01,0.34,17.24,0.00%
1887-04-01,0.34,17.24,0.00%
1887-03-01,0.34,21.43,0.00%
1887-02-01,0.34,21.43,3.03%
1887-01-01,0.33,17.86,0.00%
1886-12-01,0.33,22.22,0.00%
1886-11-01,0.33,22.22,3.13%
1886-10-01,0.32,14.29,0.00%
1886-09-01,0.32,14.29,3.23%
1886-08-01,0.31,10.71,3.33%
1886-07-01,0.30,3.45,0.00%
1886-06-01,0.30,3.45,3.45%
1886-05-01,0.29,0.00,0.00%
1886-04-01,0.29,-3.33,3.57%
1886-03-01,0.28,-6.67,0.00%
1886-02-01,0.28,-6.67,0.00%
1886-01-01,0.28,-9.68,3.70%
1885-12-01,0.27,-12.90,0.00%
1885-11-01,0.27,-15.62,-3.57%
1885-10-01,0.28,-15.15,0.00%
1885-09-01,0.28,-15.15,0.00%
1885-08-01,0.28,-17.65,-3.45%
1885-07-01,0.29,-17.14,0.00%
1885-06-01,0.29,-17.14,0.00%
1885-05-01,0.29,-19.44,-3.33%
1885-04-01,0.30,-18.92,0.00%
1885-03-01,0.30,-21.05,0.00%
1885-02-01,0.30,-23.08,-3.23%
1885-01-01,0.31,-20.51,0.00%
1884-12-01,0.31,-22.50,-3.13%
1884-11-01,0.32,-20.00,-3.03%
1884-10-01,0.33,-19.51,0.00%
1884-09-01,0.33,-19.51,-2.94%
1884-08-01,0.34,-17.07,-2.86%
1884-07-01,0.35,-14.63,0.00%
1884-06-01,0.35,-14.63,-2.78%
1884-05-01,0.36,-14.29,-2.70%
1884-04-01,0.37,-11.90,-2.63%
1884-03-01,0.38,-9.52,-2.56%
1884-02-01,0.39,-7.14,0.00%
1884-01-01,0.39,-9.30,-2.50%
1883-12-01,0.40,-6.98,0.00%
1883-11-01,0.40,-6.98,-2.44%
1883-10-01,0.41,-4.65,0.00%
1883-09-01,0.41,-4.65,0.00%
1883-08-01,0.41,-4.65,0.00%
1883-07-01,0.41,-4.65,0.00%
1883-06-01,0.41,-4.65,-2.38%
1883-05-01,0.42,-4.55,0.00%
1883-04-01,0.42,-4.55,0.00%
1883-03-01,0.42,-4.55,0.00%
1883-02-01,0.42,-4.55,-2.33%
1883-01-01,0.43,-2.27,0.00%
1882-12-01,0.43,-2.27,0.00%
1882-11-01,0.43,-2.27,0.00%
1882-10-01,0.43,-4.44,0.00%
1882-09-01,0.43,-4.44,0.00%
1882-08-01,0.43,-6.52,0.00%
1882-07-01,0.43,-6.52,0.00%
1882-06-01,0.43,-8.51,-2.27%
1882-05-01,0.44,-6.38,0.00%
1882-04-01,0.44,-6.38,0.00%
1882-03-01,0.44,-8.33,0.00%
1882-02-01,0.44,-8.33,0.00%
1882-01-01,0.44,-10.20,0.00%
1881-12-01,0.44,-10.20,0.00%
1881-11-01,0.44,-8.33,-2.22%
1881-10-01,0.45,-4.26,0.00%
1881-09-01,0.45,-2.17,-2.17%
1881-08-01,0.46,2.22,0.00%
1881-07-01,0.46,4.55,-2.13%
1881-06-01,0.47,9.30,0.00%
1881-05-01,0.47,9.30,0.00%
1881-04-01,0.47,11.90,-2.08%
1881-03-01,0.48,17.07,0.00%
1881-02-01,0.48,20.00,-2.04%
1881-01-01,0.49,25.64,0.00%
1880-12-01,0.49,28.95,2.08%
1880-11-01,0.48,29.73,2.13%
1880-10-01,0.47,27.03,2.17%
1880-09-01,0.46,27.78,2.22%
1880-08-01,0.45,25.00,2.27%
1880-07-01,0.44,25.71,2.33%
1880-06-01,0.43,26.47,0.00%
1880-05-01,0.43,26.47,2.38%
1880-04-01,0.42,27.27,2.44%
1880-03-01,0.41,24.24,2.50%
1880-02-01,0.40,25.00,2.56%
1880-01-01,0.39,21.88,2.63%
1879-12-01,0.38,22.58,2.70%
1879-11-01,0.37,19.35,0.00%
1879-10-01,0.37,19.35,2.78%
1879-09-01,0.36,16.13,0.00%
1879-08-01,0.36,16.13,2.86%
1879-07-01,0.35,12.90,2.94%
1879-06-01,0.34,13.33,0.00%
1879-05-01,0.34,13.33,3.03%
1879-04-01,0.33,10.00,0.00%
1879-03-01,0.33,10.00,3.13%
1879-02-01,0.32,6.67,0.00%
1879-01-01,0.32,6.67,3.23%
1878-12-01,0.31,3.33,0.00%
1878-11-01,0.31,3.33,0.00%
1878-10-01,0.31,3.33,0.00%
1878-09-01,0.31,6.90,0.00%
1878-08-01,0.31,6.90,0.00%
1878-07-01,0.31,6.90,3.33%
1878-06-01,0.30,3.45,0.00%
1878-05-01,0.30,3.45,0.00%
1878-04-01,0.30,3.45,0.00%
1878-03-01,0.30,7.14,0.00%
1878-02-01,0.30,7.14,0.00%
1878-01-01,0.30,7.14,0.00%
1877-12-01,0.30,7.14,0.00%
1877-11-01,0.30,3.45,0.00%
1877-10-01,0.30,3.45,3.45%
1877-09-01,0.29,-3.33,0.00%
1877-08-01,0.29,-6.45,0.00%
1877-07-01,0.29,-6.45,0.00%
1877-06-01,0.29,-9.38,0.00%
1877-05-01,0.29,-12.12,0.00%
1877-04-01,0.29,-12.12,3.57%
1877-03-01,0.28,-17.65,0.00%
1877-02-01,0.28,-20.00,0.00%
1877-01-01,0.28,-20.00,0.00%
1876-12-01,0.28,-22.22,-3.45%
1876-11-01,0.29,-21.62,0.00%
1876-10-01,0.29,-23.68,-3.33%
1876-09-01,0.30,-23.08,-3.23%
1876-08-01,0.31,-20.51,0.00%
1876-07-01,0.31,-22.50,-3.13%
1876-06-01,0.32,-21.95,-3.03%
1876-05-01,0.33,-21.43,0.00%
1876-04-01,0.33,-23.26,-2.94%
1876-03-01,0.34,-20.93,-2.86%
1876-02-01,0.35,-20.45,0.00%
1876-01-01,0.35,-22.22,-2.78%
1875-12-01,0.36,-21.74,-2.70%
1875-11-01,0.37,-19.57,-2.63%
1875-10-01,0.38,-17.39,-2.56%
1875-09-01,0.39,-15.22,0.00%
1875-08-01,0.39,-15.22,-2.50%
1875-07-01,0.40,-13.04,-2.44%
1875-06-01,0.41,-10.87,-2.38%
1875-05-01,0.42,-8.70,-2.33%
1875-04-01,0.43,-6.52,0.00%
1875-03-01,0.43,-6.52,-2.27%
1875-02-01,0.44,-4.35,-2.22%
1875-01-01,0.45,-2.17,-2.17%
1874-12-01,0.46,0.00,0.00%
1874-11-01,0.46,0.00,0.00%
1874-10-01,0.46,0.00,0.00%
1874-09-01,0.46,2.22,0.00%
1874-08-01,0.46,2.22,0.00%
1874-07-01,0.46,2.22,0.00%
1874-06-01,0.46,2.22,0.00%
1874-05-01,0.46,4.55,0.00%
1874-04-01,0.46,4.55,0.00%
1874-03-01,0.46,4.55,0.00%
1874-02-01,0.46,6.98,0.00%
1874-01-01,0.46,6.98,0.00%
1873-12-01,0.46,6.98,0.00%
1873-11-01,0.46,6.98,0.00%
1873-10-01,0.46,9.52,2.22%
1873-09-01,0.45,7.14,0.00%
1873-08-01,0.45,7.14,0.00%
1873-07-01,0.45,7.14,0.00%
1873-06-01,0.45,9.76,2.27%
1873-05-01,0.44,7.32,0.00%
1873-04-01,0.44,7.32,0.00%
1873-03-01,0.44,7.32,2.33%
1873-02-01,0.43,4.88,0.00%
1873-01-01,0.43,7.50,0.00%
1872-12-01,0.43,7.50,0.00%
1872-11-01,0.43,7.50,2.38%
1872-10-01,0.42,5.00,0.00%
1872-09-01,0.42,5.00,0.00%
1872-08-01,0.42,5.00,0.00%
1872-07-01,0.42,5.00,2.44%
1872-06-01,0.41,2.50,0.00%
1872-05-01,0.41,2.50,0.00%
1872-04-01,0.41,2.50,0.00%
1872-03-01,0.41,2.50,0.00%
1872-02-01,0.41,2.50,2.50%
1872-01-01,0.40,0.00,0.00%
1871-12-01,0.40,,0.00%
1871-11-01,0.40,,0.00%
1871-10-01,0.40,,0.00%
1871-09-01,0.40,,0.00%
1871-08-01,0.40,,0.00%
1871-07-01,0.40,,0.00%
1871-06-01,0.40,,0.00%
1871-05-01,0.40,,0.00%
1871-04-01,0.40,,0.00%
1871-03-01,0.40,,0.00%
1871-02-01,0.40,,0.00%
1871-01-01,0.40,,#DIV/0!
