Date,Index,Change,MoM,YoY
2023/4/30,47.1,0.8,1.727861771,-15.74239714
2023/3/31,46.3,-1.4,-2.935010482,-18.77192982
2023/2/28,47.7,0.3,0.632911392,-18.32191781
2023/1/31,47.4,-1,-2.066115702,-17.70833333
2022/12/31,48.4,-0.6,-1.224489796,-17.40614334
2022/11/30,49,-1,-2,-19.40789474
2022/10/31,50,-1,-1.960784314,-17.21854305
2022/9/30,51,-1.9,-3.59168242,-15.98023064
2022/8/31,52.9,0.2,0.379506641,-11.24161074
2022/7/31,52.7,-0.4,-0.753295669,-12.16666667
2022/6/30,53.1,-3,-5.347593583,-13.09328969
2022/5/31,56.1,0.2,0.357781753,-9.369951535
2022/4/30,55.9,-1.1,-1.929824561,-8.360655738
2022/3/31,57,-1.4,-2.397260274,-10.65830721
2022/2/28,58.4,0.8,1.388888889,-3.947368421
2022/1/31,57.6,-1,-1.706484642,-2.866779089
2021/12/31,58.6,-2.2,-3.618421053,-2.657807309
2021/11/30,60.8,0.4,0.662251656,6.108202443
2021/10/31,60.4,-0.3,-0.494233937,2.896081772
2021/9/30,60.7,1.1,1.845637584,9.369369369
2021/8/31,59.6,-0.4,-0.666666667,7.581227437
2021/7/31,60,-1.1,-1.800327332,11.52416357
2021/6/30,61.1,-0.8,-1.292407108,16.15969582
2021/5/31,61.9,0.9,1.475409836,42.29885057
2021/4/30,61,-2.8,-4.388714734,45.93301435
2021/3/31,63.8,3,4.934210526,30.20408163
2021/2/28,60.8,1.5,2.529510961,21.35728543
2021/1/31,59.3,-0.9,-1.495016611,15.36964981
2020/12/31,60.2,2.9,5.061082024,25.67849687
2020/11/30,57.3,-1.4,-2.385008518,19.12681913
2020/10/31,58.7,3.2,5.765765766,22.03742204
2020/9/30,55.5,0.1,0.180505415,15.38461538
2020/8/31,55.4,1.6,2.973977695,14.22680412
2020/7/31,53.8,1.2,2.281368821,5.490196078
2020/6/30,52.6,9.1,20.91954023,2.13592233
2020/5/31,43.5,1.7,4.066985646,-17.30038023
2020/4/30,41.8,-7.2,-14.69387755,-22.01492537
2020/3/31,49,-1.1,-2.195608782,-10.74681239
2020/2/29,50.1,-1.3,-2.529182879,-7.904411765
2020/1/31,51.4,3.5,7.306889353,-7.719928187
2019/12/31,47.9,-0.2,-0.415800416,-12.75045537
2019/11/30,48.1,0,0,-17.91808874
2019/10/31,48.1,0,0,-17.21170396
2019/9/30,48.1,-0.4,-0.824742268,-18.88701518
2019/8/31,48.5,-2.5,-4.901960784,-19.83471074
2019/7/31,51,-0.5,-0.970873786,-12.22030981
2019/6/30,51.5,-1.1,-2.091254753,-14.02337229
2019/5/31,52.6,-1,-1.865671642,-10.84745763
2019/4/30,53.6,-1.3,-2.367941712,-8.532423208
2019/3/31,54.9,0.5,0.919117647,-6.632653061
2019/2/28,54.4,-1.3,-2.333931777,-10.67323481
2019/1/31,55.7,0.8,1.4571949,-6.228956229
2018/12/31,54.9,-3.7,-6.313993174,-8.040201005
2018/11/30,58.6,0.5,0.860585198,1.736111111
2018/10/31,58.1,-1.2,-2.023608769,-0.853242321
2018/9/30,59.3,-1.2,-1.983471074,-1.166666667
2018/8/31,60.5,2.4,4.13080895,3.595890411
2018/7/31,58.1,-1.8,-3.005008347,2.831858407
2018/6/30,59.9,0.9,1.525423729,6.583629893
2018/5/31,59,0.4,0.682593857,4.609929078
2018/4/30,58.6,-0.2,-0.340136054,5.017921147
2018/3/31,58.8,-2.1,-3.448275862,4.07079646
2018/2/28,60.9,1.5,2.525252525,5.54592721
2018/1/31,59.4,-0.3,-0.502512563,6.642728905
2017/12/31,59.7,2.1,3.645833333,9.742647059
2017/11/30,57.6,-1,-1.706484642,8.270676692
2017/10/31,58.6,-1.4,-2.333333333,13.12741313
2017/9/30,60,1.6,2.739726027,17.41682975
2017/8/31,58.4,1.9,3.362831858,17.26907631
2017/7/31,56.5,0.3,0.533807829,7.210626186
2017/6/30,56.2,-0.2,-0.354609929,7.662835249
2017/5/31,56.4,0.6,1.075268817,9.727626459
2017/4/30,55.8,-0.7,-1.238938053,8.771929825
2017/3/31,56.5,-1.2,-2.079722704,10.78431373
2017/2/28,57.7,2,3.590664273,17.27642276
2017/1/31,55.7,1.3,2.389705882,17.01680672
2016/12/31,54.4,1.2,2.255639098,11.70431211
2016/11/30,53.2,1.4,2.702702703,8.350305499
2016/10/31,51.8,0.7,1.369863014,5.49898167
2016/9/30,51.1,1.3,2.610441767,1.996007984
2016/8/31,49.8,-2.9,-5.5028463,-0.796812749
2016/7/31,52.7,0.5,0.957854406,1.346153846
2016/6/30,52.2,0.8,1.556420233,-0.571428571
2016/5/31,51.4,0.1,0.194931774,-2.835538752
2016/4/30,51.3,0.3,0.588235294,-1.156069364
2016/3/31,51,1.8,3.658536585,-2.111324376
2016/2/29,49.2,1.6,3.361344538,-7.169811321
2016/1/31,47.6,-1.1,-2.258726899,-11.68831169
2015/12/31,48.7,-0.4,-0.814663951,-12.56732496
2015/11/30,49.1,0,0,-12.78863233
2015/10/31,49.1,-1,-1.996007984,-12.63345196
2015/9/30,50.1,-0.1,-0.199203187,-10.05385996
2015/8/31,50.2,-1.8,-3.461538462,-10.8348135
2015/7/31,52,-0.5,-0.952380952,-5.626134301
2015/6/30,52.5,-0.4,-0.756143667,-4.545454545
2015/5/31,52.9,1,1.926782274,-5.026929982
2015/4/30,51.9,-0.2,-0.383877159,-8.303886926
2015/3/31,52.1,-0.9,-1.698113208,-6.797853309
2015/2/28,53,-0.9,-1.669758813,-3.636363636
2015/1/31,53.9,-1.8,-3.231597846,2.666666667
2014/12/31,55.7,-0.6,-1.065719361,-1.415929204
2014/11/30,56.3,0.1,0.177935943,1.441441441
2014/10/31,56.2,0.5,0.897666068,2.93040293
2014/9/30,55.7,-0.6,-1.065719361,2.014652015
2014/8/31,56.3,1.2,2.177858439,4.259259259
2014/7/31,55.1,0.1,0.181818182,2.416356877
2014/6/30,55,-0.7,-1.256732496,7.632093933
2014/5/31,55.7,-0.9,-1.590106007,9.645669291
2014/4/30,56.6,0.7,1.252236136,10.98039216
2014/3/31,55.9,0.9,1.636363636,7.707129094
2014/2/28,55,2.5,4.761904762,1.47601476
2014/1/31,52.5,-4,-7.079646018,-1.500938086
2013/12/31,56.5,1,1.801801802,12.7744511
2013/11/30,55.5,0.9,1.648351648,15.625
2013/10/31,54.6,0,0,8.118811881
2013/9/30,54.6,0.6,1.111111111,7.480314961
2013/8/31,54,0.2,0.371747212,10.20408163
2013/7/31,53.8,2.7,5.283757339,8.467741935
2013/6/30,51.1,0.3,0.590551181,3.232323232
2013/5/31,50.8,-0.2,-0.392156863,-4.511278195
2013/4/30,51,-0.9,-1.734104046,-7.608695652
2013/3/31,51.9,-2.3,-4.243542435,-2.990654206
2013/2/28,54.2,0.9,1.688555347,1.688555347
2013/1/31,53.3,3.2,6.387225549,-1.660516605
2012/12/31,50.1,2.1,4.375,-5.471698113
2012/11/30,48,-2.5,-4.95049505,-7.335907336
2012/10/31,50.5,-0.3,-0.590551181,-1.750972763
2012/9/30,50.8,1.8,3.673469388,-5.400372439
2012/8/31,49,-0.6,-1.209677419,-6.844106464
2012/7/31,49.6,0.1,0.202020202,-6.238185255
2012/6/30,49.5,-3.7,-6.954887218,-11.29032258
2012/5/31,53.2,-2,-3.623188406,-2.919708029
2012/4/30,55.2,1.7,3.177570093,-4.663212435
2012/3/31,53.5,0.2,0.375234522,-8.390410959
2012/2/29,53.3,-0.9,-1.660516605,-9.966216216
2012/1/31,54.2,1.2,2.264150943,-8.291032149
2011/12/31,53,1.2,2.316602317,-6.360424028
2011/11/30,51.8,0.4,0.778210117,-9.598603839
2011/10/31,51.4,-2.3,-4.283054004,-9.666080844
2011/9/30,53.7,1.1,2.091254753,-2.893309222
2011/8/31,52.6,-0.3,-0.56710775,-6.737588652
2011/7/31,52.9,-2.9,-5.197132616,-5.704099822
2011/6/30,55.8,1,1.824817518,-1.238938053
2011/5/31,54.8,-3.1,-5.354058722,-4.529616725
2011/4/30,57.9,-0.5,-0.856164384,-0.344234079
2011/3/31,58.4,-0.8,-1.351351351,-0.680272109
2011/2/28,59.2,0.1,0.169204738,6.666666667
2011/1/31,59.1,2.5,4.416961131,4.973357016
2010/12/31,56.6,-0.7,-1.221640489,1.433691756
2010/11/30,57.3,0.4,0.702987698,3.429602888
2010/10/31,56.9,1.6,2.893309222,-1.215277778
2010/9/30,55.3,-1.1,-1.95035461,0.72859745
2010/8/31,56.4,0.3,0.534759358,5.617977528
2010/7/31,56.1,-0.4,-0.707964602,12.87726358
2010/6/30,56.5,-0.9,-1.567944251,22.03023758
2010/5/31,57.4,-0.7,-1.204819277,30.15873016
2010/4/30,58.1,-0.7,-1.19047619,45.61403509
2010/3/31,58.8,3.3,5.945945946,58.06451613
2010/2/28,55.5,-0.8,-1.420959147,51.63934426
2010/1/31,56.3,0.5,0.896057348,54.67032967
2009/12/31,55.8,0.4,0.722021661,61.73913043
2009/11/30,55.4,-2.2,-3.819444444,42.05128205
2009/10/31,57.6,2.7,4.918032787,50.78534031
2009/9/30,54.9,1.5,2.808988764,16.31355932
2009/8/31,53.4,3.7,7.444668008,6.586826347
2009/7/31,49.7,3.4,7.343412527,-2.165354331
2009/6/30,46.3,2.2,4.988662132,-7.214428858
2009/5/31,44.1,4.2,10.52631579,-9.81595092
2009/4/30,39.9,2.7,7.258064516,-17.73195876
2009/3/31,37.2,0.6,1.639344262,-25.15090543
2009/2/28,36.6,0.2,0.549450549,-25
2009/1/31,36.4,1.9,5.507246377,-28.48722986
2008/12/31,34.5,-4.5,-11.53846154,-31.13772455
2008/11/30,39,0.8,2.094240838,-24.27184466
2008/10/31,38.2,-9,-19.06779661,-27.65151515
2008/9/30,47.2,-2.9,-5.788423154,-12.26765799
2008/8/31,50.1,-0.7,-1.377952756,-4.022988506
2008/7/31,50.8,0.9,1.803607214,-1.930501931
2008/6/30,49.9,1,2.044989775,-7.592592593
2008/5/31,48.9,0.4,0.824742268,-7.90960452
2008/4/30,48.5,-1.2,-2.414486922,-7.969639469
2008/3/31,49.7,0.9,1.844262295,-5.871212121
2008/2/29,48.8,-2.1,-4.125736739,-9.796672828
2008/1/31,50.9,0.8,1.596806387,0.992063492
2007/12/31,50.1,-1.4,-2.718446602,-2.529182879
2007/11/30,51.5,-1.3,-2.462121212,2.385685885
2007/10/31,52.8,-1,-1.858736059,2.723735409
2007/9/30,53.8,1.6,3.0651341,3.0651341
2007/8/31,52.2,0.4,0.772200772,-2.793296089
2007/7/31,51.8,-2.2,-4.074074074,-2.264150943
2007/6/30,54,0.9,1.694915254,3.846153846
2007/5/31,53.1,0.4,0.759013283,-1.117318436
2007/4/30,52.7,-0.1,-0.189393939,-4.528985507
2007/3/31,52.8,-1.3,-2.402957486,-2.762430939
2007/2/28,54.1,3.7,7.341269841,-3.046594982
2007/1/31,50.4,-1,-1.945525292,-8.363636364
2006/12/31,51.4,1.1,2.186878728,-6.715063521
2006/11/30,50.3,-1.1,-2.140077821,-11.28747795
2006/10/31,51.4,-0.8,-1.53256705,-10.13986014
2006/9/30,52.2,-1.5,-2.793296089,-8.098591549
2006/8/31,53.7,0.7,1.320754717,2.480916031
2006/7/31,53,1,1.923076923,0.378787879
2006/6/30,52,-1.7,-3.165735568,-0.763358779
2006/5/31,53.7,-1.5,-2.717391304,5.708661417
2006/4/30,55.2,0.9,1.657458564,5.747126437
2006/3/31,54.3,-1.5,-2.688172043,-1.630434783
2006/2/28,55.8,0.8,1.454545455,0.540540541
2006/1/31,55,-0.1,-0.181488203,-3.169014085
2005/12/31,55.1,-1.6,-2.821869489,-3.671328671
2005/11/30,56.7,-0.5,-0.874125874,0.889679715
2005/10/31,57.2,0.4,0.704225352,1.598579041
2005/9/30,56.8,4.4,8.396946565,-1.045296167
2005/8/31,52.4,-0.4,-0.757575758,-10.42735043
2005/7/31,52.8,0.4,0.763358779,-11.85308848
2005/6/30,52.4,1.6,3.149606299,-13.38842975
2005/5/31,50.8,-1.4,-2.681992337,-17.26384365
2005/4/30,52.2,-3,-5.434782609,-13.86138614
2005/3/31,55.2,-0.3,-0.540540541,-8.910891089
2005/2/28,55.5,-1.3,-2.288732394,-7.34557596
2005/1/31,56.8,-0.4,-0.699300699,-6.578947368
2004/12/31,57.2,1,1.779359431,-4.825291181
2004/11/30,56.2,-0.1,-0.177619893,-3.767123288
2004/10/31,56.3,-1.1,-1.916376307,1.992753623
2004/9/30,57.4,-1.1,-1.88034188,9.541984733
2004/8/31,58.5,-1.4,-2.337228715,9.962406015
2004/7/31,59.9,-0.6,-0.991735537,17.45098039
2004/6/30,60.5,-0.9,-1.465798046,23.46938776
2004/5/31,61.4,0.8,1.320132013,25.30612245
2004/4/30,60.6,0,0,31.45336226
2004/3/31,60.6,0.7,1.168614357,30.88552916
2004/2/29,59.9,-0.9,-1.480263158,22.74590164
2004/1/31,60.8,0.7,1.164725458,18.51851852
2003/12/31,60.1,1.7,2.910958904,16.47286822
2003/11/30,58.4,3.2,5.797101449,20.41237113
2003/10/31,55.2,2.8,5.34351145,12.65306122
2003/9/30,52.4,-0.8,-1.503759398,3.762376238
2003/8/31,53.2,2.2,4.31372549,5.765407555
2003/7/31,51,2,4.081632653,1.593625498
2003/6/30,49,0,0,-8.582089552
2003/5/31,49,2.9,6.290672451,-7.721280603
2003/4/30,46.1,-0.2,-0.431965443,-12.02290076
2003/3/31,46.3,-2.5,-5.12295082,-11.64122137
2003/2/28,48.8,-2.5,-4.873294347,-3.747534517
2003/1/31,51.3,-0.3,-0.581395349,8
2002/12/31,51.6,3.1,6.391752577,13.90728477
2002/11/30,48.5,-0.5,-1.020408163,9.977324263
2002/10/31,49,-1.5,-2.97029703,20.09803922
2002/9/30,50.5,0.2,0.397614314,9.307359307
2002/8/31,50.3,0.1,0.199203187,8.639308855
2002/7/31,50.2,-3.4,-6.343283582,15.40229885
2002/6/30,53.6,0.5,0.941619586,24.07407407
2002/5/31,53.1,0.7,1.335877863,28.57142857
2002/4/30,52.4,0,0,22.71662763
2002/3/31,52.4,1.7,3.353057199,21.57772622
2002/2/28,50.7,3.2,6.736842105,20.42755344
2002/1/31,47.5,2.2,4.856512141,12.29314421
2001/12/31,45.3,1.2,2.721088435,3.189066059
2001/11/30,44.1,3.3,8.088235294,-9.072164948
2001/10/31,40.8,-5.4,-11.68831169,-16.22176591
2001/9/30,46.2,-0.1,-0.215982721,-7.042253521
2001/8/31,46.3,2.8,6.436781609,-7.214428858
2001/7/31,43.5,0.3,0.694444444,-17.14285714
2001/6/30,43.2,1.9,4.600484262,-15.95330739
2001/5/31,41.3,-1.4,-3.278688525,-22.36842105
2001/4/30,42.7,-0.4,-0.928074246,-21.93784278
2001/3/31,43.1,1,2.375296912,-21.49362477
2001/2/28,42.1,-0.2,-0.472813239,-24.55197133
2001/1/31,42.3,-1.6,-3.644646925,-25.3968254
2000/12/31,43.9,-4.6,-9.484536082,-24.04844291
2000/11/30,48.5,-0.2,-0.410677618,-16.5232358
2000/10/31,48.7,-1,-2.012072435,-14.86013986
2000/9/30,49.7,-0.2,-0.400801603,-12.80701754
2000/8/31,49.9,-2.6,-4.952380952,-8.941605839
2000/7/31,52.5,1.1,2.140077821,-2.052238806
2000/6/30,51.4,-1.8,-3.383458647,-7.885304659
2000/5/31,53.2,-1.5,-2.742230347,-2.025782689
2000/4/30,54.7,-0.2,-0.364298725,4.588910134
2000/3/31,54.9,-0.9,-1.612903226,4.770992366
2000/2/29,55.8,-0.9,-1.587301587,7.930367505
2000/1/31,56.7,-1.1,-1.903114187,12.05533597
1999/12/31,57.8,-0.3,-0.516351119,23.5042735
1999/11/30,58.1,0.9,1.573426573,20.53941909
1999/10/31,57.2,0.2,0.350877193,17.45379877
1999/9/30,57,2.2,4.01459854,17.04312115
1999/8/31,54.8,1.2,2.23880597,11.15618661
1999/7/31,53.6,-2.2,-3.94265233,8.943089431
1999/6/30,55.8,1.5,2.762430939,14.11042945
1999/5/31,54.3,2,3.824091778,6.679764244
1999/4/30,52.3,-0.1,-0.190839695,0.191570881
1999/3/31,52.4,0.7,1.353965184,-0.945179584
1999/2/28,51.7,1.1,2.173913043,-2.268431002
1999/1/31,50.6,3.8,8.11965812,-5.94795539
1998/12/31,46.8,-1.4,-2.904564315,-14.12844037
1998/11/30,48.2,-0.5,-1.026694045,-13.46499102
1998/10/31,48.7,0,0,-13.65248227
1998/9/30,48.7,-0.6,-1.21703854,-9.647495362
1998/8/31,49.3,0.1,0.203252033,-12.43339254
1998/7/31,49.2,0.3,0.613496933,-14.73136915
1998/6/30,48.9,-2,-3.929273084,-10.92896175
1998/5/31,50.9,-1.3,-2.490421456,-9.26916221
1998/4/30,52.2,-0.7,-1.323251418,-2.793296089
1998/3/31,52.9,0,0,-1.672862454
1998/2/28,52.9,-0.9,-1.672862454,-0.376647834
1998/1/31,53.8,-0.7,-1.28440367,0
1997/12/31,54.5,-1.2,-2.154398564,-1.268115942
1997/11/30,55.7,-0.7,-1.241134752,5.094339623
1997/10/31,56.4,2.5,4.638218924,11.68316832
1997/9/30,53.9,-2.4,-4.262877442,5.479452055
1997/8/31,56.3,-1.4,-2.426343154,9.108527132
1997/7/31,57.7,2.8,5.100182149,16.09657948
1997/6/30,54.9,-1.2,-2.139037433,2.425373134
1997/5/31,56.1,2.4,4.469273743,14.25661914
1997/4/30,53.7,-0.1,-0.185873606,8.92494929
1997/3/31,53.8,0.7,1.31826742,14.71215352
1997/2/28,53.1,-0.7,-1.301115242,15.68627451
1997/1/31,53.8,-1.4,-2.536231884,18.24175824
1996/12/31,55.2,2.2,4.150943396,19.48051948
1996/11/30,53,2.5,4.95049505,15.46840959
1996/10/31,50.5,-0.6,-1.174168297,8.137044968
1996/9/30,51.1,-0.5,-0.968992248,6.237006237
1996/8/31,51.6,1.9,3.822937626,9.554140127
1996/7/31,49.7,-3.9,-7.276119403,-1.972386588
1996/6/30,53.6,4.5,9.16496945,16.77559913
1996/5/31,49.1,-0.2,-0.405679513,5.139186296
1996/4/30,49.3,2.4,5.117270789,-4.27184466
1996/3/31,46.9,1,2.178649237,-9.980806142
1996/2/29,45.9,0.4,0.879120879,-16.6969147
1996/1/31,45.5,-0.7,-1.515151515,-20.73170732
1995/12/31,46.2,0.3,0.653594771,-17.64705882
1995/11/30,45.9,-0.8,-1.713062099,-22.46621622
1995/10/31,46.7,-1.4,-2.910602911,-21.38047138
1995/9/30,48.1,1,2.123142251,-18.47457627
1995/8/31,47.1,-3.6,-7.100591716,-18.79310345
1995/7/31,50.7,4.8,10.45751634,-13.33333333
1995/6/30,45.9,-0.8,-1.713062099,-21.93877551
1995/5/31,46.7,-4.8,-9.32038835,-19.75945017
1995/4/30,51.5,-0.6,-1.151631478,-10.27874564
1995/3/31,52.1,-3,-5.444646098,-8.435852373
1995/2/28,55.1,-2.3,-4.006968641,-2.477876106
1995/1/31,57.4,1.3,2.317290553,2.5
1994/12/31,56.1,-3.1,-5.236486486,0.899280576
1994/11/30,59.2,-0.2,-0.336700337,10.03717472
1994/10/31,59.4,0.4,0.677966102,11.23595506
1994/9/30,59,1,1.724137931,16.14173228
1994/8/31,58,-0.5,-0.854700855,14.39842209
1994/7/31,58.5,-0.3,-0.510204082,16.53386454
1994/6/30,58.8,0.6,1.030927835,18.5483871
1994/5/31,58.2,0.8,1.393728223,13.671875
1994/4/30,57.4,0.5,0.878734622,14.34262948
1994/3/31,56.9,0.4,0.707964602,6.355140187
1994/2/28,56.5,0.5,0.892857143,2.355072464
1994/1/31,56,0.4,0.71942446,0.358422939
1993/12/31,55.6,1.8,3.345724907,2.58302583
1993/11/30,53.8,0.4,0.74906367,0.373134328
1993/10/31,53.4,2.6,5.118110236,6.163021869
1993/9/30,50.8,0.1,0.197238659,2.213279678
1993/8/31,50.7,0.5,0.996015936,-5.056179775
1993/7/31,50.2,0.6,1.209677419,-6.864564007
1993/6/30,49.6,-1.6,-3.125,-7.462686567
1993/5/31,51.2,1,1.992031873,-8.078994614
1993/4/30,50.2,-3.3,-6.168224299,-4.562737643
1993/3/31,53.5,-1.7,-3.079710145,-2.014652015
1993/2/28,55.2,-0.6,-1.075268817,4.743833017
1993/1/31,55.8,1.6,2.95202952,17.97040169
1992/12/31,54.2,0.6,1.119402985,15.81196581
1992/11/30,53.6,3.3,6.560636183,8.282828283
1992/10/31,50.3,0.6,1.207243461,-5.27306968
1992/9/30,49.7,-3.7,-6.928838951,-9.471766849
1992/8/31,53.4,-0.5,-0.927643785,0.945179584
1992/7/31,53.9,0.3,0.559701493,6.52173913
1992/6/30,53.6,-2.1,-3.770197487,6.560636183
1992/5/31,55.7,3.1,5.893536122,25.16853933
1992/4/30,52.6,-2,-3.663003663,22.89719626
1992/3/31,54.6,1.9,3.605313093,34.15233415
1992/2/29,52.7,5.4,11.41649049,33.75634518
1992/1/31,47.3,0.5,1.068376068,20.66326531
1991/12/31,46.8,-2.7,-5.454545455,14.70588235
1991/11/30,49.5,-3.6,-6.779661017,19.85472155
1991/10/31,53.1,-1.8,-3.278688525,22.91666667
1991/9/30,54.9,2,3.780718336,23.37078652
1991/8/31,52.9,2.3,4.545454545,14.7505423
1991/7/31,50.6,0.3,0.596421471,8.583690987
1991/6/30,50.3,5.8,13.03370787,2.235772358
1991/5/31,44.5,1.7,3.971962617,-10.1010101
1991/4/30,42.8,2.1,5.15970516,-14.4
1991/3/31,40.7,1.3,3.299492386,-18.43687375
1991/2/28,39.4,0.2,0.510204082,-19.75560081
1991/1/31,39.2,-1.6,-3.921568627,-16.94915254
1990/12/31,40.8,-0.5,-1.210653753,-13.92405063
1990/11/30,41.3,-1.9,-4.398148148,-11.75213675
1990/10/31,43.2,-1.3,-2.921348315,-7.692307692
1990/9/30,44.5,-1.6,-3.470715835,-3.260869565
1990/8/31,46.1,-0.5,-1.072961373,2.2172949
1990/7/31,46.6,-2.6,-5.284552846,1.525054466
1990/6/30,49.2,-0.3,-0.606060606,4.016913319
1990/5/31,49.5,-0.5,-1,0.405679513
1990/4/30,50,0.1,0.200400802,-4.214559387
1990/3/31,49.9,0.8,1.629327902,-3.106796117
1990/2/28,49.1,1.9,4.025423729,-9.242144177
1990/1/31,47.2,-0.2,-0.421940928,-13.71115174
1989/12/31,47.4,0.6,1.282051282,-15.35714286
1989/11/30,46.8,0,0,-15.82733813
1989/10/31,46.8,0.8,1.739130435,-15.5234657
1989/9/30,46,0.9,1.99556541,-15.59633028
1989/8/31,45.1,-0.8,-1.74291939,-19.46428571
1989/7/31,45.9,-1.4,-2.959830867,-21.13402062
1989/6/30,47.3,-2,-4.056795132,-20.23608769
1989/5/31,49.3,-2.9,-5.555555556,-11.17117117
1989/4/30,52.2,0.7,1.359223301,-6.451612903
1989/3/31,51.5,-2.6,-4.805914972,-5.677655678
1989/2/28,54.1,-0.6,-1.096892139,-3.736654804
1989/1/31,54.7,-1.3,-2.321428571,-4.869565217
1988/12/31,56,0.4,0.71942446,-8.196721311
1988/11/30,55.6,0.2,0.36101083,-5.442176871
1988/10/31,55.4,0.9,1.651376147,-8.731466227
1988/9/30,54.5,-1.5,-2.678571429,-9.166666667
1988/8/31,56,-2.2,-3.780068729,-5.564924115
1988/7/31,58.2,-1.1,-1.854974705,1.217391304
1988/6/30,59.3,3.8,6.846846847,3.31010453
1988/5/31,55.5,-0.3,-0.537634409,-2.972027972
1988/4/30,55.8,1.2,2.197802198,0.540540541
1988/3/31,54.6,-1.6,-2.846975089,-0.727272727
1988/2/29,56.2,-1.3,-2.260869565,6.844106464
1988/1/31,57.5,-3.5,-5.737704918,4.735883424
1987/12/31,61,2.2,3.741496599,20.79207921
1987/11/30,58.8,-1.9,-3.13014827,14.84375
1987/10/31,60.7,0.7,1.166666667,18.5546875
1987/9/30,60,0.7,1.180438449,14.50381679
1987/8/31,59.3,1.8,3.130434783,12.73764259
1987/7/31,57.5,0.1,0.174216028,19.79166667
1987/6/30,57.4,0.2,0.34965035,13.66336634
1987/5/31,57.2,1.7,3.063063063,7.116104869
1987/4/30,55.5,0.5,0.909090909,11.67002012
1987/3/31,55,2.4,4.562737643,7.843137255
1987/2/28,52.6,-2.3,-4.189435337,3.137254902
1987/1/31,54.9,4.4,8.712871287,7.2265625
1986/12/31,50.5,-0.7,-1.3671875,-0.394477318
1986/11/30,51.2,0,0,-1.538461538
1986/10/31,51.2,-1.2,-2.290076336,0.589390963
1986/9/30,52.4,-0.2,-0.380228137,5.01002004
1986/8/31,52.6,4.6,9.583333333,10.27253669
1986/7/31,48,-2.5,-4.95049505,0.208768267
1986/6/30,50.5,-2.9,-5.43071161,5.648535565
1986/5/31,53.4,3.7,7.444668008,13.37579618
1986/4/30,49.7,-1.3,-2.549019608,3.112033195
1986/3/31,51,0,0,6.694560669
1986/2/28,51,-0.2,-0.390625,2.204408818
1986/1/31,51.2,0.5,0.986193294,1.789264414
1985/12/31,50.7,-1.3,-2.5,0.197628458
1985/11/30,52,1.1,2.161100196,3.37972167
1985/10/31,50.9,1,2.004008016,0.196850394
1985/9/30,49.9,2.2,4.612159329,-0.2
1985/8/31,47.7,-0.2,-0.417536534,-10
1985/7/31,47.9,0.1,0.209205021,-14.61675579
1985/6/30,47.8,0.7,1.486199575,-17.72805508
1985/5/31,47.1,-1.1,-2.282157676,-19.62457338
1985/4/30,48.2,0.4,0.836820084,-20.98360656
1985/3/31,47.8,-2.1,-4.208416834,-18.84550085
1985/2/28,49.9,-0.4,-0.795228628,-18.59706362
1985/1/31,50.3,-0.3,-0.592885375,-16.85950413
1984/12/31,50.6,0.3,0.596421471,-27.61087268
1984/11/30,50.3,-0.5,-0.984251969,-23.78787879
1984/10/31,50.8,0.8,1.6,-21.11801242
1984/9/30,50,-3,-5.660377358,-20
1984/8/31,53,-3.1,-5.525846702,-16.00633914
1984/7/31,56.1,-2,-3.442340792,-11.79245283
1984/6/30,58.1,-0.5,-0.853242321,1.043478261
1984/5/31,58.6,-2.4,-3.93442623,4.456327986
1984/4/30,61,2.1,3.565365025,12.54612546
1984/3/31,58.9,-2.4,-3.915171289,9.276437848
1984/2/29,61.3,0.8,1.32231405,12.68382353
1984/1/31,60.5,-9.4,-13.44778255,31.52173913
1983/12/31,69.9,3.9,5.909090909,63.31775701
1983/11/30,66,1.6,2.48447205,68.36734694
1983/10/31,64.4,1.9,3.04,63.45177665
1983/9/30,62.5,-0.6,-0.950871632,61.08247423
1983/8/31,63.1,-0.5,-0.786163522,64.75195822
1983/7/31,63.6,6.1,10.60869565,65.625
1983/6/30,57.5,1.4,2.495543672,50.1305483
1983/5/31,56.1,1.9,3.505535055,58.02816901
1983/4/30,54.2,0.3,0.556586271,43.38624339
1983/3/31,53.9,-0.5,-0.919117647,46.4673913
1983/2/28,54.4,8.4,18.26086957,42.03655352
1983/1/31,46,3.2,7.476635514,20.41884817
1982/12/31,42.8,3.6,9.183673469,13.22751323
1982/11/30,39.2,-0.2,-0.507614213,8.587257618
1982/10/31,39.4,0.6,1.546391753,-1.5
1982/9/30,38.8,0.5,1.305483029,-8.705882353
1982/8/31,38.3,-0.1,-0.260416667,-20.70393375
1982/7/31,38.4,0.1,0.261096606,-17.77301927
1982/6/30,38.3,2.8,7.887323944,-24.45759369
1982/5/31,35.5,-2.3,-6.084656085,-33.64485981
1982/4/30,37.8,1,2.717391304,-26.74418605
1982/3/31,36.8,-1.5,-3.916449086,-25.80645161
1982/2/28,38.3,0.1,0.261780105,-21.51639344
1982/1/31,38.2,0.4,1.058201058,-22.35772358
1981/12/31,37.8,1.7,4.709141274,-28.67924528
1981/11/30,36.1,-3.9,-9.75,-37.97250859
1981/10/31,40,-2.5,-5.882352941,-27.92792793
1981/9/30,42.5,-5.8,-12.00828157,-15.16966068
1981/8/31,48.3,1.6,3.426124197,6.153846154
1981/7/31,46.7,-4,-7.889546351,33.42857143
1981/6/30,50.7,-2.8,-5.23364486,67.32673267
1981/5/31,53.5,1.9,3.682170543,81.97278912
1981/4/30,51.6,2,4.032258065,37.96791444
1981/3/31,49.6,0.8,1.639344262,13.76146789
1981/2/28,48.8,-0.4,-0.81300813,-2.788844622
1981/1/31,49.2,-3.8,-7.169811321,6.493506494
1980/12/31,53,-5.2,-8.934707904,18.30357143
1980/11/30,58.2,2.7,4.864864865,21.25
1980/10/31,55.5,5.4,10.77844311,13.26530612
1980/9/30,50.1,4.6,10.10989011,1.008064516
1980/8/31,45.5,10.5,30,-8.080808081
1980/7/31,35,4.7,15.51155116,-31.77387914
1980/6/30,30.3,0.9,3.06122449,-42.50474383
1980/5/31,29.4,-8,-21.39037433,-45.95588235
1980/4/30,37.4,-6.2,-14.22018349,-33.4519573
1980/3/31,43.6,-6.6,-13.14741036,-24.43674177
1980/2/29,50.2,4,8.658008658,-13.74570447
1980/1/31,46.2,1.4,3.125,-21.02564103
1979/12/31,44.8,-3.2,-6.666666667,-24.57912458
1979/11/30,48,-1,-2.040816327,-21.69657423
1979/10/31,49,-0.6,-1.209677419,-18.46921797
1979/9/30,49.6,0.1,0.202020202,-18.01652893
1979/8/31,49.5,-1.8,-3.50877193,-17.91044776
1979/7/31,51.3,-1.4,-2.65654649,-17.52411576
1979/6/30,52.7,-1.7,-3.125,-12.89256198
1979/5/31,54.4,-1.8,-3.202846975,-9.634551495
1979/4/30,56.2,-1.5,-2.59965338,-2.59965338
1979/3/31,57.7,-0.5,-0.859106529,4.909090909
1979/2/28,58.2,-0.3,-0.512820513,4.114490161
1979/1/31,58.5,-0.9,-1.515151515,1.916376307
1978/12/31,59.4,-1.9,-3.099510604,-0.668896321
1978/11/30,61.3,1.2,1.996672213,9.26916221
1978/10/31,60.1,-0.4,-0.661157025,8.483754513
1978/9/30,60.5,0.2,0.331674959,12.24489796
1978/8/31,60.3,-1.9,-3.054662379,9.836065574
1978/7/31,62.2,1.7,2.809917355,7.798960139
1978/6/30,60.5,0.3,0.49833887,6.514084507
1978/5/31,60.2,2.5,4.332755633,0.837520938
1978/4/30,57.7,2.7,4.909090909,1.405975395
1978/3/31,55,-0.9,-1.610017889,-5.821917808
1978/2/28,55.9,-1.5,-2.613240418,1.636363636
1978/1/31,57.4,-2.4,-4.013377926,4.744525547
1977/12/31,59.8,3.7,6.595365419,5.653710247
1977/11/30,56.1,0.7,1.263537906,8.510638298
1977/10/31,55.4,1.5,2.782931354,3.551401869
1977/9/30,53.9,-1,-1.821493625,0.559701493
1977/8/31,54.9,-2.8,-4.852686308,0.733944954
1977/7/31,57.7,0.9,1.584507042,3.220035778
1977/6/30,56.8,-2.9,-4.857621441,-2.405498282
1977/5/31,59.7,2.8,4.920913884,1.530612245
1977/4/30,56.9,-1.5,-2.568493151,-6.105610561
1977/3/31,58.4,3.4,6.181818182,0
1977/2/28,55,0.2,0.364963504,-10.56910569
1977/1/31,54.8,-1.8,-3.180212014,-6.802721088
1976/12/31,56.6,4.9,9.477756286,3.096539162
1976/11/30,51.7,-1.8,-3.364485981,-5.137614679
1976/10/31,53.5,-0.1,-0.186567164,-3.603603604
1976/9/30,53.6,-0.9,-1.651376147,-1.470588235
1976/8/31,54.5,-1.4,-2.504472272,6.031128405
1976/7/31,55.9,-2.3,-3.951890034,18.43220339
1976/6/30,58.2,-0.6,-1.020408163,29.04656319
1976/5/31,58.8,-1.8,-2.97029703,42.7184466
1976/4/30,60.6,2.2,3.767123288,61.6
1976/3/31,58.4,-3.1,-5.040650407,84.81012658
1976/2/29,61.5,2.7,4.591836735,78.77906977
1976/1/31,58.8,3.9,7.103825137,91.53094463
1975/12/31,54.9,0.4,0.733944954,77.66990291
1975/11/30,54.5,-1,-1.801801802,43.7994723
1975/10/31,55.5,1.1,2.022058824,29.9765808
1975/9/30,54.4,3,5.836575875,17.74891775
1975/8/31,51.4,4.2,8.898305085,-2.835538752
1975/7/31,47.2,2.1,4.65631929,-13.86861314
1975/6/30,45.1,3.9,9.466019417,-17.55027422
1975/5/31,41.2,3.7,9.866666667,-26.03231598
1975/4/30,37.5,5.9,18.67088608,-37.39565943
1975/3/31,31.6,-2.8,-8.139534884,-48.86731392
1975/2/28,34.4,3.7,12.05211726,-41.29692833
1975/1/31,30.7,-0.2,-0.647249191,-50.56360709
1974/12/31,30.9,-7,-18.46965699,-51.41509434
1974/11/30,37.9,-4.8,-11.2412178,-44.34654919
1974/10/31,42.7,-3.5,-7.575757576,-35.49848943
1974/9/30,46.2,-6.7,-12.66540643,-27.24409449
1974/8/31,52.9,-1.9,-3.467153285,-15.62998405
1974/7/31,54.8,0.1,0.182815356,-5.190311419
1974/6/30,54.7,-1,-1.795332136,-15.84615385
1974/5/31,55.7,-4.2,-7.011686144,-14.04320988
1974/4/30,59.9,-1.9,-3.074433657,-11.52141802
1974/3/31,61.8,3.2,5.460750853,-11.20689655
1974/2/28,58.6,-3.5,-5.636070853,-15.8045977
1974/1/31,62.1,-1.5,-2.358490566,-13.86962552
1973/12/31,63.6,-4.5,-6.607929515,-9.787234043
1973/11/30,68.1,1.9,2.870090634,-2.575107296
1973/10/31,66.2,2.7,4.251968504,-1.194029851
1973/9/30,63.5,0.8,1.275917065,-2.457757296
1973/8/31,62.7,4.9,8.477508651,1.620745543
1973/7/31,57.8,-7.2,-11.07692308,-3.826955075
1973/6/30,65,0.2,0.308641975,10.92150171
1973/5/31,64.8,-2.9,-4.283604136,5.537459283
1973/4/30,67.7,-1.9,-2.729885057,14.16526138
1973/3/31,69.6,0,0,16.38795987
1973/2/28,69.6,-2.5,-3.46740638,14.85148515
1973/1/31,72.1,1.6,2.269503546,20.97315436
1972/12/31,70.5,0.6,0.858369099,22.39583333
1972/11/30,69.9,2.9,4.328358209,33.65200765
1972/10/31,67,1.9,2.91858679,21.81818182
1972/9/30,65.1,3.4,5.510534846,18.14882033
1972/8/31,61.7,1.6,2.662229617,15.1119403
1972/7/31,60.1,1.5,2.559726962,10.47794118
1972/6/30,58.6,-2.8,-4.560260586,8.921933086
1972/5/31,61.4,2.1,3.541315346,13.28413284
1972/4/30,59.3,-0.5,-0.836120401,8.80733945
1972/3/31,59.8,-0.8,-1.320132013,16.796875
1972/2/29,60.6,1,1.677852349,10.58394161
1972/1/31,59.6,2,3.472222222,24.42588727
1971/12/31,57.6,5.3,10.13384321,26.8722467
1971/11/30,52.3,-2.7,-4.909090909,31.73803526
1971/10/31,55,-0.1,-0.181488203,29.71698113
1971/9/30,55.1,1.5,2.798507463,24.94331066
1971/8/31,53.6,-0.8,-1.470588235,13.3192389
1971/7/31,54.4,0.6,1.115241636,9.898989899
1971/6/30,53.8,-0.4,-0.73800738,5.283757339
1971/5/31,54.2,-0.3,-0.550458716,14.83050847
1971/4/30,54.5,3.3,6.4453125,21.11111111
1971/3/31,51.2,-3.6,-6.569343066,9.168443497
1971/2/28,54.8,6.9,14.40501044,15.61181435
1971/1/31,47.9,2.5,5.50660793,-1.642710472
1970/12/31,45.4,5.7,14.35768262,-12.69230769
1970/11/30,39.7,-2.7,-6.367924528,-25.37593985
1970/10/31,42.4,-1.7,-3.854875283,-22.34432234
1970/9/30,44.1,-3.2,-6.765327696,-18.48428835
1970/8/31,47.3,-2.2,-4.444444444,-13.68613139
1970/7/31,49.5,-1.6,-3.13111546,-6.779661017
1970/6/30,51.1,3.9,8.262711864,-7.927927928
1970/5/31,47.2,2.2,4.888888889,-16.75485009
1970/4/30,45,-1.9,-4.051172708,-18.47826087
1970/3/31,46.9,-0.5,-1.054852321,-17.86339755
1970/2/28,47.4,-1.3,-2.669404517,-16.84210526
1970/1/31,48.7,-3.3,-6.346153846,-11.29326047
1969/12/31,52,-1.2,-2.255639098,-7.308377897
1969/11/30,53.2,-1.4,-2.564102564,-8.43373494
1969/10/31,54.6,0.5,0.924214418,-2.150537634
1969/9/30,54.1,-0.7,-1.277372263,4.44015444
1969/8/31,54.8,1.7,3.201506591,3.984819734
1969/7/31,53.1,-2.4,-4.324324324,-1.848428835
1969/6/30,55.5,-1.2,-2.116402116,3.738317757
1969/5/31,56.7,1.5,2.717391304,2.53164557
1969/4/30,55.2,-1.9,-3.327495622,-4.827586207
1969/3/31,57.1,0.1,0.175438596,6.133828996
1969/2/28,57,2.1,3.825136612,3.636363636
1969/1/31,54.9,-1.2,-2.139037433,-3.003533569
1968/12/31,56.1,-2,-3.442340792,0.899280576
1968/11/30,58.1,2.3,4.121863799,7.195571956
1968/10/31,55.8,4,7.722007722,3.14232902
1968/9/30,51.8,-0.9,-1.707779886,-5.646630237
1968/8/31,52.7,-1.4,-2.58780037,0.957854406
1968/7/31,54.1,0.6,1.121495327,9.292929293
1968/6/30,53.5,-1.8,-3.254972875,14.31623932
1968/5/31,55.3,-2.7,-4.655172414,24.26966292
1968/4/30,58,4.2,7.80669145,35.51401869
1968/3/31,53.8,-1.2,-2.181818182,18.76379691
1968/2/29,55,-1.6,-2.826855124,15.54621849
1968/1/31,56.6,1,1.798561151,15.27494908
1967/12/31,55.6,1.4,2.58302583,6.106870229
1967/11/30,54.2,0.1,0.184842884,0.931098696
1967/10/31,54.1,-0.8,-1.4571949,-5.41958042
1967/9/30,54.9,2.7,5.172413793,-6.473594549
1967/8/31,52.2,2.7,5.454545455,-10.76923077
1967/7/31,49.5,2.7,5.769230769,-17.91044776
1967/6/30,46.8,2.3,5.168539326,-20.6779661
1967/5/31,44.5,1.7,3.971962617,-22.87694974
1967/4/30,42.8,-2.5,-5.518763797,-33.33333333
1967/3/31,45.3,-2.3,-4.831932773,-31.05022831
1967/2/28,47.6,-1.5,-3.054989817,-27.32824427
1967/1/31,49.1,-3.3,-6.297709924,-25.37993921
1966/12/31,52.4,-1.3,-2.420856611,-16.56050955
1966/11/30,53.7,-3.5,-6.118881119,-9.595959596
1966/10/31,57.2,-1.5,-2.555366269,-2.389078498
1966/9/30,58.7,0.2,0.341880342,-3.770491803
1966/8/31,58.5,-1.8,-2.985074627,0.688468158
1966/7/31,60.3,1.3,2.203389831,3.786574871
1966/6/30,59,1.3,2.253032929,0.511073254
1966/5/31,57.7,-6.5,-10.12461059,-5.872756933
1966/4/30,64.2,-1.5,-2.283105023,3.548387097
1966/3/31,65.7,0.2,0.305343511,1.232665639
1966/2/28,65.5,-0.3,-0.455927052,5.475040258
1966/1/31,65.8,3,4.777070064,7.868852459
1965/12/31,62.8,3.4,5.723905724,0.641025641
1965/11/30,59.4,0.8,1.365187713,-3.883495146
1965/10/31,58.6,-2.4,-3.93442623,-3.459637562
1965/9/30,61,2.9,4.991394148,-3.633491311
1965/8/31,58.1,0,0,-8.214849921
1965/7/31,58.1,-0.6,-1.022146508,-7.631160572
1965/6/30,58.7,-2.6,-4.241435563,-2.329450915
1965/5/31,61.3,-0.7,-1.129032258,4.429301533
1965/4/30,62,-2.9,-4.468412943,4.72972973
1965/3/31,64.9,2.8,4.508856683,7.80730897
1965/2/28,62.1,1.1,1.803278689,7.25388601
1965/1/31,61,-1.4,-2.243589744,6.830122592
1964/12/31,62.4,0.6,0.970873786,15.55555556
1964/11/30,61.8,1.1,1.812191104,7.47826087
1964/10/31,60.7,-2.6,-4.107424961,5.199306759
1964/9/30,63.3,0,0,11.24780316
1964/8/31,63.3,0.4,0.635930048,14.88203267
1964/7/31,62.9,2.8,4.65890183,13.33333333
1964/6/30,60.1,1.4,2.385008518,3.264604811
1964/5/31,58.7,-0.5,-0.844594595,-1.839464883
1964/4/30,59.2,-1,-1.661129568,2.777777778
1964/3/31,60.2,2.3,3.972366149,10.05484461
1964/2/29,57.9,0.8,1.401050788,5.081669691
1964/1/31,57.1,3.1,5.740740741,3.442028986
1963/12/31,54,-3.5,-6.086956522,-5.594405594
1963/11/30,57.5,-0.2,-0.346620451,6.87732342
1963/10/31,57.7,0.8,1.405975395,12.6953125
1963/9/30,56.9,1.8,3.266787659,13.8
1963/8/31,55.1,-0.4,-0.720720721,11.31313131
1963/7/31,55.5,-2.7,-4.639175258,8.823529412
1963/6/30,58.2,-1.6,-2.675585284,14.56692913
1963/5/31,59.8,2.2,3.819444444,14.55938697
1963/4/30,57.6,2.9,5.301645338,4.537205082
1963/3/31,54.7,-0.4,-0.725952813,-9.735973597
1963/2/28,55.1,-0.1,-0.18115942,-9.819967267
1963/1/31,55.2,-2,-3.496503497,-9.359605911
1962/12/31,57.2,3.4,6.319702602,-10.90342679
1962/11/30,53.8,2.6,5.078125,-8.813559322
1962/10/31,51.2,1.2,2.4,-17.68488746
1962/9/30,50,0.5,1.01010101,-20.63492063
1962/8/31,49.5,-1.5,-2.941176471,-18.45140033
1962/7/31,51,0.2,0.393700787,-12.37113402
1962/6/30,50.8,-1.4,-2.681992337,-12.56454389
1962/5/31,52.2,-2.9,-5.263157895,-11.37521222
1962/4/30,55.1,-5.5,-9.075907591,-4.340277778
1962/3/31,60.6,-0.5,-0.818330606,23.42158859
1962/2/28,61.1,0.2,0.328407225,40.13761468
1962/1/31,60.9,-3.3,-5.140186916,38.72437358
1961/12/31,64.2,5.2,8.813559322,44.92099323
1961/11/30,59,-3.2,-5.144694534,33.18284424
1961/10/31,62.2,-0.8,-1.26984127,35.2173913
1961/9/30,63,2.3,3.789126853,38.76651982
1961/8/31,60.7,2.5,4.295532646,27.5210084
1961/7/31,58.2,0.1,0.17211704,33.18077803
1961/6/30,58.1,-0.8,-1.358234295,30.85585586
1961/5/31,58.9,1.3,2.256944444,38.2629108
1961/4/30,57.6,8.5,17.31160896,27.15231788
1961/3/31,49.1,5.5,12.6146789,2.719665272
1961/2/28,43.6,-0.3,-0.683371298,-16.63479924
1961/1/31,43.9,-0.4,-0.902934537,-28.61788618
1960/12/31,44.3,0,0,-23.88316151
1960/11/30,44.3,-1.7,-3.695652174,-12.45059289
1960/10/31,46,0.6,1.321585903,-7.444668008
1960/9/30,45.4,-2.2,-4.621848739,-6.004140787
1960/8/31,47.6,3.9,8.924485126,-13.61161525
1960/7/31,43.7,-0.7,-1.576576577,-28.94308943
1960/6/30,44.4,1.8,4.225352113,-31.05590062
1960/5/31,42.6,-2.7,-5.960264901,-37.53665689
1960/4/30,45.3,-2.5,-5.230125523,-32.28699552
1960/3/31,47.8,-4.5,-8.604206501,-28.76304024
1960/2/29,52.3,-9.2,-14.95934959,-21.82361734
1960/1/31,61.5,3.3,5.670103093,-4.50310559
1959/12/31,58.2,7.6,15.01976285,-3.801652893
1959/11/30,50.6,0.9,1.810865191,-19.29824561
1959/10/31,49.7,1.4,2.898550725,-20.2247191
1959/9/30,48.3,-6.8,-12.34119782,-19.23076923
1959/8/31,55.1,-6.4,-10.40650407,-3.839441536
1959/7/31,61.5,-2.9,-4.50310559,12.43144424
1959/6/30,64.4,-3.8,-5.571847507,25.29182879
1959/5/31,68.2,1.3,1.943198804,46.35193133
1959/4/30,66.9,-0.2,-0.298062593,71.09974425
1959/3/31,67.1,0.2,0.298953662,68.59296482
1959/2/28,66.9,2.5,3.881987578,79.83870968
1959/1/31,64.4,3.9,6.446280992,92.81437126
1958/12/31,60.5,-2.2,-3.50877193,64.40217391
1958/11/30,62.7,0.4,0.642054575,55.1980198
1958/10/31,62.3,2.5,4.180602007,51.58150852
1958/9/30,59.8,2.5,4.363001745,30.56768559
1958/8/31,57.3,2.6,4.753199269,26.49006623
1958/7/31,54.7,3.3,6.420233463,19.69365427
1958/6/30,51.4,4.8,10.30042918,11.98257081
1958/5/31,46.6,7.5,19.18158568,7.373271889
1958/4/30,39.1,-0.7,-1.75879397,-9.280742459
1958/3/31,39.8,2.6,6.989247312,-16.21052632
1958/2/28,37.2,3.8,11.37724551,-27.05882353
1958/1/31,33.4,-3.4,-9.239130435,-37.68656716
1957/12/31,36.8,-3.6,-8.910891089,-30.17077799
1957/11/30,40.4,-0.7,-1.703163017,-26.54545455
1957/10/31,41.1,-4.7,-10.26200873,-22.0113852
1957/9/30,45.8,0.5,1.103752759,-17.47747748
1957/8/31,45.3,-0.4,-0.875273523,-12.03883495
1957/7/31,45.7,-0.2,-0.435729847,3.393665158
1957/6/30,45.9,2.5,5.760368664,-3.773584906
1957/5/31,43.4,0.3,0.696055684,-15.234375
1957/4/30,43.1,-4.4,-9.263157895,-22.8980322
1957/3/31,47.5,-3.5,-6.862745098,-16.95804196
1957/2/28,51,-2.6,-4.850746269,-12.37113402
1957/1/31,53.6,0.9,1.707779886,-10.96345515
1956/12/31,52.7,-2.3,-4.181818182,-19.66463415
1956/11/30,55,2.3,4.364326376,-11.29032258
1956/10/31,52.7,-2.8,-5.045045045,-17.26844584
1956/9/30,55.5,4,7.766990291,-11.05769231
1956/8/31,51.5,7.3,16.5158371,-20.52469136
1956/7/31,44.2,-3.5,-7.337526205,-33.2326284
1956/6/30,47.7,-3.5,-6.8359375,-24.64454976
1956/5/31,51.2,-4.7,-8.407871199,-26.33093525
1956/4/30,55.9,-1.3,-2.272727273,-18.63173217
1956/3/31,57.2,-1,-1.718213058,-15.25925926
1956/2/29,58.2,-2,-3.322259136,-14.15929204
1956/1/31,60.2,-5.4,-8.231707317,-4.444444444
1955/12/31,65.6,3.6,5.806451613,2.821316614
1955/11/30,62,-1.7,-2.668759812,5.442176871
1955/10/31,63.7,1.3,2.083333333,9.450171821
1955/9/30,62.4,-2.4,-3.703703704,16.63551402
1955/8/31,64.8,-1.4,-2.114803625,19.11764706
1955/7/31,66.2,2.9,4.58135861,28.04642166
1955/6/30,63.3,-6.2,-8.920863309,21.49712092
1955/5/31,69.5,0.8,1.164483261,38.72255489
1955/4/30,68.7,1.2,1.777777778,44.02515723
1955/3/31,67.5,-0.3,-0.442477876,51.00671141
1955/2/28,67.8,4.8,7.619047619,66.58476658
1955/1/31,63,-0.8,-1.253918495,68.44919786
1954/12/31,63.8,5,8.503401361,79.21348315
1954/11/30,58.8,0.6,1.030927835,59.3495935
1954/10/31,58.2,4.7,8.785046729,55.61497326
1954/9/30,53.5,-0.9,-1.654411765,33.08457711
1954/8/31,54.4,2.7,5.222437137,25.05747126
1954/7/31,51.7,-0.4,-0.767754319,11.66306695
1954/6/30,52.1,2,3.992015968,7.422680412
1954/5/31,50.1,2.4,5.031446541,2.45398773
1954/4/30,47.7,3,6.711409396,-6.653620352
1954/3/31,44.7,4,9.828009828,-11.48514851
1954/2/28,40.7,3.3,8.823529412,-26.53429603
1954/1/31,37.4,1.8,5.056179775,-37.03703704
1953/12/31,35.6,-1.3,-3.52303523,-36.20071685
1953/11/30,36.9,-0.5,-1.336898396,-35.03521127
1953/10/31,37.4,-2.8,-6.965174129,-33.4519573
1953/9/30,40.2,-3.3,-7.586206897,-28.34224599
1953/8/31,43.5,-2.8,-6.047516199,-27.98013245
1953/7/31,46.3,-2.2,-4.536082474,-4.140786749
1953/6/30,48.5,-0.4,-0.81799591,12.00923788
1953/5/31,48.9,-2.2,-4.305283757,23.79746835
1953/4/30,51.1,0.6,1.188118812,39.23705722
1953/3/31,50.5,-4.9,-8.844765343,26.25
1953/2/28,55.4,-4,-6.734006734,32.53588517
1953/1/31,59.4,3.6,6.451612903,32.88590604
1952/12/31,55.8,-1,-1.76056338,20
1952/11/30,56.8,0.6,1.067615658,20.33898305
1952/10/31,56.2,0.1,0.178253119,13.30645161
1952/9/30,56.1,-4.3,-7.119205298,16.63201663
1952/8/31,60.4,12.1,25.05175983,38.53211009
1952/7/31,48.3,5,11.54734411,14.72684086
1952/6/30,43.3,3.8,9.620253165,-4.835164835
1952/5/31,39.5,2.8,7.629427793,-22.09072978
1952/4/30,36.7,-3.3,-8.25,-31.40186916
1952/3/31,40,-1.8,-4.306220096,-38.93129771
1952/2/29,41.8,-2.9,-6.487695749,-39.68253968
1952/1/31,44.7,-1.8,-3.870967742,-34.07079646
1951/12/31,46.5,-0.7,-1.483050847,-30.70044709
1951/11/30,47.2,-2.4,-4.838709677,-25.19809826
1951/10/31,49.6,1.5,3.118503119,-16.21621622
1951/9/30,48.1,4.5,10.32110092,-29.36857562
1951/8/31,43.6,1.5,3.562945368,-42.48021108
1951/7/31,42.1,-3.4,-7.472527473,-45.67741935
1951/6/30,45.5,-5.2,-10.25641026,-40.60052219
1951/5/31,50.7,-2.8,-5.23364486,-32.12851406
1951/4/30,53.5,-12,-18.32061069,-21.43906021
1951/3/31,65.5,-3.8,-5.483405483,5.475040258
1951/2/28,69.3,1.5,2.212389381,14.54545455
1951/1/31,67.8,0.7,1.043219076,14.72081218
1950/12/31,67.1,4,6.339144216,17.10296684
1950/11/30,63.1,3.9,6.587837838,23.7254902
1950/10/31,59.2,-8.9,-13.06901615,16.07843137
1950/9/30,68.1,-7.7,-10.15831135,30.21032505
1950/8/31,75.8,-1.7,-2.193548387,61.27659574
1950/7/31,77.5,0.9,1.174934726,98.71794872
1950/6/30,76.6,1.9,2.543507363,142.4050633
1950/5/31,74.7,6.6,9.691629956,129.1411043
1950/4/30,68.1,6,9.661835749,91.83098592
1950/3/31,62.1,1.6,2.644628099,80
1950/2/28,60.5,1.4,2.368866328,93.29073482
1950/1/31,59.1,1.8,3.141361257,79.63525836
1949/12/31,57.3,6.3,12.35294118,63.71428571
1949/11/30,51,0,0,20.28301887
1949/10/31,51,-1.3,-2.485659656,8.050847458
1949/9/30,52.3,5.3,11.27659574,24.2280285
1949/8/31,47,8,20.51282051,4.21286031
1949/7/31,39,7.4,23.41772152,-19.4214876
1949/6/30,31.6,-1,-3.067484663,-40.37735849
1949/5/31,32.6,-2.9,-8.169014085,-34.14141414
1949/4/30,35.5,1,2.898550725,-21.8061674
1949/3/31,34.5,3.2,10.22364217,-20.32332564
1949/2/28,31.3,-1.6,-4.863221884,-37.64940239
1949/1/31,32.9,-2.1,-6,-36.36363636
1948/12/31,35,-7.4,-17.45283019,#DIV/0!
1948/11/30,42.4,-4.8,-10.16949153,#DIV/0!
1948/10/31,47.2,5.1,12.11401425,#DIV/0!
1948/9/30,42.1,-3,-6.651884701,#DIV/0!
1948/8/31,45.1,-3.3,-6.818181818,#DIV/0!
1948/7/31,48.4,-4.6,-8.679245283,#DIV/0!
1948/6/30,53,3.5,7.070707071,#DIV/0!
1948/5/31,49.5,4.1,9.030837004,#DIV/0!
1948/4/30,45.4,2.1,4.849884527,#DIV/0!
1948/3/31,43.3,-6.9,-13.74501992,#DIV/0!
1948/2/29,50.2,-1.5,-2.901353965,#DIV/0!
1948/1/31,51.7,0,,#DIV/0!
