Date,Price,Change,MoM,YoY
2023/3/31,4109.31,139.16,3.505157236,-9.294964473
2023/2/28,3970.15,-106.45,-2.611244665,-9.231722429
2023/1/31,4076.6,237.1,6.17528324,-9.720853495
2022/12/30,3839.5,-240.61,-5.89714493,-19.44282423
2022/11/30,4080.11,208.13,5.375286029,-10.66104664
2022/10/31,3871.98,286.36,7.986345458,-15.92485311
2022/9/30,3585.62,-369.38,-9.339570164,-16.75944971
2022/8/31,3955,-175.29,-4.244011922,-12.55184979
2022/7/29,4130.29,344.91,9.111634763,-6.028539836
2022/6/30,3785.38,-346.77,-8.391999322,-11.91669575
2022/5/31,4132.15,0.22,0.005324388,-1.711658353
2022/4/29,4131.93,-398.48,-8.795671915,-1.177660798
2022/3/31,4530.41,156.47,3.577323877,14.0331094
2022/2/28,4373.94,-141.61,-3.136052087,14.76693387
2022/1/31,4515.55,-250.63,-5.258508911,21.5739963
2021/12/31,4766.18,199.18,4.361287497,26.89273629
2021/11/30,4567,-38.38,-0.833373142,26.10343961
2021/10/29,4605.38,297.84,6.91438733,40.83903167
2021/9/30,4307.54,-215.14,-4.756914042,28.08623253
2021/8/31,4522.68,127.42,2.899032139,29.20798444
2021/7/30,4395.26,97.76,2.274810937,34.36559955
2021/6/30,4297.5,93.39,2.221397632,38.61606495
2021/5/31,4204.11,22.94,0.548650258,38.09730284
2021/4/30,4181.17,208.28,5.242531256,43.56293542
2021/3/31,3972.89,161.74,4.243863401,53.71451565
2021/2/26,3811.15,96.91,2.609147497,29.00697985
2021/1/29,3714.24,-41.83,-1.113664016,15.15166547
2020/12/31,3756.07,134.44,3.712140666,16.25892199
2020/11/30,3621.63,351.67,10.75456581,15.30254889
2020/10/30,3269.96,-93.04,-2.766577461,7.650877678
2020/9/30,3363,-137.31,-3.92279541,12.97594012
2020/8/31,3500.31,229.19,7.006468732,19.60901567
2020/7/31,3271.12,170.83,5.510129698,9.755131896
2020/6/30,3100.29,55.98,1.838840328,5.388950832
2020/5/29,3044.31,131.88,4.528177501,10.61931789
2020/4/30,2912.43,327.84,12.68441029,-1.133806092
2020/3/31,2584.59,-369.63,-12.51193208,-8.813505504
2020/2/28,2954.22,-271.3,-8.411046901,6.095550711
2020/1/31,3225.52,-5.26,-0.162808981,19.28257091
2019/12/31,3230.78,89.8,2.858980318,28.87807408
2019/11/29,3140.98,103.42,3.404706409,13.79661398
2019/10/31,3037.56,60.82,2.043174748,12.0151637
2019/9/30,2976.74,50.28,1.718116769,2.153755345
2019/8/30,2926.46,-53.92,-1.809165274,0.859549478
2019/7/31,2980.38,38.62,1.312819537,5.826459633
2019/6/28,2941.76,189.7,6.893018321,8.21779228
2019/5/31,2752.06,-193.77,-6.577772648,1.729587065
2019/4/30,2945.83,111.43,3.931343494,11.24525594
2019/3/29,2834.4,49.91,1.792428775,7.328266821
2019/2/28,2784.49,80.39,2.972893014,2.603700305
2019/1/31,2704.1,197.25,7.868440473,-4.239307885
2018/12/31,2506.85,-253.32,-9.177695577,-6.237259735
2018/11/30,2760.17,48.43,1.78593818,4.252562718
2018/10/31,2711.74,-202.24,-6.940335898,5.299659064
2018/9/28,2913.98,12.46,0.429430092,15.66350184
2018/8/31,2901.52,85.23,3.026321863,17.39202557
2018/7/31,2816.29,97.92,3.602158647,14.00599118
2018/6/29,2718.37,13.1,0.48424002,12.17127931
2018/5/31,2705.27,57.22,2.160835332,12.16809022
2018/4/30,2648.05,7.18,0.2718801,11.06660515
2018/3/30,2640.87,-72.96,-2.688451377,11.7724487
2018/2/28,2713.83,-109.98,-3.89473796,14.81570798
2018/1/31,2823.81,150.2,5.617872465,23.91272868
2017/12/29,2673.61,26.03,0.983161982,19.41996489
2017/11/30,2647.58,72.32,2.808260137,20.40967614
2017/10/31,2575.26,55.9,2.218817477,21.12315688
2017/9/29,2519.36,47.71,1.930289483,16.19217164
2017/8/31,2471.65,1.35,0.054649233,13.85107902
2017/7/31,2470.3,46.89,1.934876888,13.65016562
2017/6/30,2423.41,11.61,0.481383199,15.46315619
2017/5/31,2411.8,27.6,1.157621005,15.01411567
2017/4/28,2384.2,21.48,0.90912169,15.44085605
2017/3/31,2362.72,-0.92,-0.038923017,14.70962354
2017/2/28,2363.64,84.77,3.719826054,22.32705216
2017/1/31,2278.87,40.04,1.788434137,17.45299551
2016/12/30,2238.83,40.02,1.820075404,9.535015705
2016/11/30,2198.81,72.66,3.417444677,5.691185872
2016/10/31,2126.15,-42.12,-1.942562504,2.250211604
2016/9/30,2168.27,-2.68,-0.12344826,12.92896465
2016/8/31,2170.95,-2.65,-0.121917556,10.07869464
2016/7/29,2173.6,74.74,3.560980723,3.315841509
2016/6/30,2098.86,1.9,0.090607355,1.732820838
2016/5/31,2096.96,31.66,1.532949208,-0.494925002
2016/4/29,2065.3,5.56,0.269936982,-0.969067518
2016/3/31,2059.74,127.51,6.599110872,-0.394121544
2016/2/29,1932.23,-8.01,-0.412835526,-8.18579235
2016/1/29,1940.24,-103.7,-5.073534448,-2.744374659
2015/12/31,2043.94,-36.47,-1.753019837,-0.726601583
2015/11/30,2080.41,1.05,0.050496307,0.621505543
2015/10/30,2079.36,159.33,8.298307839,3.038081316
2015/9/30,1920.03,-52.15,-2.644281962,-2.649711756
2015/8/31,1972.18,-131.66,-6.258080462,-1.556876663
2015/7/31,2103.84,40.73,1.974203993,8.969425122
2015/6/30,2063.11,-44.28,-2.101177286,5.248363712
2015/5/29,2107.39,21.88,1.049143855,9.556189793
2015/4/30,2085.51,17.62,0.852076271,10.69879774
2015/3/31,2067.89,-36.61,-1.739605607,10.4441501
2015/2/27,2104.5,109.51,5.489250573,13.17862809
2015/1/30,1994.99,-63.91,-3.104084705,11.91524692
2014/12/31,2058.9,-8.66,-0.418851206,11.39063819
2014/11/28,2067.56,49.51,2.45335844,14.49488041
2014/10/31,2018.05,45.76,2.320145618,14.88779077
2014/9/30,1972.29,-31.08,-1.551385915,17.2900003
2014/8/29,2003.37,72.7,3.765532173,22.68259674
2014/7/31,1930.67,-29.56,-1.507986308,14.53020353
2014/6/30,1960.23,36.66,1.905831345,22.03538611
2014/5/30,1923.57,39.62,2.103028212,17.95687847
2014/4/30,1883.95,11.61,0.620079686,17.92597507
2014/3/31,1872.34,12.89,0.693215736,19.31888427
2014/2/28,1859.45,76.86,4.311703757,22.7619035
2014/1/31,1782.59,-65.77,-3.558289511,18.9892598
2013/12/31,1848.36,42.55,2.35628333,29.60124528
2013/11/29,1805.81,49.27,2.804946087,27.51274555
2013/10/31,1756.54,74.99,4.459575986,24.38675504
2013/9/30,1681.55,48.58,2.974947488,16.71999833
2013/8/30,1632.97,-52.76,-3.129801332,16.09506747
2013/7/31,1685.73,79.45,4.946211121,22.2145695
2013/6/28,1606.28,-24.46,-1.499932546,17.92153638
2013/5/31,1630.74,33.17,2.076278348,24.45261881
2013/4/30,1597.57,28.38,1.808576399,14.28275068
2013/3/29,1569.19,54.51,3.59877994,11.41096367
2013/2/28,1514.68,16.57,1.106060303,10.91031574
2013/1/31,1498.11,71.92,5.042806358,14.14954168
2012/12/31,1426.19,10.01,0.706831053,13.40479163
2012/11/30,1416.18,4.02,0.284670292,13.57060371
2012/10/31,1412.16,-28.51,-1.978940354,12.67533711
2012/9/28,1440.67,34.09,2.423609038,27.33290909
2012/8/31,1406.58,27.26,1.976336166,15.39843628
2012/7/31,1379.32,17.16,1.259763904,6.735382425
2012/6/29,1362.16,51.83,3.955492128,3.143930216
2012/5/31,1310.33,-87.58,-6.265067136,-2.592179602
2012/4/30,1397.91,-10.56,-0.749749728,2.515381964
2012/3/30,1408.47,42.79,3.133237655,6.233076639
2012/2/29,1365.68,53.27,4.058944994,2.89778635
2012/1/31,1312.41,54.8,4.357471712,2.04413274
2011/12/30,1257.61,10.65,0.854077116,-0.00238542
2011/11/30,1246.96,-6.34,-0.505864518,5.625344119
2011/10/31,1253.3,121.88,10.77230383,5.919240066
2011/9/30,1131.42,-87.47,-7.176201298,-0.856992639
2011/8/31,1218.89,-73.39,-5.67910979,16.15888233
2011/7/29,1292.28,-28.36,-2.147443664,17.30936819
2011/6/30,1320.64,-24.56,-1.825750818,28.12915369
2011/5/31,1345.2,-18.41,-1.350092768,23.47968166
2011/4/29,1363.61,37.78,2.849535763,14.90869562
2011/3/31,1325.83,-1.39,-0.104730188,13.37403692
2011/2/28,1327.22,41.1,3.195658259,20.16586841
2011/1/31,1286.12,28.48,2.264559015,19.76496224
2010/12/31,1257.64,77.09,6.5300072,12.78271007
2010/11/30,1180.55,-2.71,-0.229028278,7.750791782
2010/10/29,1183.26,42.06,3.685594111,14.19224088
2010/9/30,1141.2,91.87,8.755110404,7.957770462
2010/8/31,1049.33,-52.27,-4.744916485,2.811988674
2010/7/30,1101.6,70.89,6.877783276,11.55668976
2010/6/30,1030.71,-58.7,-5.38823767,12.11656442
2010/5/31,1089.41,-97.28,-8.19759162,18.52492547
2010/4/30,1186.69,17.26,1.475932719,35.96200777
2010/3/31,1169.43,64.94,5.879636755,46.56898994
2010/2/26,1104.49,30.62,2.851369346,50.25235005
2010/1/29,1073.87,-41.23,-3.69742624,30.02736475
2009/12/31,1115.1,19.47,1.777059774,23.45419319
2009/11/30,1095.63,59.43,5.73537927,22.24738909
2009/10/30,1036.2,-20.88,-1.975252583,6.962580645
2009/9/30,1057.08,36.45,3.571323594,-9.369319936
2009/8/31,1020.63,33.15,3.357030016,-20.43918524
2009/7/31,987.48,68.16,7.414175695,-22.08493112
2009/6/30,919.32,0.18,0.019583524,-28.178125
2009/5/29,919.14,46.33,5.308142666,-34.36495808
2009/4/30,872.81,74.94,9.392507551,-37.00806155
2009/3/31,797.87,62.78,8.540450829,-39.67868753
2009/2/27,735.09,-90.79,-10.99312249,-44.75624328
2009/1/30,825.88,-77.37,-8.565734846,-40.09067498
2008/12/31,903.25,7.01,0.782156565,-38.48579367
2008/11/28,896.24,-72.51,-7.484903226,-39.48985241
2008/10/31,968.75,-197.61,-16.94245344,-37.47499
2008/9/30,1166.36,-116.47,-9.079145327,-23.60504339
2008/8/29,1282.83,15.45,1.219050324,-12.96888039
2008/7/31,1267.38,-12.62,-0.9859375,-12.91160464
2008/6/30,1280,-120.38,-8.596238164,-14.85681977
2008/5/30,1400.38,14.79,1.067415325,-8.508970221
2008/4/30,1385.59,62.89,4.754668481,-6.528734392
2008/3/31,1322.7,-7.93,-0.595958305,-6.90849204
2008/2/29,1330.63,-47.92,-3.476116209,-5.415760367
2008/1/31,1378.55,-89.81,-6.11634749,-4.150211369
2007/12/31,1468.36,-12.78,-0.862848887,3.529577663
2007/11/30,1481.14,-68.24,-4.404342382,5.748127628
2007/10/31,1549.38,22.63,1.482233503,12.44176089
2007/9/28,1526.75,52.76,3.579400132,14.29052663
2007/8/31,1473.99,18.71,1.28566324,13.05164823
2007/7/31,1455.28,-48.07,-3.197525526,13.99119578
2007/6/29,1503.35,-27.27,-1.781630973,18.35537711
2007/5/31,1530.62,48.25,3.25492286,20.51271957
2007/4/30,1482.37,61.51,4.329068311,13.10534789
2007/3/30,1420.86,14.04,0.997995479,9.733324066
2007/2/28,1406.82,-31.42,-2.184614529,9.85117049
2007/1/31,1438.24,19.94,1.405908482,12.35460007
2006/12/29,1418.3,17.67,1.261575148,13.61943138
2006/11/30,1400.63,22.69,1.646660958,12.09703237
2006/10/31,1377.94,42.09,3.15080286,14.16144025
2006/9/29,1335.85,32.03,2.456627449,8.710866611
2006/8/31,1303.82,27.16,2.127426253,6.841592028
2006/7/31,1276.66,6.46,0.508581326,3.441961464
2006/6/30,1270.2,0.11,0.008660804,6.620331898
2006/5/31,1270.09,-40.52,-3.091690129,6.595887537
2006/4/28,1310.61,15.78,1.218692801,13.29126507
2006/3/31,1294.83,14.17,1.106460731,9.676517673
2006/2/28,1280.66,0.57,0.044528119,6.402459289
2006/1/31,1280.09,31.8,2.547484959,8.365572646
2005/12/30,1248.29,-1.19,-0.09523962,3.00102317
2005/11/30,1249.48,42.47,3.518612108,6.445621986
2005/10/31,1207.01,-21.8,-1.774074104,6.796142276
2005/9/30,1228.81,8.48,0.694894004,10.24870355
2005/8/31,1220.33,-13.85,-1.122202596,10.51311309
2005/7/29,1234.18,42.85,3.59682036,12.02301855
2005/6/30,1191.33,-0.17,-0.01426773,4.425686336
2005/5/31,1191.5,34.65,2.99520249,6.319377521
2005/4/29,1156.85,-23.74,-2.010858977,4.47390523
2005/3/31,1180.59,-23.01,-1.911764706,4.828584367
2005/2/28,1203.6,22.33,1.890338365,5.123412581
2005/1/31,1181.27,-30.65,-2.529044821,4.432735406
2004/12/31,1211.92,38.1,3.245812816,8.993452766
2004/11/30,1173.82,43.62,3.859493895,10.92610093
2004/10/29,1130.2,15.62,1.401424752,7.565360566
2004/9/30,1114.58,10.34,0.93639064,11.90899324
2004/8/31,1104.24,2.52,0.228733253,9.546532276
2004/7/30,1101.72,-39.12,-3.429052277,11.25001262
2004/6/30,1140.84,20.16,1.798907806,17.06926629
2004/5/31,1120.68,13.37,1.20743062,16.30257682
2004/4/30,1107.31,-18.9,-1.678195008,20.76407975
2004/3/31,1126.21,-18.73,-1.635893584,32.77959867
2004/2/27,1144.94,13.81,1.220902991,36.11603162
2004/1/30,1131.13,19.21,1.727642276,32.1876826
2003/12/31,1111.92,53.72,5.076545077,26.38039599
2003/11/28,1058.2,7.49,0.71285131,13.01812434
2003/10/31,1050.71,54.74,5.496149482,18.62242594
2003/9/30,995.97,-12.04,-1.194432595,22.16293789
2003/8/29,1008.01,17.7,1.787319122,10.03635093
2003/7/31,990.31,15.81,1.622370446,8.631886093
2003/6/30,974.5,10.91,1.132224286,-1.5467615
2003/5/30,963.59,46.67,5.089866073,-9.703506569
2003/4/30,916.92,68.74,8.104411799,-14.85718531
2003/3/31,848.18,7.03,0.835760566,-26.07744533
2003/2/28,841.15,-14.55,-1.700362276,-23.99681946
2003/1/31,855.7,-24.12,-2.741469846,-24.28840658
2002/12/31,879.82,-56.49,-6.033258216,-23.36596753
2002/11/29,936.31,50.55,5.706963512,-17.82789943
2002/10/31,885.76,70.48,8.64488274,-16.42038914
2002/9/30,815.28,-100.79,-11.00243431,-21.67848291
2002/8/30,916.07,4.45,0.488141989,-19.18788264
2002/7/31,911.62,-78.19,-7.899495863,-24.73601215
2002/6/28,989.81,-77.33,-7.246471878,-19.16090884
2002/5/31,1067.14,-9.78,-0.908145452,-15.02444618
2002/4/30,1076.92,-70.47,-6.141765224,-13.80916556
2002/3/29,1147.39,40.66,3.673886133,-1.115199986
2002/2/28,1106.73,-23.48,-2.077490024,-10.74326177
2002/1/31,1130.21,-17.87,-1.556511741,-17.26195269
2001/12/31,1148.08,8.63,0.757382948,-13.04268791
2001/11/30,1139.45,79.67,7.517597992,-13.34651508
2001/10/31,1059.78,18.84,1.809902588,-25.85840213
2001/9/28,1040.94,-92.64,-8.172338962,-27.53687757
2001/8/31,1133.58,-77.65,-6.410838569,-25.3083654
2001/7/31,1211.23,-13.19,-1.077244736,-15.34773523
2001/6/29,1224.42,-31.4,-2.500358332,-15.82428159
2001/5/31,1255.82,6.36,0.509019897,-11.59932423
2001/4/30,1249.46,89.13,7.681435454,-13.97451168
2001/3/30,1160.33,-79.61,-6.420471958,-22.57136756
2001/2/28,1239.94,-126.07,-9.229068601,-9.256304796
2001/1/31,1366.01,45.73,3.463659224,-2.040216284
2000/12/29,1320.28,5.33,0.405338606,-10.13918666
2000/11/30,1314.95,-114.45,-8.006856024,-5.325039059
2000/10/31,1429.4,-7.11,-0.494949565,4.876992949
2000/9/29,1436.51,-81.17,-5.348294766,11.99023941
2000/8/31,1517.68,86.85,6.069903483,14.9400565
2000/7/31,1430.83,-23.77,-1.63412622,7.684839545
2000/6/30,1454.6,34,2.39335492,5.965571752
2000/5/31,1420.6,-31.83,-2.191499762,9.122472808
2000/4/28,1452.43,-46.15,-3.079582004,8.781587501
2000/3/31,1498.58,132.16,9.671989579,16.49680885
2000/2/29,1366.42,-28.04,-2.010814222,10.34376943
2000/1/31,1394.46,-74.79,-5.090352221,8.97283611
1999/12/31,1469.25,80.34,5.784392077,19.52604476
1999/11/30,1388.91,25.98,1.906187405,19.36010588
1999/10/29,1362.93,80.22,6.253946722,24.05271829
1999/9/30,1282.71,-37.7,-2.855173772,26.12560348
1999/8/31,1320.41,-8.31,-0.625413932,37.93351997
1999/7/30,1328.72,-43.99,-3.204609859,18.56478714
1999/6/30,1372.71,70.87,5.443833344,21.06734636
1999/5/31,1301.84,-33.34,-2.497041597,19.34507985
1999/4/30,1335.18,48.81,3.79439819,20.09714414
1999/3/31,1286.37,48.04,3.879418249,16.75697754
1999/2/26,1238.33,-41.31,-3.228251696,18.01036842
1999/1/29,1279.64,50.41,4.10094124,30.53821357
1998/12/31,1229.23,65.6,5.63753083,26.66859021
1998/11/30,1163.63,64.96,5.91260342,21.79505966
1998/10/30,1098.67,81.66,8.029419573,20.12311124
1998/9/30,1017.01,59.73,6.239553736,7.361075923
1998/8/31,957.28,-163.39,-14.57967109,6.427118192
1998/7/31,1120.67,-13.17,-1.161539547,17.43495164
1998/6/30,1133.84,43.02,3.943822079,28.09725015
1998/5/29,1090.82,-20.93,-1.882617495,28.59197435
1998/4/30,1111.75,10,0.907646925,38.73636659
1998/3/31,1101.75,52.41,4.994568014,45.51854396
1998/2/27,1049.34,69.06,7.04492594,32.69011912
1998/1/30,980.28,9.85,1.015013963,24.69217462
1997/12/31,970.43,15.03,1.573163073,31.00818101
1997/11/28,955.4,40.78,4.458682294,26.20538427
1997/10/31,914.62,-32.66,-3.447766236,29.68366725
1997/9/30,947.28,47.81,5.315352374,37.82427144
1997/8/29,899.47,-54.82,-5.744584979,37.95763739
1997/7/31,954.29,69.15,7.812323474,49.11946246
1997/6/30,885.14,36.86,4.345263356,31.9863412
1997/5/30,848.28,46.94,5.857688372,26.77546628
1997/4/30,801.34,44.22,5.840553677,22.49721021
1997/3/31,757.12,-33.7,-4.26139956,17.29202169
1997/2/28,790.82,4.66,0.592754656,23.48266009
1997/1/31,786.16,45.42,6.131706132,23.60617591
1996/12/31,740.74,-16.28,-2.150537634,20.26366633
1996/11/29,757.02,51.75,7.337615381,25.05079538
1996/10/31,705.27,17.96,2.613085798,21.28460877
1996/9/30,687.31,35.32,5.417261001,17.60750158
1996/8/30,651.99,12.04,1.881396984,16.03723215
1996/7/31,639.95,-30.68,-4.574802797,13.85795111
1996/6/28,670.63,1.51,0.225669536,23.10784764
1996/5/31,669.12,14.95,2.285338673,25.44431946
1996/4/30,654.17,8.67,1.343144849,27.09486896
1996/3/29,645.5,5.07,0.791655606,28.91693795
1996/2/29,640.43,4.41,0.693374422,31.39990562
1996/1/31,636.02,20.09,3.261734288,35.20258492
1995/12/29,615.93,10.56,1.74438773,34.11065386
1995/11/30,605.37,23.87,4.104901118,33.43252
1995/10/31,581.5,-2.91,-0.497938091,23.10786493
1995/9/29,584.41,22.53,4.009752972,26.30703063
1995/8/31,561.88,-0.18,-0.032025051,18.16862605
1995/7/31,562.06,17.31,3.177604406,22.65089687
1995/6/30,544.75,11.35,2.127859018,22.61687712
1995/5/31,533.4,18.69,3.631170951,16.84556407
1995/4/28,514.71,14,2.796029638,14.14916502
1995/3/31,500.71,13.32,2.732924352,12.32474146
1995/2/28,487.39,16.97,3.607414651,4.334888898
1995/1/31,470.42,11.15,2.427765802,-2.323456739
1994/12/30,459.27,5.58,1.229914699,-1.539286097
1994/11/30,453.69,-18.66,-3.950460464,-1.754044046
1994/10/31,472.35,9.66,2.087790962,0.966162922
1994/9/30,462.69,-12.8,-2.691959873,0.819297061
1994/8/31,475.49,17.23,3.759874307,2.573561136
1994/7/29,458.26,13.99,3.148985977,2.260504764
1994/6/30,444.27,-12.23,-2.679079956,-1.389474619
1994/5/31,456.5,5.59,1.239715243,1.401630423
1994/4/29,450.91,5.14,1.153060996,2.435312024
1994/3/31,445.77,-21.37,-4.574645716,-1.306263422
1994/2/28,467.14,-14.47,-3.00450572,5.358834408
1994/1/31,481.61,15.16,3.250080394,9.761155932
1993/12/31,466.45,4.66,1.009116698,7.055151362
1993/11/30,461.79,-6.04,-1.291067268,7.056914339
1993/10/29,467.83,8.9,1.939293574,11.73927582
1993/9/30,458.93,-4.63,-0.998791958,9.844423169
1993/8/31,463.56,15.43,3.443197287,11.96290124
1993/7/30,448.13,-2.4,-0.532705924,5.638716673
1993/6/30,450.53,0.34,0.075523668,10.38614201
1993/5/31,450.19,10,2.271746291,8.388106416
1993/4/30,440.19,-11.48,-2.541678659,6.082660562
1993/3/31,451.67,8.29,1.869727999,11.88535758
1993/2/26,443.38,4.6,1.048361366,7.433971408
1993/1/29,438.78,3.07,0.704597094,7.336285134
1992/12/31,435.71,4.36,1.010780109,4.464264307
1992/11/30,431.35,12.67,3.02617751,14.95922392
1992/10/30,418.68,0.88,0.210627094,6.680935637
1992/9/30,417.8,3.77,0.910562037,7.719280153
1992/8/31,414.03,-10.18,-2.399754838,4.703740232
1992/7/31,424.21,16.07,3.93737443,9.386039555
1992/6/30,408.14,-7.21,-1.735885398,9.96335812
1992/5/29,415.35,0.4,0.096397156,6.546443321
1992/4/30,414.95,11.26,2.789268994,10.55015319
1992/3/31,403.69,-9.01,-2.183183911,7.587548638
1992/2/28,412.7,3.91,0.956481323,12.4308715
1992/1/31,408.79,-8.3,-1.989978182,18.85848865
1991/12/31,417.09,41.87,11.15878685,26.30670462
1991/11/29,375.22,-17.24,-4.392804362,16.4483893
1991/10/31,392.46,4.6,1.185994947,29.09868421
1991/9/30,387.86,-7.57,-1.914371697,26.73092632
1991/8/30,395.43,7.62,1.964879709,22.59114583
1991/7/31,387.81,16.65,4.485935984,8.889512846
1991/6/28,371.16,-18.67,-4.789267116,3.670186023
1991/5/31,389.83,14.48,3.857732783,7.91739335
1991/4/30,375.35,0.13,0.034646341,13.46735187
1991/3/29,375.22,8.15,2.220284959,10.37830205
1991/2/28,367.07,23.14,6.728113279,10.59989756
1991/1/31,343.93,13.71,4.151777603,4.512580528
1990/12/31,330.22,8,2.482775743,-6.559139785
1990/11/30,322.22,18.22,5.993421053,-6.870140756
1990/10/31,304,-2.05,-0.669825192,-10.68280644
1990/9/28,306.05,-16.51,-5.118427579,-12.34426464
1990/8/31,322.56,-33.59,-9.431419346,-8.220230474
1990/7/31,356.15,-1.87,-0.522317189,2.909731854
1990/6/29,358.02,-3.21,-0.888630512,12.59198692
1990/5/31,361.23,30.43,9.198911729,12.70123549
1990/4/30,330.8,-9.14,-2.688709772,6.833742411
1990/3/30,339.94,8.05,2.425502426,15.28470173
1990/2/28,331.89,2.81,0.853895709,14.89648965
1990/1/31,329.08,-24.32,-6.88172043,10.62628164
1989/12/29,353.4,7.41,2.141680395,27.2504681
1989/11/30,345.99,5.63,1.65413092,26.41213007
1989/10/31,340.36,-8.79,-2.517542603,22.00595046
1989/9/29,349.15,-2.3,-0.65443164,28.40645802
1989/8/31,351.45,5.37,1.551664355,34.38742735
1989/7/31,346.08,28.1,8.837033776,27.22593927
1989/6/30,317.98,-2.54,-0.792462249,16.26325411
1989/5/31,320.52,10.88,3.513757912,22.26121453
1989/4/28,309.64,14.77,5.008987011,18.48620518
1989/3/31,294.87,6.01,2.080592675,13.89779443
1989/2/28,288.86,-8.61,-2.89440952,7.856022702
1989/1/31,297.47,19.75,7.111479188,15.71556385
1988/12/30,277.72,4.02,1.468761418,12.40084183
1988/11/30,273.7,-5.27,-1.889092017,18.8449848
1988/10/31,278.97,7.06,2.596447354,10.79470988
1988/9/30,271.91,10.39,3.972927501,-15.51129478
1988/8/31,261.52,-10.5,-3.860010293,-20.70345664
1988/7/29,272.02,-1.48,-0.541133455,-14.63628946
1988/6/30,273.5,11.34,4.325602685,-10.03289474
1988/5/31,262.16,0.83,0.317606092,-9.631161668
1988/4/29,261.33,2.44,0.942485225,-9.373699542
1988/3/31,258.89,-8.93,-3.334329027,-11.24785739
1988/2/29,267.82,10.75,4.181740382,-5.763546798
1988/1/29,257.07,9.99,4.043224866,-6.206217163
1987/12/31,247.08,16.78,7.286148502,2.027501342
1987/11/30,230.3,-21.49,-8.534890186,-7.591686061
1987/10/30,251.79,-70.04,-21.7630426,3.201082056
1987/9/30,321.83,-7.97,-2.416616131,39.12761542
1987/8/31,329.8,11.14,3.495889035,30.39180801
1987/7/31,318.66,14.66,4.822368421,34.95680163
1987/6/30,304,13.9,4.791451224,21.19279222
1987/5/29,290.1,1.74,0.603412401,17.28320194
1987/4/30,288.36,-3.34,-1.145011999,22.43546196
1987/3/31,291.7,7.5,2.638986629,22.10129761
1987/2/27,284.2,10.12,3.692352598,25.24237617
1987/1/30,274.08,31.91,13.17669406,29.41731986
1986/12/31,242.17,-7.05,-2.828825937,14.62040894
1986/11/28,249.22,5.24,2.147717026,23.27249345
1986/10/31,243.98,12.66,5.472937921,28.53229375
1986/9/30,231.32,-21.61,-8.543865892,27.043058
1986/8/29,252.93,16.81,7.119261393,34.08789694
1986/7/31,236.12,-14.72,-5.868282571,23.67483763
1986/6/30,250.84,3.49,1.410956135,30.74798019
1986/5/30,247.35,11.83,5.022927989,30.49327354
1986/4/30,235.52,-3.38,-1.414817915,30.96813657
1986/3/31,238.9,11.98,5.279393619,32.23735193
1986/2/28,226.92,15.14,7.148928133,25.2456121
1986/1/31,211.78,0.5,0.236652783,17.89790124
1985/12/31,211.28,9.11,4.50610872,26.33341306
1985/11/29,202.17,12.35,6.506163734,23.59090353
1985/10/31,189.82,7.74,4.250878735,14.28743452
1985/9/30,182.08,-6.55,-3.472406298,9.620710415
1985/8/30,188.63,-2.29,-1.199455269,13.16894648
1985/7/31,190.92,-0.93,-0.484753714,26.72242135
1985/6/28,191.85,2.3,1.213400158,25.24481003
1985/5/31,189.55,9.72,5.405104821,25.90501495
1985/4/30,179.83,-0.83,-0.459426547,12.35863793
1985/3/29,180.66,-0.52,-0.287007396,13.49415756
1985/2/28,181.18,1.55,0.862884819,15.35718834
1985/1/31,179.63,12.39,7.408514709,9.925953124
1984/12/31,167.24,3.66,2.23743734,1.400594191
1984/11/30,163.58,-2.51,-1.511228852,-1.694711538
1984/10/31,166.09,-0.01,-0.00602047,1.553041883
1984/9/28,166.1,-0.58,-0.347972162,0.018064672
1984/8/31,166.68,16.02,10.63321386,1.386861314
1984/7/31,150.66,-2.52,-1.645123384,-7.320374016
1984/6/29,153.18,2.63,1.746927931,-8.881089763
1984/5/31,150.55,-9.5,-5.935645111,-7.291089353
1984/4/30,160.05,0.87,0.546551074,-2.657827515
1984/3/30,159.18,2.12,1.349802623,4.066422594
1984/2/29,157.06,-6.35,-3.885931094,6.078616777
1984/1/31,163.41,-1.52,-0.921603104,12.46386786
1983/12/30,164.93,-1.47,-0.883413462,17.27104664
1983/11/30,166.4,2.85,1.742586365,20.10971561
1983/10/31,163.55,-2.52,-1.517432408,22.3169546
1983/9/30,166.07,1.67,1.015815085,37.90898522
1983/8/31,164.4,1.84,1.131889764,37.56171032
1983/7/29,162.56,-5.55,-3.301409791,51.79755346
1983/6/30,168.11,5.72,3.522384383,53.37104279
1983/5/31,162.39,-2.03,-1.234642987,45.14658563
1983/4/29,164.42,11.46,7.492154812,41.20577121
1983/3/31,152.96,4.9,3.309469134,36.62022151
1983/2/28,148.06,2.76,1.899518238,30.89912475
1983/1/31,145.3,4.66,3.313424346,20.68106312
1982/12/31,140.64,2.1,1.515807709,14.76132191
1982/11/30,138.54,4.83,3.612295266,9.64780372
1982/10/29,133.71,13.29,11.0363727,9.697268029
1982/9/30,120.42,0.91,0.761442557,3.649509382
1982/8/31,119.51,12.42,11.59772154,-2.671227299
1982/7/30,107.09,-2.52,-2.299060305,-18.20195539
1982/6/30,109.61,-2.27,-2.0289596,-16.4621599
1982/5/31,111.88,-4.56,-3.916180007,-15.61957915
1982/4/30,116.44,4.48,4.001429082,-12.32587908
1982/3/31,111.96,-1.15,-1.016709398,-17.67647059
1982/2/26,113.11,-7.29,-6.054817276,-13.83408243
1982/1/29,120.4,-2.15,-1.754385965,-7.062910073
1981/12/31,122.55,-3.8,-3.007518797,-9.7304066
1981/11/30,126.35,4.46,3.659036836,-10.08397381
1981/10/30,121.89,5.71,4.914787399,-4.377500588
1981/9/30,116.18,-6.61,-5.383174526,-7.39677985
1981/8/31,122.79,-8.13,-6.209899175,0.335022062
1981/7/31,130.92,-0.29,-0.221019739,7.602531437
1981/6/30,131.21,-1.38,-1.040802474,14.85469188
1981/5/29,132.59,-0.22,-0.165650177,19.19273643
1981/4/30,132.81,-3.19,-2.345588235,24.95060683
1981/3/31,136,4.73,3.603260456,33.21578999
1981/2/27,131.27,1.72,1.327672713,15.49357734
1981/1/30,129.55,-6.21,-4.574248674,13.48107919
1980/12/31,135.76,-4.76,-3.387418161,25.77357791
1980/11/28,140.52,13.05,10.23770299,32.36623964
1980/10/31,127.47,2.01,1.602104256,25.19151444
1980/9/30,125.46,3.08,2.516751103,14.76399561
1980/8/29,122.38,0.71,0.583545656,11.94657885
1980/7/31,121.67,7.43,6.503851541,17.20450824
1980/6/30,114.24,3,2.696871629,11.00962006
1980/5/30,111.24,4.95,4.657070279,12.27291078
1980/4/30,106.29,4.2,4.114017044,4.451650943
1980/3/31,102.09,-11.57,-10.17948267,0.492174427
1980/2/29,113.66,-0.5,-0.43798178,18.05151641
1980/1/31,114.16,6.22,5.762460626,14.23996798
1979/12/31,107.94,1.78,1.676714393,12.30881282
1979/11/30,106.16,4.34,4.262423885,12.10137276
1979/10/31,101.82,-7.5,-6.860592755,9.307568438
1979/9/28,109.32,0,0,6.612053833
1979/8/31,109.32,5.51,5.307773818,5.837932036
1979/7/31,103.81,0.9,0.874550578,3.108859754
1979/6/29,102.91,3.83,3.865563181,7.725321888
1979/5/31,99.08,-2.68,-2.633647799,1.839860212
1979/4/30,101.76,0.17,0.167339305,5.091397294
1979/3/30,101.59,5.31,5.515164105,13.87736801
1979/2/28,96.28,-3.65,-3.65255679,10.61580882
1979/1/31,99.93,3.82,3.974612423,11.96638655
1978/12/29,96.11,1.41,1.488912355,1.062039958
1978/11/30,94.7,1.55,1.663982823,-0.13708742
1978/10/31,93.15,-9.39,-9.157401989,0.877192982
1978/9/29,102.54,-0.75,-0.72611095,6.226043717
1978/8/31,103.29,2.61,2.592371871,6.737625297
1978/7/31,100.68,5.15,5.390976657,1.851289833
1978/6/30,95.53,-1.76,-1.809024566,-4.926353503
1978/5/31,97.29,0.46,0.475059382,1.217228464
1978/4/28,96.83,7.62,8.541643314,-1.635514019
1978/3/31,89.21,2.17,2.493106618,-9.357854095
1978/2/28,87.04,-2.21,-2.476190476,-12.80304548
1978/1/31,89.25,-5.85,-6.151419558,-12.52572773
1977/12/30,95.1,0.27,0.284720025,-11.50195422
1977/11/30,94.83,2.49,2.696556205,-7.120470127
1977/10/31,92.34,-4.19,-4.340619497,-10.26239067
1977/9/30,96.53,-0.24,-0.248010747,-8.276320791
1977/8/31,96.77,-2.08,-2.10419828,-5.966378389
1977/7/29,98.85,-1.63,-1.622213376,-4.437354988
1977/6/30,100.48,4.36,4.535996671,-3.64403529
1977/5/31,96.12,-2.32,-2.356765542,-4.052705131
1977/4/29,98.44,0.02,0.020321073,-3.148366785
1977/3/31,98.42,-1.4,-1.402524544,-4.232752749
1977/2/28,99.82,-2.21,-2.166029599,0.110319928
1977/1/31,102.03,-5.43,-5.053042993,1.160023795
1976/12/31,107.46,5.36,5.249755142,19.14846435
1976/11/30,102.1,-0.8,-0.777453839,11.90267427
1976/10/29,102.9,-2.34,-2.223489168,15.56603774
1976/9/30,105.24,2.33,2.264114275,25.47990938
1976/8/31,102.91,-0.53,-0.512374323,18.45073665
1976/7/30,103.44,-0.84,-0.80552359,16.55211268
1976/6/30,104.28,4.1,4.09263326,9.549322408
1976/5/31,100.18,-1.46,-1.436442346,9.90674712
1976/4/30,101.64,-1.13,-1.099542668,16.42611684
1976/3/31,102.77,3.06,3.068899809,23.28454894
1976/2/27,99.71,-1.15,-1.140194329,22.208604
1976/1/30,100.86,10.67,11.83057989,31.02104443
1975/12/31,90.19,-1.05,-1.150811048,31.54900817
1975/11/28,91.24,2.2,2.470799641,30.39874232
1975/10/31,89.04,5.17,6.164301896,20.48714479
1975/9/30,83.87,-3.01,-3.464548803,31.99559333
1975/8/29,86.88,-1.87,-2.107042254,20.41580042
1975/7/31,88.75,-6.44,-6.765416535,11.90266045
1975/6/30,95.19,4.04,4.432254526,10.68604651
1975/5/30,91.15,3.85,4.410080183,4.4340055
1975/4/30,87.3,3.94,4.726487524,-3.332964234
1975/3/31,83.36,1.77,2.169383503,-11.30027665
1975/2/28,81.59,4.61,5.988568459,-15.20473914
1975/1/31,76.98,8.42,12.28121354,-20.28580304
1974/12/31,68.56,-1.41,-2.01514935,-29.71809329
1974/11/29,69.97,-3.93,-5.317997294,-27.08420175
1974/10/31,73.9,10.36,16.30468996,-31.75731831
1974/9/30,63.54,-8.61,-11.93347193,-41.39998155
1974/8/30,72.15,-7.16,-9.027865339,-30.79136691
1974/7/31,79.31,-6.69,-7.779069767,-26.71410091
1974/6/28,86,-1.28,-1.466544455,-17.51390754
1974/5/31,87.28,-3.03,-3.355110176,-16.83658885
1974/4/30,90.31,-3.67,-3.905086189,-15.57446013
1974/3/29,93.98,-2.24,-2.327998337,-15.72812052
1974/2/28,96.22,-0.35,-0.362431397,-13.84312321
1974/1/31,96.57,-0.98,-1.004613019,-16.77152461
1973/12/31,97.55,1.59,1.656940392,-17.36552308
1973/11/30,95.96,-12.33,-11.3860929,-17.7509214
1973/10/31,108.29,-0.14,-0.129115558,-2.948557089
1973/9/28,108.43,4.18,4.009592326,-1.917684306
1973/8/31,104.25,-3.97,-3.668453151,-6.157169862
1973/7/31,108.22,3.96,3.798196816,0.772883881
1973/6/29,104.26,-0.69,-0.657455931,-2.688071682
1973/5/31,104.95,-2.02,-1.88837992,-4.181502785
1973/4/30,106.97,-4.55,-4.079985653,-0.650134671
1973/3/30,111.52,-0.16,-0.143266476,4.029850746
1973/2/28,111.68,-4.35,-3.749030423,4.794970442
1973/1/31,116.03,-2.02,-1.711139348,11.6317106
1972/12/29,118.05,1.38,1.182823348,15.63326477
1972/11/30,116.67,5.09,4.561749417,24.13022662
1972/10/31,111.58,1.03,0.931705111,18.4123952
1972/9/29,110.55,-0.54,-0.486092358,12.41610738
1972/8/31,111.09,3.7,3.445385976,12.17812784
1972/7/31,107.39,0.25,0.233339556,12.35614145
1972/6/30,107.14,-2.39,-2.18205058,7.462387161
1972/5/31,109.53,1.86,1.727500697,9.936766034
1972/4/28,107.67,0.47,0.438432836,3.578643579
1972/3/31,107.2,0.63,0.591160739,6.868707008
1972/2/29,106.57,2.63,2.530305946,10.1498708
1972/1/31,103.94,1.85,1.812126555,8.40634126
1971/12/31,102.09,8.1,8.617938079,10.78676072
1971/11/30,93.99,-0.24,-0.254695957,7.786697248
1971/10/29,94.23,-4.11,-4.179377669,13.18918919
1971/9/30,98.34,-0.69,-0.696758558,16.77947987
1971/8/31,99.03,3.45,3.609541745,21.47939156
1971/7/30,95.58,-4.12,-4.132397192,22.45996156
1971/6/30,99.7,0.07,0.070259962,37.10121012
1971/5/31,99.63,-4.32,-4.155844156,30.15022861
1971/4/30,103.95,3.64,3.628750872,27.51472031
1971/3/31,100.31,3.56,3.679586563,11.91565324
1971/2/26,96.75,0.87,0.90738423,8.100558659
1971/1/29,95.88,3.73,4.047748237,12.77346507
1970/12/31,92.15,4.95,5.676605505,0.097762329
1970/11/30,87.2,3.95,4.744744745,-7.046157126
1970/10/30,83.25,-0.96,-1.140007125,-14.3870835
1970/9/30,84.21,2.69,3.299803729,-9.568298969
1970/8/31,81.52,3.47,4.445868033,-14.64768087
1970/7/31,78.05,5.33,7.329482948,-15.00598933
1970/6/30,72.72,-3.83,-5.003265839,-25.57568314
1970/5/29,76.55,-4.97,-6.096663395,-26.01005219
1970/4/30,81.52,-8.11,-9.048309718,-21.38103964
1970/3/31,89.63,0.13,0.145251397,-11.70328046
1970/2/27,89.5,4.48,5.269348389,-8.794456333
1970/1/30,85.02,-7.04,-7.647186617,-17.46432385
1969/12/31,92.06,-1.75,-1.865472764,-11.3614481
1969/11/28,93.81,-3.43,-3.527354998,-13.43545262
1969/10/31,97.24,4.12,4.424398625,-5.966540953
1969/9/30,93.12,-2.39,-2.502355774,-9.30164605
1969/8/29,95.51,3.68,4.007404987,-3.388630386
1969/7/31,91.83,-5.88,-6.017807799,-6.046654389
1969/6/30,97.71,-5.75,-5.55770346,-1.877887126
1969/5/30,103.46,-0.23,-0.221815026,4.843940008
1969/4/30,103.69,2.18,2.147571668,6.250640434
1969/3/31,101.51,3.38,3.444410476,12.53880266
1969/2/28,98.13,-4.88,-4.737404136,9.814234557
1969/1/31,103.01,-0.85,-0.818409397,11.67606245
1968/12/31,103.86,-4.51,-4.161668358,7.660412563
1968/11/29,108.37,4.96,4.79644135,15.28723404
1968/10/31,103.41,0.74,0.72075582,10.12779553
1968/9/30,102.67,3.81,3.853934857,6.162754627
1968/8/30,98.86,1.12,1.145897278,5.574540795
1968/7/31,97.74,-1.84,-1.847760594,3.155672823
1968/6/28,99.58,0.9,0.912038914,9.863195057
1968/5/31,98.68,1.09,1.116917717,10.77682982
1968/4/30,97.59,7.39,8.192904656,3.808105521
1968/3/29,90.2,0.84,0.940017905,0
1968/2/29,89.36,-2.88,-3.122289679,2.973035262
1968/1/31,92.24,-4.23,-4.384782834,6.50040411
1967/12/29,96.47,2.47,2.627659574,20.09212
1967/11/30,94,0.1,0.106496273,16.84275948
1967/10/31,93.9,-2.81,-2.905594044,17.08229426
1967/9/29,96.71,3.07,3.278513456,26.31922675
1967/8/31,93.64,-1.11,-1.171503958,21.45265888
1967/7/31,94.75,4.11,4.534421889,13.33732057
1967/6/30,90.64,1.56,1.751234845,6.962473448
1967/5/31,89.08,-4.93,-5.244122966,3.425055149
1967/4/28,94.01,3.81,4.223946785,3.239622227
1967/3/31,90.2,3.42,3.94100023,1.087078337
1967/2/28,86.78,0.17,0.196282185,-4.867353651
1967/1/31,86.61,6.28,7.817751774,-6.750645995
1966/12/30,80.33,-0.12,-0.14916097,-13.09098777
1966/11/30,80.45,0.25,0.311720698,-12.18207619
1966/10/31,80.2,3.64,4.754440961,-13.22224627
1966/9/30,76.56,-0.54,-0.700389105,-14.89550912
1966/8/31,77.1,-6.5,-7.775119617,-11.5521395
1966/7/29,83.6,-1.14,-1.34529148,-1.935483871
1966/6/30,84.74,-1.39,-1.613839545,0.73704232
1966/5/31,86.13,-4.93,-5.414012739,-2.589911785
1966/4/29,91.06,1.83,2.050879749,2.188306587
1966/3/31,89.23,-1.99,-2.181539136,3.563138347
1966/2/28,91.22,-1.66,-1.787252369,4.334896489
1966/1/31,92.88,0.45,0.486854917,6.075833714
1965/12/31,92.43,0.82,0.895098788,9.061946903
1965/11/30,91.61,-0.81,-0.876433672,8.516939114
1965/10/29,92.42,2.46,2.734548688,8.90879095
1965/9/30,89.96,2.79,3.200642423,6.866239012
1965/8/31,87.17,1.92,2.252199413,6.525724062
1965/7/30,85.25,1.13,1.343319068,2.488578985
1965/6/30,84.12,-4.3,-4.863153133,2.974660301
1965/5/31,88.42,-0.69,-0.774323869,10.01617519
1965/4/30,89.11,2.95,3.423862581,12.14447521
1965/3/31,86.16,-1.27,-1.452590644,9.090909091
1965/2/26,87.43,-0.13,-0.148469621,12.37789203
1965/1/29,87.56,2.81,3.315634218,13.65524403
1964/12/31,84.75,0.33,0.39090263,12.9698747
1964/11/30,84.42,-0.44,-0.518501061,15.2806227
1964/10/30,84.86,0.68,0.807792825,14.66018106
1964/9/30,84.18,2.35,2.871807406,17.40585774
1964/8/31,81.83,-1.35,-1.622986295,12.86896552
1964/7/31,83.18,1.49,1.823968662,20.3240272
1964/6/30,81.69,1.32,1.642403882,17.75983855
1964/5/29,80.37,0.91,1.145230305,13.51694915
1964/4/30,79.46,0.48,0.607748797,13.83954155
1964/3/31,78.98,1.18,1.516709512,18.64203094
1964/2/28,77.8,0.76,0.986500519,21.01415461
1964/1/31,77.04,2.02,2.692615303,16.37462236
1963/12/31,75.02,1.79,2.444353407,18.89064976
1963/11/29,73.23,-0.78,-1.053911634,17.61965949
1963/10/31,74.01,2.31,3.221757322,30.9447983
1963/9/30,71.7,-0.8,-1.103448276,27.42136129
1963/8/30,72.5,3.37,4.874873427,22.63193505
1963/7/31,69.13,-0.24,-0.345970881,18.71887343
1963/6/28,69.37,-1.43,-2.019774011,26.70319635
1963/5/31,70.8,1,1.432664756,18.73218179
1963/4/30,69.8,3.23,4.852035451,6.989576947
1963/3/29,66.57,2.28,3.546430238,-4.284687275
1963/2/28,64.29,-1.91,-2.885196375,-8.104631218
1963/1/31,66.2,3.1,4.912836767,-3.834979663
1962/12/31,63.1,0.84,1.349180854,-11.80992313
1962/11/30,62.26,5.74,10.1556971,-12.70330903
1962/10/31,56.52,0.25,0.444286476,-17.63334305
1962/9/28,56.27,-2.85,-4.820703654,-15.67510865
1962/8/31,59.12,0.89,1.528421776,-13.14822976
1962/7/31,58.23,3.48,6.356164384,-12.77711204
1962/6/29,54.75,-4.88,-8.183800101,-15.30012376
1962/5/31,59.63,-5.61,-8.599019007,-10.41165865
1962/4/30,65.24,-4.31,-6.19698059,-0.107181136
1962/3/30,69.55,-0.41,-0.586049171,6.901321857
1962/2/28,69.96,1.12,1.626961069,10.27742749
1962/1/31,68.84,-2.71,-3.787561146,11.42764649
1961/12/29,71.55,0.23,0.322490185,23.1285493
1961/11/30,71.32,2.7,3.934712912,28.41195535
1961/10/31,68.62,1.89,2.832309306,28.52594119
1961/9/29,66.73,-1.34,-1.968561775,24.68236173
1961/8/31,68.07,1.31,1.962252846,19.50491573
1961/7/31,66.76,2.12,3.27970297,20.26661863
1961/6/30,64.64,-1.92,-2.884615385,13.56289529
1961/5/31,66.56,1.25,1.913948859,19.21905785
1961/4/28,65.31,0.25,0.384260682,20.12139047
1961/3/31,65.06,1.62,2.553593947,17.5641489
1961/2/28,63.44,1.66,2.686953707,13.04347826
1961/1/31,61.78,3.67,6.315608329,11.09512678
1960/12/30,58.11,2.57,4.627295643,-2.972115545
1960/11/30,55.54,2.15,4.026971343,-4.701441318
1960/10/31,53.39,-0.13,-0.242899851,-7.180111266
1960/9/30,53.52,-3.44,-6.039325843,-5.907172996
1960/8/31,56.96,1.45,2.612141956,-4.429530201
1960/7/29,55.51,-1.41,-2.477160928,-8.263097009
1960/6/30,56.92,1.09,1.952355364,-2.650932102
1960/5/31,55.83,1.46,2.685304396,-4.856850716
1960/4/29,54.37,-0.97,-1.752800867,-5.591248481
1960/3/31,55.34,-0.78,-1.389878831,-0.18037518
1960/2/29,56.12,0.51,0.917101241,1.281357156
1960/1/29,55.61,-4.28,-7.146435131,0.342836521
1959/12/31,59.89,1.61,2.762525738,8.476725231
1959/11/30,58.28,0.76,1.321279555,11.05182927
1959/10/30,57.52,0.64,1.125175809,12.05922462
1959/9/30,56.88,-2.72,-4.563758389,13.62365162
1959/8/31,59.6,-0.91,-1.503883656,24.81675393
1959/7/31,60.51,2.04,3.488968702,28.22631914
1959/6/30,58.47,-0.21,-0.357873211,29.24403183
1959/5/29,58.68,1.09,1.892689703,33.09140395
1959/4/30,57.59,2.15,3.878066378,32.57366483
1959/3/31,55.44,0.03,0.054141852,31.68646081
1959/2/27,55.41,-0.01,-0.018044027,35.67580803
1959/1/30,55.42,0.21,0.380365876,32.90167866
1958/12/31,55.21,2.73,5.201981707,38.05951488
1958/11/28,52.48,1.15,2.240405221,25.79098754
1958/10/31,51.33,1.27,2.536955653,25.0121773
1958/9/30,50.06,2.31,4.837696335,18.01037247
1958/8/29,47.75,0.56,1.186692096,5.594869527
1958/7/31,47.19,1.95,4.310344828,-1.502817783
1958/6/30,45.24,1.15,2.608301202,-4.496516783
1958/5/30,44.09,0.65,1.496316759,-7.041956568
1958/4/30,43.44,1.34,3.182897862,-5.028421513
1958/3/31,42.1,1.26,3.085210578,-4.556789844
1958/2/28,40.84,-0.86,-2.06235012,-5.594082293
1958/1/31,41.7,1.71,4.276069017,-6.75313059
1957/12/31,39.99,-1.73,-4.146692234,-14.31326334
1957/11/29,41.72,0.66,1.607403799,-7.453416149
1957/10/31,41.06,-1.36,-3.206034889,-9.916630101
1957/9/30,42.42,-2.8,-6.191950464,-6.460859978
1957/8/30,45.22,-2.69,-5.614694218,-4.820037887
1957/7/31,47.91,0.54,1.139962001,-2.996558008
1957/6/28,47.37,-0.06,-0.126502214,0.851607409
1957/5/31,47.43,1.69,3.694796677,4.933628319
1957/4/30,45.74,1.63,3.695307187,-5.456800331
1957/3/29,44.11,0.85,1.964863615,-9.014026403
1957/2/28,43.26,-1.46,-3.264758497,-4.587560653
1957/1/31,44.72,-1.95,-4.178272981,2.053856686
1956/12/31,46.67,1.59,3.527062999,2.616534741
1956/11/30,45.08,-0.5,-1.096972356,-0.944847286
1956/10/31,45.58,0.23,0.507166483,7.652338214
1956/9/28,45.35,-2.16,-4.546411282,3.847034578
1956/8/31,47.51,-1.88,-3.80643855,10.02779064
1956/7/31,49.39,2.42,5.152224824,13.48805147
1956/6/29,46.97,1.77,3.915929204,14.4772118
1956/5/31,45.2,-3.18,-6.572964035,19.22975468
1956/4/30,48.38,-0.1,-0.206270627,27.44994731
1956/3/30,48.48,3.14,6.925452139,32.53143794
1956/2/29,45.34,1.52,3.468735737,23.3405876
1956/1/31,43.82,-1.66,-3.649956025,19.62871963
1955/12/30,45.48,-0.03,-0.065919578,26.40355753
1955/11/30,45.51,3.17,7.48700992,32.91471963
1955/10/31,42.34,-1.33,-3.045569041,33.6489899
1955/9/30,43.67,0.49,1.134784623,35.15939338
1955/8/31,43.18,-0.34,-0.78125,44.75360375
1955/7/29,43.52,2.49,6.068730197,40.93264249
1955/6/30,41.03,3.12,8.230018465,40.46559397
1955/5/31,37.91,-0.05,-0.131717597,29.87324426
1955/4/29,37.96,1.38,3.772553308,34.32413305
1955/3/31,36.58,-0.18,-0.489662677,35.78322197
1955/2/28,36.76,0.13,0.354900355,40.57361377
1955/1/31,36.63,0.65,1.8065592,40.45245399
1954/12/31,35.98,1.74,5.081775701,45.02216848
1954/11/30,34.24,2.56,8.080808081,38.28756058
1954/10/29,31.68,-0.63,-1.949860724,29.09535452
1954/9/30,32.31,2.48,8.313778076,38.37259101
1954/8/31,29.83,-1.05,-3.400259067,27.91595197
1954/7/30,30.88,1.67,5.71722013,24.76767677
1954/6/30,29.21,0.02,0.068516615,21.0024855
1954/5/31,29.19,0.93,3.290870488,18.94865526
1954/4/30,28.26,1.32,4.899777283,14.78472786
1954/3/31,26.94,0.79,3.021032505,6.524317912
1954/2/26,26.15,0.07,0.268404908,0.965250965
1954/1/29,26.08,1.27,5.118903668,-1.137225171
1953/12/31,24.81,0.05,0.201938611,-6.624012044
1953/11/30,24.76,0.22,0.896495518,-3.507404521
1953/10/30,24.54,1.19,5.096359743,0.081566069
1953/9/30,23.35,0.03,0.12864494,-4.849225754
1953/8/31,23.32,-1.43,-5.777777778,-6.831801838
1953/7/31,24.75,0.61,2.526926263,-2.559055118
1953/6/30,24.14,-0.4,-1.62999185,-3.28525641
1953/5/29,24.54,-0.08,-0.324939074,2.849958089
1953/4/30,24.62,-0.67,-2.649268486,5.574614065
1953/3/31,25.29,-0.61,-2.355212355,3.775133361
1953/2/27,25.9,-0.48,-1.819560273,11.34995701
1953/1/30,26.38,-0.19,-0.715092209,9.27920464
1952/12/31,26.57,0.91,3.546375682,11.77955406
1952/11/28,25.66,1.14,4.649265905,12.15034965
1952/10/31,24.52,-0.02,-0.081499593,6.887532694
1952/9/30,24.54,-0.49,-1.957650819,5.503009458
1952/8/29,25.03,-0.37,-1.456692913,7.517182131
1952/7/31,25.4,0.44,1.762820513,13.39285714
1952/6/30,24.96,1.1,4.61022632,19.08396947
1952/5/30,23.86,0.54,2.315608919,10.87360595
1952/4/30,23.32,-1.05,-4.308576118,3.967900134
1952/3/31,24.37,1.11,4.772141015,13.45437616
1952/2/29,23.26,-0.88,-3.645401823,6.697247706
1952/1/31,24.14,0.37,1.556583929,11.44967682
1951/12/31,23.77,0.89,3.88986014,16.3485071
1951/11/30,22.88,-0.06,-0.261551874,17.27319323
1951/10/31,22.94,-0.32,-1.375752365,17.46031746
1951/9/28,23.26,-0.02,-0.085910653,19.58868895
1951/8/31,23.28,0.88,3.928571429,26.38436482
1951/7/31,22.4,1.44,6.870229008,25.56053812
1951/6/29,20.96,-0.56,-2.602230483,18.48501979
1951/5/31,21.52,-0.91,-4.057066429,14.58998935
1951/4/30,22.43,0.95,4.422718808,24.88864143
1951/3/30,21.48,-0.32,-1.467889908,24.23366108
1951/2/28,21.8,0.14,0.646352724,26.59698026
1951/1/31,21.66,1.23,6.020558003,27.03812317
1950/12/29,20.43,0.92,4.715530497,21.67957117
1950/11/30,19.51,-0.02,-0.102406554,21.48194271
1950/10/31,19.53,0.08,0.411311054,21.75810474
1950/9/29,19.45,1.03,5.5917481,24.83953787
1950/8/31,18.42,0.58,3.251121076,21.02496715
1950/7/31,17.84,0.15,0.847936687,18.61702128
1950/6/30,17.69,-1.09,-5.804046858,24.92937853
1950/5/31,18.78,0.82,4.565701559,32.34672304
1950/4/28,17.96,0.67,3.875072296,22.09381373
1950/3/31,17.29,0.07,0.406504065,14.80743692
1950/2/28,17.22,0.17,0.997067449,17.78385773
1950/1/31,17.05,0.26,1.548540798,12.02365309
1949/12/30,16.79,0.73,4.545454545,10.46052632
1949/11/30,16.06,0.02,0.124688279,8.881355932
1949/10/31,16.04,0.46,2.952503209,-2.787878788
1949/9/30,15.58,0.36,2.365308804,0.581020013
1949/8/31,15.22,0.18,1.196808511,-4.696305573
1949/7/29,15.04,0.88,6.214689266,-5.110410095
1949/6/30,14.16,-0.03,-0.21141649,-15.41218638
1949/5/31,14.19,-0.52,-3.535010197,-14.97902936
1949/4/29,14.71,-0.35,-2.324037185,-4.974160207
1949/3/31,15.06,0.44,3.009575923,-0.132625995
1949/2/28,14.62,-0.6,-3.94218134,4.953338119
1949/1/31,15.22,0.02,0.131578947,3.678474114
1948/12/31,15.2,0.45,3.050847458,3.678474114
1948/11/30,14.75,-1.75,-10.60606061,3.678474114
1948/10/29,16.5,1.01,6.5203357,3.678474114
1948/9/30,15.49,-0.48,-3.005635567,3.678474114
1948/8/31,15.97,0.12,0.757097792,3.678474114
1948/7/30,15.85,-0.89,-5.31660693,3.678474114
1948/6/30,16.74,0.05,0.299580587,3.678474114
1948/5/31,16.69,1.21,7.816537468,3.678474114
1948/4/30,15.48,0.4,2.652519894,3.678474114
1948/3/31,15.08,1.15,8.255563532,3.678474114
1948/2/27,13.93,-0.75,-5.108991826,3.678474114
1948/1/30,14.68,0,0,3.678474114
