Date,Date,Price,Change,PercentChange,dummy,遺漏項,,,
2023/5/4,2023/5/4,4136.25,-33.23,-0.796981878,0,2021/1/15,,,
2023/4/28,2023/4/27,4169.48,35.96,0.869960711,1,2000/6/30,,,
2023/4/21,2023/4/20,4133.52,-4.12,-0.09957367,0,1996/1/12,,,
2023/4/14,2023/4/13,4137.64,32.62,0.794636811,1,,,,
2023/4/7,2023/4/6,4105.02,-4.29,-0.104397089,0,,,,
2023/3/31,2023/3/30,4109.31,138.32,3.48326236,1,,,,
2023/3/24,2023/3/23,3970.99,54.35,1.387669022,1,,,,
2023/3/17,2023/3/16,3916.64,55.05,1.425578583,1,,,,
2023/3/10,2023/3/9,3861.59,-184.05,-4.549342008,0,,,,
2023/3/3,2023/3/2,4045.64,75.6,1.904262929,1,,,,
2023/2/24,2023/2/23,3970.04,-109.05,-2.673390389,0,,,,
2023/2/17,2023/2/16,4079.09,-11.37,-0.277963848,0,,,,
2023/2/10,2023/2/9,4090.46,-46.02,-1.112540131,0,,,,
2023/2/3,2023/2/2,4136.48,65.92,1.619433198,1,,,,
2023/1/27,2023/1/26,4070.56,97.95,2.465633425,1,,,,
2023/1/20,2023/1/19,3972.61,-26.48,-0.662150639,0,,,,
2023/1/13,2023/1/12,3999.09,104.01,2.670291753,1,,,,
2023/1/6,2023/1/5,3895.08,55.58,1.447584321,1,,,,
2022/12/30,2022/12/29,3839.5,-5.32,-0.138367986,0,,,,
2022/12/23,2022/12/22,3844.82,-7.54,-0.195724179,0,,,,
2022/12/16,2022/12/15,3852.36,-82.02,-2.084699495,0,,,,
2022/12/9,2022/12/8,3934.38,-137.32,-3.372547093,0,,,,
2022/12/2,2022/12/1,4071.7,45.58,1.132107339,1,,,,
2022/11/25,2022/11/24,4026.12,60.78,1.532781552,1,,,,
2022/11/18,2022/11/17,3965.34,-27.59,-0.690971292,0,,,,
2022/11/11,2022/11/10,3992.93,222.38,5.897813316,1,,,,
2022/11/4,2022/11/3,3770.55,-130.51,-3.345500966,0,,,,
2022/10/28,2022/10/27,3901.06,148.31,3.952035174,1,,,,
2022/10/21,2022/10/20,3752.75,169.68,4.735603826,1,,,,
2022/10/14,2022/10/13,3583.07,-56.59,-1.55481556,0,,,,
2022/10/7,2022/10/6,3639.66,54.04,1.507131263,1,,,,
2022/9/30,2022/9/29,3585.62,-107.61,-2.91370968,0,,,,
2022/9/23,2022/9/22,3693.23,-180.1,-4.649745826,0,,,,
2022/9/16,2022/9/15,3873.33,-194.03,-4.770416191,0,,,,
2022/9/9,2022/9/8,4067.36,143.1,3.646547375,1,,,,
2022/9/2,2022/9/1,3924.26,-133.4,-3.287609115,0,,,,
2022/8/26,2022/8/25,4057.66,-170.82,-4.039749508,0,,,,
2022/8/19,2022/8/18,4228.48,-51.67,-1.207200682,0,,,,
2022/8/12,2022/8/11,4280.15,134.96,3.255821808,1,,,,
2022/8/5,2022/8/4,4145.19,14.9,0.360749487,1,,,,
2022/7/29,2022/7/28,4130.29,168.66,4.25733852,1,,,,
2022/7/22,2022/7/21,3961.63,98.47,2.548949565,1,,,,
2022/7/15,2022/7/14,3863.16,-36.22,-0.928865615,0,,,,
2022/7/8,2022/7/7,3899.38,74.05,1.935780704,1,,,,
2022/7/1,2022/6/30,3825.33,-86.41,-2.208991395,0,,,,
2022/6/24,2022/6/23,3911.74,236.9,6.446539169,1,,,,
2022/6/17,2022/6/16,3674.84,-226.02,-5.794106941,0,,,,
2022/6/10,2022/6/9,3900.86,-207.68,-5.054836998,0,,,,
2022/6/3,2022/6/2,4108.54,-49.7,-1.195217207,0,,,,
2022/5/27,2022/5/26,4158.24,256.88,6.584370578,1,,,,
2022/5/20,2022/5/19,3901.36,-122.53,-3.045063359,0,,,,
2022/5/13,2022/5/12,4023.89,-99.45,-2.41187969,0,,,,
2022/5/6,2022/5/5,4123.34,-8.59,-0.207893164,0,,,,
2022/4/29,2022/4/28,4131.93,-139.85,-3.273810917,0,,,,
2022/4/22,2022/4/21,4271.78,-120.81,-2.750313596,0,,,,
2022/4/15,2022/4/14,4392.59,-95.69,-2.131997112,0,,,,
2022/4/8,2022/4/7,4488.28,-57.58,-1.266647015,0,,,,
2022/4/1,2022/3/31,4545.86,2.8,0.061632468,1,,,,
2022/3/25,2022/3/24,4543.06,79.94,1.791123698,1,,,,
2022/3/18,2022/3/17,4463.12,258.81,6.155825807,1,,,,
2022/3/11,2022/3/10,4204.31,-124.56,-2.877425287,0,,,,
2022/3/4,2022/3/3,4328.87,-55.78,-1.272165395,0,,,,
2022/2/25,2022/2/24,4384.65,35.78,0.82274246,1,,,,
2022/2/18,2022/2/17,4348.87,-69.77,-1.578992631,0,,,,
2022/2/11,2022/2/10,4418.64,-81.89,-1.819563474,0,,,,
2022/2/4,2022/2/3,4500.53,68.68,1.549691438,1,,,,
2022/1/28,2022/1/27,4431.85,33.91,0.771042806,1,,,,
2022/1/21,2022/1/20,4397.94,-264.91,-5.68128934,0,,,,
2022/1/14,2022/1/13,4662.85,-14.18,-0.303183858,0,,,,
2022/1/7,2022/1/6,4677.03,-89.15,-1.870470691,0,,,,
2021/12/31,2021/12/30,4766.18,40.39,0.854671917,1,,,,
2021/12/24,2021/12/23,4725.79,105.15,2.275658783,1,,,,
2021/12/17,2021/12/16,4620.64,-91.38,-1.939295674,0,,,,
2021/12/10,2021/12/9,4712.02,173.59,3.824890987,1,,,,
2021/12/3,2021/12/2,4538.43,-56.19,-1.222952061,0,,,,
2021/11/26,2021/11/25,4594.62,-103.34,-2.199678158,0,,,,
2021/11/19,2021/11/18,4697.96,15.11,0.322666752,1,,,,
2021/11/12,2021/11/11,4682.85,-14.68,-0.312504657,0,,,,
2021/11/5,2021/11/4,4697.53,92.15,2.000920662,1,,,,
2021/10/29,2021/10/28,4605.38,60.48,1.330722348,1,,,,
2021/10/22,2021/10/21,4544.9,73.53,1.644462435,1,,,,
2021/10/15,2021/10/14,4471.37,80.03,1.82245055,1,,,,
2021/10/8,2021/10/7,4391.34,34.3,0.787231699,1,,,,
2021/10/1,2021/9/30,4357.04,-98.44,-2.209414025,0,,,,
2021/9/24,2021/9/23,4455.48,22.49,0.507332523,1,,,,
2021/9/17,2021/9/16,4432.99,-25.59,-0.573949553,0,,,,
2021/9/10,2021/9/9,4458.58,-76.85,-1.694436911,0,,,,
2021/9/3,2021/9/2,4535.43,26.06,0.577907779,1,,,,
2021/8/27,2021/8/26,4509.37,67.7,1.524201483,1,,,,
2021/8/20,2021/8/19,4441.67,-26.33,-0.589301701,0,,,,
2021/8/13,2021/8/12,4468,31.48,0.709565155,1,,,,
2021/8/6,2021/8/5,4436.52,41.26,0.93873855,1,,,,
2021/7/30,2021/7/29,4395.26,-16.53,-0.374677852,0,,,,
2021/7/23,2021/7/22,4411.79,84.63,1.955786243,1,,,,
2021/7/16,2021/7/15,4327.16,-42.39,-0.970122782,0,,,,
2021/7/9,2021/7/8,4369.55,17.21,0.395419476,1,,,,
2021/7/2,2021/7/1,4352.34,71.64,1.673558063,1,,,,
2021/6/25,2021/6/24,4280.7,114.25,2.742142591,1,,,,
2021/6/18,2021/6/17,4166.45,-80.99,-1.906795623,0,,,,
2021/6/11,2021/6/10,4247.44,17.55,0.414904406,1,,,,
2021/6/4,2021/6/3,4229.89,25.78,0.613209455,1,,,,
2021/5/28,2021/5/27,4204.11,48.25,1.161011199,1,,,,
2021/5/21,2021/5/20,4155.86,-17.99,-0.431016927,0,,,,
2021/5/14,2021/5/13,4173.85,-58.75,-1.388035723,0,,,,
2021/5/7,2021/5/6,4232.6,51.43,1.230038482,1,,,,
2021/4/30,2021/4/29,4181.17,1,0.023922472,1,,,,
2021/4/23,2021/4/22,4180.17,-5.3,-0.126628551,0,,,,
2021/4/16,2021/4/15,4185.47,56.67,1.372553769,1,,,,
2021/4/9,2021/4/8,4128.8,108.93,2.709789123,1,,,,
2021/4/2,2021/4/1,4019.87,45.33,1.140509342,1,,,,
2021/3/26,2021/3/25,3974.54,61.44,1.570110654,1,,,,
2021/3/19,2021/3/18,3913.1,-30.24,-0.766862609,0,,,,
2021/3/12,2021/3/11,3943.34,101.4,2.639291608,1,,,,
2021/3/5,2021/3/4,3841.94,30.79,0.807892631,1,,,,
2021/2/26,2021/2/25,3811.15,-95.56,-2.446047953,0,,,,
2021/2/19,2021/2/18,3906.71,-28.12,-0.714643326,0,,,,
2021/2/12,2021/2/11,3934.83,48,1.234939527,1,,,,
2021/2/5,2021/2/4,3886.83,172.59,4.646711036,1,,,,
2021/1/29,2021/1/28,3714.24,-127.23,-3.31201337,0,,,,
2021/1/22,2021/1/21,3841.47,16.79,0.438990974,1,,,,
2021/1/8,2021/1/7,3824.68,68.61,1.826643273,1,,,,
2021/1/1,2020/12/31,3756.07,53.01,1.431518798,1,,,,
2020/12/25,2020/12/24,3703.06,-6.35,-0.171186253,0,,,,
2020/12/18,2020/12/17,3709.41,45.95,1.254278742,1,,,,
2020/12/11,2020/12/10,3663.46,-35.66,-0.964013063,0,,,,
2020/12/4,2020/12/3,3699.12,60.77,1.670262619,1,,,,
2020/11/27,2020/11/26,3638.35,80.81,2.271513462,1,,,,
2020/11/20,2020/11/19,3557.54,-27.61,-0.770121194,0,,,,
2020/11/13,2020/11/12,3585.15,75.71,2.157324245,1,,,,
2020/11/6,2020/11/5,3509.44,239.48,7.323636986,1,,,,
2020/10/30,2020/10/29,3269.96,-195.43,-5.639480693,0,,,,
2020/10/23,2020/10/22,3465.39,-18.42,-0.528731475,0,,,,
2020/10/16,2020/10/15,3483.81,6.68,0.192112461,1,,,,
2020/10/9,2020/10/8,3477.13,128.69,3.843282245,1,,,,
2020/10/2,2020/10/1,3348.44,49.98,1.515252572,1,,,,
2020/9/25,2020/9/24,3298.46,-21.01,-0.632932366,0,,,,
2020/9/18,2020/9/17,3319.47,-21.5,-0.643525683,0,,,,
2020/9/11,2020/9/10,3340.97,-85.99,-2.509221001,0,,,,
2020/9/4,2020/9/3,3426.96,-81.05,-2.310426709,0,,,,
2020/8/28,2020/8/27,3508.01,110.85,3.263019699,1,,,,
2020/8/21,2020/8/20,3397.16,24.31,0.720755444,1,,,,
2020/8/14,2020/8/13,3372.85,21.57,0.643634671,1,,,,
2020/8/7,2020/8/6,3351.28,80.16,2.450536819,1,,,,
2020/7/31,2020/7/30,3271.12,55.49,1.725633857,1,,,,
2020/7/24,2020/7/23,3215.63,-9.1,-0.282194168,0,,,,
2020/7/17,2020/7/16,3224.73,39.69,1.246138196,1,,,,
2020/7/10,2020/7/9,3185.04,55.03,1.758141348,1,,,,
2020/7/3,2020/7/2,3130.01,120.96,4.019873382,1,,,,
2020/6/26,2020/6/25,3009.05,-88.69,-2.863055001,0,,,,
2020/6/19,2020/6/18,3097.74,56.43,1.855450447,1,,,,
2020/6/12,2020/6/11,3041.31,-152.62,-4.778439102,0,,,,
2020/6/5,2020/6/4,3193.93,149.62,4.914742585,1,,,,
2020/5/29,2020/5/28,3044.31,88.86,3.006648734,1,,,,
2020/5/22,2020/5/21,2955.45,91.75,3.203897056,1,,,,
2020/5/15,2020/5/14,2863.7,-66.1,-2.256126698,0,,,,
2020/5/8,2020/5/7,2929.8,99.09,3.500535201,1,,,,
2020/5/1,2020/4/30,2830.71,-6.03,-0.212567948,0,,,,
2020/4/24,2020/4/23,2836.74,-37.82,-1.315679617,0,,,,
2020/4/17,2020/4/16,2874.56,84.74,3.037471952,1,,,,
2020/4/10,2020/4/9,2789.82,301.17,12.10174191,1,,,,
2020/4/3,2020/4/2,2488.65,-52.82,-2.078324749,0,,,,
2020/3/27,2020/3/26,2541.47,236.55,10.26282908,1,,,,
2020/3/20,2020/3/19,2304.92,-406.1,-14.97960177,0,,,,
2020/3/13,2020/3/12,2711.02,-261.35,-8.792646945,0,,,,
2020/3/6,2020/3/5,2972.37,18.15,0.614375368,1,,,,
2020/2/28,2020/2/27,2954.22,-383.53,-11.49067486,0,,,,
2020/2/21,2020/2/20,3337.75,-42.41,-1.254674335,0,,,,
2020/2/14,2020/2/13,3380.16,52.45,1.57615898,1,,,,
2020/2/7,2020/2/6,3327.71,102.19,3.168171334,1,,,,
2020/1/31,2020/1/30,3225.52,-69.95,-2.122610735,0,,,,
2020/1/24,2020/1/23,3295.47,-34.15,-1.025642566,0,,,,
2020/1/17,2020/1/16,3329.62,64.27,1.968242302,1,,,,
2020/1/10,2020/1/9,3265.35,30.5,0.942856701,1,,,,
2020/1/3,2020/1/2,3234.85,-5.17,-0.159566916,0,,,,
2019/12/27,2019/12/26,3240.02,18.8,0.583629805,1,,,,
2019/12/20,2019/12/19,3221.22,52.42,1.654253976,1,,,,
2019/12/13,2019/12/12,3168.8,22.89,0.727611407,1,,,,
2019/12/6,2019/12/5,3145.91,4.93,0.156957383,1,,,,
2019/11/29,2019/11/28,3140.98,30.69,0.986724711,1,,,,
2019/11/22,2019/11/21,3110.29,-10.17,-0.325913487,0,,,,
2019/11/15,2019/11/14,3120.46,27.38,0.885201805,1,,,,
2019/11/8,2019/11/7,3093.08,26.17,0.853301858,1,,,,
2019/11/1,2019/10/31,3066.91,44.36,1.467634944,1,,,,
2019/10/25,2019/10/24,3022.55,36.35,1.217266091,1,,,,
2019/10/18,2019/10/17,2986.2,15.93,0.53631488,1,,,,
2019/10/11,2019/10/10,2970.27,18.26,0.61856159,1,,,,
2019/10/4,2019/10/3,2952.01,-9.78,-0.33020572,0,,,,
2019/9/27,2019/9/26,2961.79,-30.28,-1.012008409,0,,,,
2019/9/20,2019/9/19,2992.07,-15.32,-0.509411816,0,,,,
2019/9/13,2019/9/12,3007.39,28.68,0.962832904,1,,,,
2019/9/6,2019/9/5,2978.71,52.25,1.785433596,1,,,,
2019/8/30,2019/8/29,2926.46,79.35,2.787036679,1,,,,
2019/8/23,2019/8/22,2847.11,-41.57,-1.439065594,0,,,,
2019/8/16,2019/8/15,2888.68,-29.97,-1.026844603,0,,,,
2019/8/9,2019/8/8,2918.65,-13.4,-0.457018127,0,,,,
2019/8/2,2019/8/1,2932.05,-93.81,-3.100275624,0,,,,
2019/7/26,2019/7/25,3025.86,49.25,1.654566772,1,,,,
2019/7/19,2019/7/18,2976.61,-37.16,-1.233007164,0,,,,
2019/7/12,2019/7/11,3013.77,23.36,0.781163787,1,,,,
2019/7/5,2019/7/4,2990.41,48.65,1.653771892,1,,,,
2019/6/28,2019/6/27,2941.76,-8.7,-0.294869275,0,,,,
2019/6/21,2019/6/20,2950.46,63.48,2.19883754,1,,,,
2019/6/14,2019/6/13,2886.98,13.64,0.474708875,1,,,,
2019/6/7,2019/6/6,2873.34,121.28,4.406880664,1,,,,
2019/5/31,2019/5/30,2752.06,-74,-2.618486515,0,,,,
2019/5/24,2019/5/23,2826.06,-33.47,-1.170472071,0,,,,
2019/5/17,2019/5/16,2859.53,-21.87,-0.759006039,0,,,,
2019/5/10,2019/5/9,2881.4,-64.24,-2.180850342,0,,,,
2019/5/3,2019/5/2,2945.64,5.76,0.195926364,1,,,,
2019/4/26,2019/4/25,2939.88,34.85,1.199643377,1,,,,
2019/4/19,2019/4/18,2905.03,-2.38,-0.0818598,0,,,,
2019/4/12,2019/4/11,2907.41,14.67,0.507131647,1,,,,
2019/4/5,2019/4/4,2892.74,58.34,2.05828394,1,,,,
2019/3/29,2019/3/28,2834.4,33.69,1.202909262,1,,,,
2019/3/22,2019/3/21,2800.71,-21.77,-0.771307503,0,,,,
2019/3/15,2019/3/14,2822.48,79.41,2.894931591,1,,,,
2019/3/8,2019/3/7,2743.07,-60.62,-2.162150594,0,,,,
2019/3/1,2019/2/28,2803.69,11.02,0.394604447,1,,,,
2019/2/22,2019/2/21,2792.67,17.07,0.615002162,1,,,,
2019/2/15,2019/2/14,2775.6,67.72,2.500849373,1,,,,
2019/2/8,2019/2/7,2707.88,1.35,0.049879366,1,,,,
2019/2/1,2019/1/31,2706.53,41.77,1.567495759,1,,,,
2019/1/25,2019/1/24,2664.76,-5.95,-0.222787199,0,,,,
2019/1/18,2019/1/17,2670.71,74.45,2.867586451,1,,,,
2019/1/11,2019/1/10,2596.26,64.32,2.540344558,1,,,,
2019/1/4,2019/1/3,2531.94,46.2,1.858601463,1,,,,
2018/12/28,2018/12/27,2485.74,69.12,2.860193162,1,,,,
2018/12/21,2018/12/20,2416.62,-183.33,-7.051289448,0,,,,
2018/12/14,2018/12/13,2599.95,-33.13,-1.25822231,0,,,,
2018/12/7,2018/12/6,2633.08,-127.09,-4.604426539,0,,,,
2018/11/30,2018/11/29,2760.17,127.61,4.847372899,1,,,,
2018/11/23,2018/11/22,2632.56,-103.71,-3.790196143,0,,,,
2018/11/16,2018/11/15,2736.27,-44.74,-1.608768038,0,,,,
2018/11/9,2018/11/8,2781.01,57.95,2.12812057,1,,,,
2018/11/2,2018/11/1,2723.06,64.37,2.421117167,1,,,,
2018/10/26,2018/10/25,2658.69,-109.09,-3.94142598,0,,,,
2018/10/19,2018/10/18,2767.78,0.65,0.023490042,1,,,,
2018/10/12,2018/10/11,2767.13,-118.44,-4.104561664,0,,,,
2018/10/5,2018/10/4,2885.57,-28.41,-0.974955216,0,,,,
2018/9/28,2018/9/27,2913.98,-15.69,-0.535555199,0,,,,
2018/9/21,2018/9/20,2929.67,24.69,0.849919793,1,,,,
2018/9/14,2018/9/13,2904.98,33.3,1.159599955,1,,,,
2018/9/7,2018/9/6,2871.68,-29.84,-1.02842648,0,,,,
2018/8/31,2018/8/30,2901.52,26.83,0.933318027,1,,,,
2018/8/24,2018/8/23,2874.69,24.56,0.86171508,1,,,,
2018/8/17,2018/8/16,2850.13,16.85,0.594717077,1,,,,
2018/8/10,2018/8/9,2833.28,-7.07,-0.248912986,0,,,,
2018/8/3,2018/8/2,2840.35,21.53,0.763794779,1,,,,
2018/7/27,2018/7/26,2818.82,16.99,0.606389396,1,,,,
2018/7/20,2018/7/19,2801.83,0.52,0.018562744,1,,,,
2018/7/13,2018/7/12,2801.31,41.49,1.503358915,1,,,,
2018/7/6,2018/7/5,2759.82,41.45,1.524810824,1,,,,
2018/6/29,2018/6/28,2718.37,-36.51,-1.325284586,0,,,,
2018/6/22,2018/6/21,2754.88,-24.78,-0.891475936,0,,,,
2018/6/15,2018/6/14,2779.66,0.63,0.02266978,1,,,,
2018/6/8,2018/6/7,2779.03,44.41,1.623991633,1,,,,
2018/6/1,2018/5/31,2734.62,13.29,0.488364145,1,,,,
2018/5/25,2018/5/24,2721.33,8.36,0.308149371,1,,,,
2018/5/18,2018/5/17,2712.97,-14.75,-0.540744651,0,,,,
2018/5/11,2018/5/10,2727.72,64.3,2.414189275,1,,,,
2018/5/4,2018/5/3,2663.42,-6.49,-0.243079355,0,,,,
2018/4/27,2018/4/26,2669.91,-0.23,-0.008613781,0,,,,
2018/4/20,2018/4/19,2670.14,13.84,0.521025487,1,,,,
2018/4/13,2018/4/12,2656.3,51.83,1.9900402,1,,,,
2018/4/6,2018/4/5,2604.47,-36.4,-1.378333655,0,,,,
2018/3/30,2018/3/29,2640.87,52.61,2.032639688,1,,,,
2018/3/23,2018/3/22,2588.26,-163.75,-5.950196402,0,,,,
2018/3/16,2018/3/15,2752.01,-34.56,-1.24023441,0,,,,
2018/3/9,2018/3/8,2786.57,95.32,3.541848583,1,,,,
2018/3/2,2018/3/1,2691.25,-56.05,-2.040184909,0,,,,
2018/2/23,2018/2/22,2747.3,15.08,0.551932128,1,,,,
2018/2/16,2018/2/15,2732.22,112.67,4.301120421,1,,,,
2018/2/9,2018/2/8,2619.55,-142.58,-5.161958344,0,,,,
2018/2/2,2018/2/1,2762.13,-110.74,-3.854681903,0,,,,
2018/1/26,2018/1/25,2872.87,62.57,2.226452692,1,,,,
2018/1/19,2018/1/18,2810.3,24.06,0.863529344,1,,,,
2018/1/12,2018/1/11,2786.24,43.09,1.570821865,1,,,,
2018/1/5,2018/1/4,2743.15,69.54,2.600977704,1,,,,
2017/12/29,2017/12/28,2673.61,-9.73,-0.362607795,0,,,,
2017/12/22,2017/12/21,2683.34,7.53,0.281410115,1,,,,
2017/12/15,2017/12/14,2675.81,24.31,0.916839525,1,,,,
2017/12/8,2017/12/7,2651.5,9.28,0.351219808,1,,,,
2017/12/1,2017/11/30,2642.22,39.8,1.529345763,1,,,,
2017/11/24,2017/11/23,2602.42,23.57,0.913973283,1,,,,
2017/11/17,2017/11/16,2578.85,-3.45,-0.133601828,0,,,,
2017/11/10,2017/11/9,2582.3,-5.54,-0.21407815,0,,,,
2017/11/3,2017/11/2,2587.84,6.77,0.26229432,1,,,,
2017/10/27,2017/10/26,2581.07,5.86,0.227554258,1,,,,
2017/10/20,2017/10/19,2575.21,22.04,0.863240599,1,,,,
2017/10/13,2017/10/12,2553.17,3.84,0.150627812,1,,,,
2017/10/6,2017/10/5,2549.33,29.97,1.189587832,1,,,,
2017/9/29,2017/9/28,2519.36,17.14,0.684991727,1,,,,
2017/9/22,2017/9/21,2502.22,1.99,0.079592677,1,,,,
2017/9/15,2017/9/14,2500.23,38.8,1.576319457,1,,,,
2017/9/8,2017/9/7,2461.43,-15.12,-0.610526741,0,,,,
2017/9/1,2017/8/31,2476.55,33.5,1.371236774,1,,,,
2017/8/25,2017/8/24,2443.05,17.5,0.721485849,1,,,,
2017/8/18,2017/8/17,2425.55,-15.77,-0.645962021,0,,,,
2017/8/11,2017/8/10,2441.32,-35.51,-1.433687415,0,,,,
2017/8/4,2017/8/3,2476.83,4.73,0.191335302,1,,,,
2017/7/28,2017/7/27,2472.1,-0.44,-0.017795465,0,,,,
2017/7/21,2017/7/20,2472.54,13.27,0.539591017,1,,,,
2017/7/14,2017/7/13,2459.27,34.09,1.405668858,1,,,,
2017/7/7,2017/7/6,2425.18,1.77,0.073037579,1,,,,
2017/6/30,2017/6/29,2423.41,-14.89,-0.610671369,0,,,,
2017/6/23,2017/6/22,2438.3,5.15,0.211659783,1,,,,
2017/6/16,2017/6/15,2433.15,1.38,0.056748788,1,,,,
2017/6/9,2017/6/8,2431.77,-7.3,-0.299294403,0,,,,
2017/6/2,2017/6/1,2439.07,23.25,0.96240614,1,,,,
2017/5/26,2017/5/25,2415.82,34.09,1.431312533,1,,,,
2017/5/19,2017/5/18,2381.73,-9.17,-0.38353758,0,,,,
2017/5/12,2017/5/11,2390.9,-8.39,-0.349686782,0,,,,
2017/5/5,2017/5/4,2399.29,15.09,0.632916702,1,,,,
2017/4/28,2017/4/27,2384.2,35.51,1.511906637,1,,,,
2017/4/21,2017/4/20,2348.69,19.74,0.847592263,1,,,,
2017/4/14,2017/4/13,2328.95,-26.59,-1.128828209,0,,,,
2017/4/7,2017/4/6,2355.54,-7.18,-0.303887045,0,,,,
2017/3/31,2017/3/30,2362.72,18.74,0.799494876,1,,,,
2017/3/24,2017/3/23,2343.98,-34.27,-1.440975507,0,,,,
2017/3/17,2017/3/16,2378.25,5.65,0.238135379,1,,,,
2017/3/10,2017/3/9,2372.6,-10.52,-0.441438115,0,,,,
2017/3/3,2017/3/2,2383.12,15.78,0.666570919,1,,,,
2017/2/24,2017/2/23,2367.34,16.18,0.688170945,1,,,,
2017/2/17,2017/2/16,2351.16,35.06,1.513751565,1,,,,
2017/2/10,2017/2/9,2316.1,18.68,0.813085983,1,,,,
2017/2/3,2017/2/2,2297.42,2.73,0.118970318,1,,,,
2017/1/27,2017/1/26,2294.69,23.38,1.02936191,1,,,,
2017/1/20,2017/1/19,2271.31,-3.33,-0.146396792,0,,,,
2017/1/13,2017/1/12,2274.64,-2.34,-0.102767701,0,,,,
2017/1/6,2017/1/5,2276.98,38.15,1.704015044,1,,,,
2016/12/30,2016/12/29,2238.83,-24.96,-1.102575769,0,,,,
2016/12/23,2016/12/22,2263.79,5.72,0.253313671,1,,,,
2016/12/16,2016/12/15,2258.07,-1.46,-0.064615208,0,,,,
2016/12/9,2016/12/8,2259.53,67.58,3.083099523,1,,,,
2016/12/2,2016/12/1,2191.95,-21.4,-0.966860189,0,,,,
2016/11/25,2016/11/24,2213.35,31.45,1.441404281,1,,,,
2016/11/18,2016/11/17,2181.9,17.45,0.80620943,1,,,,
2016/11/11,2016/11/10,2164.45,79.27,3.80159027,1,,,,
2016/11/4,2016/11/3,2085.18,-41.23,-1.938948745,0,,,,
2016/10/28,2016/10/27,2126.41,-14.75,-0.688878925,0,,,,
2016/10/21,2016/10/20,2141.16,8.18,0.383501017,1,,,,
2016/10/14,2016/10/13,2132.98,-20.76,-0.96390465,0,,,,
2016/10/7,2016/10/6,2153.74,-14.53,-0.670119496,0,,,,
2016/9/30,2016/9/29,2168.27,3.58,0.165381648,1,,,,
2016/9/23,2016/9/22,2164.69,25.53,1.193459115,1,,,,
2016/9/16,2016/9/15,2139.16,11.35,0.533412288,1,,,,
2016/9/9,2016/9/8,2127.81,-52.17,-2.393141221,0,,,,
2016/9/2,2016/9/1,2179.98,10.94,0.504370597,1,,,,
2016/8/26,2016/8/25,2169.04,-14.83,-0.679069725,0,,,,
2016/8/19,2016/8/18,2183.87,-0.18,-0.00824157,0,,,,
2016/8/12,2016/8/11,2184.05,1.18,0.054057273,1,,,,
2016/8/5,2016/8/4,2182.87,9.27,0.426481413,1,,,,
2016/7/29,2016/7/28,2173.6,-1.43,-0.06574622,0,,,,
2016/7/22,2016/7/21,2175.03,13.29,0.614782536,1,,,,
2016/7/15,2016/7/14,2161.74,31.84,1.494905864,1,,,,
2016/7/8,2016/7/7,2129.9,26.95,1.281533084,1,,,,
2016/7/1,2016/6/30,2102.95,65.54,3.21682921,1,,,,
2016/6/24,2016/6/23,2037.41,-33.81,-1.632371259,0,,,,
2016/6/17,2016/6/16,2071.22,-24.85,-1.185552009,0,,,,
2016/6/10,2016/6/9,2096.07,-3.06,-0.145774678,0,,,,
2016/6/3,2016/6/2,2099.13,0.07,0.003334826,1,,,,
2016/5/27,2016/5/26,2099.06,46.74,2.277422624,1,,,,
2016/5/20,2016/5/19,2052.32,5.71,0.278997953,1,,,,
2016/5/13,2016/5/12,2046.61,-10.53,-0.511875711,0,,,,
2016/5/6,2016/5/5,2057.14,-8.16,-0.395099985,0,,,,
2016/4/29,2016/4/28,2065.3,-26.28,-1.256466403,0,,,,
2016/4/22,2016/4/21,2091.58,10.85,0.521451606,1,,,,
2016/4/15,2016/4/14,2080.73,33.13,1.617991795,1,,,,
2016/4/8,2016/4/7,2047.6,-25.18,-1.214793659,0,,,,
2016/4/1,2016/3/31,2072.78,36.84,1.80948358,1,,,,
2016/3/25,2016/3/24,2035.94,-13.64,-0.6655022,0,,,,
2016/3/18,2016/3/17,2049.58,27.39,1.354472132,1,,,,
2016/3/11,2016/3/10,2022.19,22.2,1.11000555,1,,,,
2016/3/4,2016/3/3,1999.99,51.94,2.666256,1,,,,
2016/2/26,2016/2/25,1948.05,30.27,1.578387511,1,,,,
2016/2/19,2016/2/18,1917.78,53,2.842158324,1,,,,
2016/2/12,2016/2/11,1864.78,-15.27,-0.812212441,0,,,,
2016/2/5,2016/2/4,1880.05,-60.19,-3.102193543,0,,,,
2016/1/29,2016/1/28,1940.24,33.34,1.748387435,1,,,,
2016/1/22,2016/1/21,1906.9,26.57,1.413049837,1,,,,
2016/1/15,2016/1/14,1880.33,-41.7,-2.16958112,0,,,,
2016/1/8,2016/1/7,1922.03,-121.91,-5.964460796,0,,,,
2016/1/1,2015/12/31,2043.94,-17.05,-0.82727233,0,,,,
2015/12/25,2015/12/24,2060.99,55.44,2.764328987,1,,,,
2015/12/18,2015/12/17,2005.55,-6.82,-0.33890388,0,,,,
2015/12/11,2015/12/10,2012.37,-79.32,-3.792148932,0,,,,
2015/12/4,2015/12/3,2091.69,1.58,0.075594107,1,,,,
2015/11/27,2015/11/26,2090.11,0.94,0.044993945,1,,,,
2015/11/20,2015/11/19,2089.17,66.13,3.268842929,1,,,,
2015/11/13,2015/11/12,2023.04,-76.16,-3.62804878,0,,,,
2015/11/6,2015/11/5,2099.2,19.84,0.954139735,1,,,,
2015/10/30,2015/10/29,2079.36,4.21,0.2028769,1,,,,
2015/10/23,2015/10/22,2075.15,42.04,2.067768099,1,,,,
2015/10/16,2015/10/15,2033.11,18.22,0.904267727,1,,,,
2015/10/9,2015/10/8,2014.89,63.53,3.255678091,1,,,,
2015/10/2,2015/10/1,1951.36,20.02,1.036585997,1,,,,
2015/9/25,2015/9/24,1931.34,-26.69,-1.363104753,0,,,,
2015/9/18,2015/9/17,1958.03,-3.02,-0.153999133,0,,,,
2015/9/11,2015/9/10,1961.05,39.83,2.073161845,1,,,,
2015/9/4,2015/9/3,1921.22,-67.65,-3.401428952,0,,,,
2015/8/28,2015/8/27,1988.87,17.98,0.912278209,1,,,,
2015/8/21,2015/8/20,1970.89,-120.65,-5.768476816,0,,,,
2015/8/14,2015/8/13,2091.54,13.97,0.672420183,1,,,,
2015/8/7,2015/8/6,2077.57,-26.27,-1.2486691,0,,,,
2015/7/31,2015/7/30,2103.84,24.19,1.163176496,1,,,,
2015/7/24,2015/7/23,2079.65,-46.99,-2.209588835,0,,,,
2015/7/17,2015/7/16,2126.64,50.02,2.408721865,1,,,,
2015/7/10,2015/7/9,2076.62,-0.16,-0.007704234,0,,,,
2015/7/3,2015/7/2,2076.78,-24.71,-1.175832386,0,,,,
2015/6/26,2015/6/25,2101.49,-8.5,-0.402845511,0,,,,
2015/6/19,2015/6/18,2109.99,15.88,0.758317376,1,,,,
2015/6/12,2015/6/11,2094.11,1.28,0.061161203,1,,,,
2015/6/5,2015/6/4,2092.83,-14.56,-0.690902016,0,,,,
2015/5/29,2015/5/28,2107.39,-18.67,-0.878150193,0,,,,
2015/5/22,2015/5/21,2126.06,3.33,0.15687346,1,,,,
2015/5/15,2015/5/14,2122.73,6.63,0.313312225,1,,,,
2015/5/8,2015/5/7,2116.1,7.81,0.370442396,1,,,,
2015/5/1,2015/4/30,2108.29,-9.4,-0.443879888,0,,,,
2015/4/24,2015/4/23,2117.69,36.51,1.754293237,1,,,,
2015/4/17,2015/4/16,2081.18,-20.88,-0.993311323,0,,,,
2015/4/10,2015/4/9,2102.06,35.1,1.69814607,1,,,,
2015/4/3,2015/4/2,2066.96,5.94,0.28820681,1,,,,
2015/3/27,2015/3/26,2061.02,-47.08,-2.233290641,0,,,,
2015/3/20,2015/3/19,2108.1,54.7,2.66387455,1,,,,
2015/3/13,2015/3/12,2053.4,-17.86,-0.862277068,0,,,,
2015/3/6,2015/3/5,2071.26,-33.24,-1.579472559,0,,,,
2015/2/27,2015/2/26,2104.5,-5.8,-0.274842439,0,,,,
2015/2/20,2015/2/19,2110.3,13.31,0.634719288,1,,,,
2015/2/13,2015/2/12,2096.99,41.52,2.019975967,1,,,,
2015/2/6,2015/2/5,2055.47,60.48,3.031594143,1,,,,
2015/1/30,2015/1/29,1994.99,-56.83,-2.769736137,0,,,,
2015/1/23,2015/1/22,2051.82,32.4,1.604421071,1,,,,
2015/1/16,2015/1/15,2019.42,-25.39,-1.241680156,0,,,,
2015/1/9,2015/1/8,2044.81,-13.39,-0.650568458,0,,,,
2015/1/2,2015/1/1,2058.2,-30.57,-1.463540744,0,,,,
2014/12/26,2014/12/25,2088.77,18.12,0.875087533,1,,,,
2014/12/19,2014/12/18,2070.65,68.32,3.412024991,1,,,,
2014/12/12,2014/12/11,2002.33,-73.04,-3.519372449,0,,,,
2014/12/5,2014/12/4,2075.37,7.81,0.377739945,1,,,,
2014/11/28,2014/11/27,2067.56,4.06,0.196753089,1,,,,
2014/11/21,2014/11/20,2063.5,23.68,1.160886745,1,,,,
2014/11/14,2014/11/13,2039.82,7.9,0.388794834,1,,,,
2014/11/7,2014/11/6,2031.92,13.87,0.687297143,1,,,,
2014/10/31,2014/10/30,2018.05,53.47,2.721701331,1,,,,
2014/10/24,2014/10/23,1964.58,77.82,4.124530942,1,,,,
2014/10/17,2014/10/16,1886.76,-19.37,-1.016195118,0,,,,
2014/10/10,2014/10/9,1906.13,-61.77,-3.138879008,0,,,,
2014/10/3,2014/10/2,1967.9,-14.95,-0.753965252,0,,,,
2014/9/26,2014/9/25,1982.85,-27.55,-1.370374055,0,,,,
2014/9/19,2014/9/18,2010.4,24.86,1.252052338,1,,,,
2014/9/12,2014/9/11,1985.54,-22.17,-1.104243143,0,,,,
2014/9/5,2014/9/4,2007.71,4.34,0.21663497,1,,,,
2014/8/29,2014/8/28,2003.37,14.97,0.752866626,1,,,,
2014/8/22,2014/8/21,1988.4,33.34,1.705318507,1,,,,
2014/8/15,2014/8/14,1955.06,23.47,1.215061167,1,,,,
2014/8/8,2014/8/7,1931.59,6.44,0.334519388,1,,,,
2014/8/1,2014/7/31,1925.15,-53.19,-2.68861773,0,,,,
2014/7/25,2014/7/24,1978.34,0.12,0.006066059,1,,,,
2014/7/18,2014/7/17,1978.22,10.65,0.541276803,1,,,,
2014/7/11,2014/7/10,1967.57,-17.87,-0.900052381,0,,,,
2014/7/4,2014/7/3,1985.44,24.48,1.248368146,1,,,,
2014/6/27,2014/6/26,1960.96,-1.91,-0.097306495,0,,,,
2014/6/20,2014/6/19,1962.87,26.71,1.379534749,1,,,,
2014/6/13,2014/6/12,1936.16,-13.28,-0.681221274,0,,,,
2014/6/6,2014/6/5,1949.44,25.87,1.344895169,1,,,,
2014/5/30,2014/5/29,1923.57,23.04,1.212293413,1,,,,
2014/5/23,2014/5/22,1900.53,22.67,1.207225246,1,,,,
2014/5/16,2014/5/15,1877.86,-0.62,-0.033005409,0,,,,
2014/5/9,2014/5/8,1878.48,-2.66,-0.141403617,0,,,,
2014/5/2,2014/5/1,1881.14,17.74,0.952023183,1,,,,
2014/4/25,2014/4/24,1863.4,-1.45,-0.077754243,0,,,,
2014/4/18,2014/4/17,1864.85,49.16,2.707510643,1,,,,
2014/4/11,2014/4/10,1815.69,-49.4,-2.648665748,0,,,,
2014/4/4,2014/4/3,1865.09,7.47,0.402127453,1,,,,
2014/3/28,2014/3/27,1857.62,-8.9,-0.476823179,0,,,,
2014/3/21,2014/3/20,1866.52,25.39,1.379044391,1,,,,
2014/3/14,2014/3/13,1841.13,-36.91,-1.965346851,0,,,,
2014/3/7,2014/3/6,1878.04,18.59,0.999757993,1,,,,
2014/2/28,2014/2/27,1859.45,23.2,1.26344452,1,,,,
2014/2/21,2014/2/20,1836.25,-2.38,-0.129444206,0,,,,
2014/2/14,2014/2/13,1838.63,41.61,2.315500106,1,,,,
2014/2/7,2014/2/6,1797.02,14.43,0.809496295,1,,,,
2014/1/31,2014/1/30,1782.59,-7.7,-0.430097917,0,,,,
2014/1/24,2014/1/23,1790.29,-48.41,-2.632838418,0,,,,
2014/1/17,2014/1/16,1838.7,-3.67,-0.199199944,0,,,,
2014/1/10,2014/1/9,1842.37,11,0.600643234,1,,,,
2014/1/3,2014/1/2,1831.37,-10.03,-0.544694254,0,,,,
2013/12/27,2013/12/26,1841.4,23.08,1.269303533,1,,,,
2013/12/20,2013/12/19,1818.32,43,2.422098551,1,,,,
2013/12/13,2013/12/12,1775.32,-29.77,-1.649225246,0,,,,
2013/12/6,2013/12/5,1805.09,-0.72,-0.039871304,0,,,,
2013/11/29,2013/11/28,1805.81,1.05,0.058179481,1,,,,
2013/11/22,2013/11/21,1804.76,6.58,0.365925547,1,,,,
2013/11/15,2013/11/14,1798.18,27.57,1.557090494,1,,,,
2013/11/8,2013/11/7,1770.61,8.97,0.509184623,1,,,,
2013/11/1,2013/10/31,1761.64,1.87,0.106263887,1,,,,
2013/10/25,2013/10/24,1759.77,15.27,0.875322442,1,,,,
2013/10/18,2013/10/17,1744.5,41.3,2.424847346,1,,,,
2013/10/11,2013/10/10,1703.2,12.7,0.751257025,1,,,,
2013/10/4,2013/10/3,1690.5,-1.25,-0.073887986,0,,,,
2013/9/27,2013/9/26,1691.75,-18.16,-1.062044201,0,,,,
2013/9/20,2013/9/19,1709.91,21.92,1.298585892,1,,,,
2013/9/13,2013/9/12,1687.99,32.82,1.982877892,1,,,,
2013/9/6,2013/9/5,1655.17,22.2,1.35948609,1,,,,
2013/8/30,2013/8/29,1632.97,-30.53,-1.835287045,0,,,,
2013/8/23,2013/8/22,1663.5,7.67,0.463211803,1,,,,
2013/8/16,2013/8/15,1655.83,-35.59,-2.104149176,0,,,,
2013/8/9,2013/8/8,1691.42,-18.25,-1.067457463,0,,,,
2013/8/2,2013/8/1,1709.67,18.02,1.06523217,1,,,,
2013/7/26,2013/7/25,1691.65,-0.44,-0.026003345,0,,,,
2013/7/19,2013/7/18,1692.09,11.9,0.708253233,1,,,,
2013/7/12,2013/7/11,1680.19,48.3,2.959758317,1,,,,
2013/7/5,2013/7/4,1631.89,25.61,1.594367109,1,,,,
2013/6/28,2013/6/27,1606.28,13.85,0.869739957,1,,,,
2013/6/21,2013/6/20,1592.43,-34.3,-2.108524463,0,,,,
2013/6/14,2013/6/13,1626.73,-16.65,-1.013155813,0,,,,
2013/6/7,2013/6/6,1643.38,12.64,0.775108233,1,,,,
2013/5/31,2013/5/30,1630.74,-18.86,-1.143307468,0,,,,
2013/5/24,2013/5/23,1649.6,-17.87,-1.071683449,0,,,,
2013/5/17,2013/5/16,1667.47,33.77,2.06708698,1,,,,
2013/5/10,2013/5/9,1633.7,19.28,1.19423694,1,,,,
2013/5/3,2013/5/2,1614.42,32.18,2.033825463,1,,,,
2013/4/26,2013/4/25,1582.24,26.99,1.735412313,1,,,,
2013/4/19,2013/4/18,1555.25,-33.6,-2.114737074,0,,,,
2013/4/12,2013/4/11,1588.85,35.57,2.289992789,1,,,,
2013/4/5,2013/4/4,1553.28,-15.91,-1.013898891,0,,,,
2013/3/29,2013/3/28,1569.19,12.3,0.790036547,1,,,,
2013/3/22,2013/3/21,1556.89,-3.81,-0.244121228,0,,,,
2013/3/15,2013/3/14,1560.7,9.52,0.613726324,1,,,,
2013/3/8,2013/3/7,1551.18,32.98,2.172309314,1,,,,
2013/3/1,2013/2/28,1518.2,2.6,0.171549221,1,,,,
2013/2/22,2013/2/21,1515.6,-4.19,-0.275695984,0,,,,
2013/2/15,2013/2/14,1519.79,1.86,0.122535295,1,,,,
2013/2/8,2013/2/7,1517.93,4.76,0.314571396,1,,,,
2013/2/1,2013/1/31,1513.17,10.21,0.67932613,1,,,,
2013/1/25,2013/1/24,1502.96,16.98,1.142680251,1,,,,
2013/1/18,2013/1/17,1485.98,13.93,0.946299378,1,,,,
2013/1/11,2013/1/10,1472.05,5.58,0.380505568,1,,,,
2013/1/4,2013/1/3,1466.47,64.04,4.566359818,1,,,,
2012/12/28,2012/12/27,1402.43,-27.72,-1.938258225,0,,,,
2012/12/21,2012/12/20,1430.15,16.57,1.172201078,1,,,,
2012/12/14,2012/12/13,1413.58,-4.49,-0.316627529,0,,,,
2012/12/7,2012/12/6,1418.07,1.89,0.133457611,1,,,,
2012/11/30,2012/11/29,1416.18,7.03,0.498882305,1,,,,
2012/11/23,2012/11/22,1409.15,49.27,3.623113804,1,,,,
2012/11/16,2012/11/15,1359.88,-19.97,-1.44725876,0,,,,
2012/11/9,2012/11/8,1379.85,-34.35,-2.428935087,0,,,,
2012/11/2,2012/11/1,1414.2,2.26,0.160063459,1,,,,
2012/10/26,2012/10/25,1411.94,-21.25,-1.48270641,0,,,,
2012/10/19,2012/10/18,1433.19,4.6,0.321995814,1,,,,
2012/10/12,2012/10/11,1428.59,-32.34,-2.213658423,0,,,,
2012/10/5,2012/10/4,1460.93,20.26,1.406290129,1,,,,
2012/9/28,2012/9/27,1440.67,-19.48,-1.334109509,0,,,,
2012/9/21,2012/9/20,1460.15,-5.62,-0.383416225,0,,,,
2012/9/14,2012/9/13,1465.77,27.85,1.936825414,1,,,,
2012/9/7,2012/9/6,1437.92,31.34,2.228099362,1,,,,
2012/8/31,2012/8/30,1406.58,-4.55,-0.322436629,0,,,,
2012/8/24,2012/8/23,1411.13,-7.03,-0.495712755,0,,,,
2012/8/17,2012/8/16,1418.16,12.29,0.874191782,1,,,,
2012/8/10,2012/8/9,1405.87,14.88,1.069741695,1,,,,
2012/8/3,2012/8/2,1390.99,5.02,0.362201202,1,,,,
2012/7/27,2012/7/26,1385.97,23.31,1.710624807,1,,,,
2012/7/20,2012/7/19,1362.66,5.88,0.43337903,1,,,,
2012/7/13,2012/7/12,1356.78,2.1,0.155018159,1,,,,
2012/7/6,2012/7/5,1354.68,-7.48,-0.549127856,0,,,,
2012/6/29,2012/6/28,1362.16,27.14,2.032928346,1,,,,
2012/6/22,2012/6/21,1335.02,-7.82,-0.58234786,0,,,,
2012/6/15,2012/6/14,1342.84,17.18,1.29595824,1,,,,
2012/6/8,2012/6/7,1325.66,47.61,3.725206369,1,,,,
2012/6/1,2012/5/31,1278.05,-39.77,-3.017862834,0,,,,
2012/5/25,2012/5/24,1317.82,22.6,1.744877318,1,,,,
2012/5/18,2012/5/17,1295.22,-58.17,-4.298095893,0,,,,
2012/5/11,2012/5/10,1353.39,-15.71,-1.14746914,0,,,,
2012/5/4,2012/5/3,1369.1,-34.26,-2.441283776,0,,,,
2012/4/27,2012/4/26,1403.36,24.83,1.801194026,1,,,,
2012/4/20,2012/4/19,1378.53,8.27,0.603535096,1,,,,
2012/4/13,2012/4/12,1370.26,-27.82,-1.989871824,0,,,,
2012/4/6,2012/4/5,1398.08,-10.39,-0.737679894,0,,,,
2012/3/30,2012/3/29,1408.47,11.36,0.813107057,1,,,,
2012/3/23,2012/3/22,1397.11,-7.06,-0.502788124,0,,,,
2012/3/16,2012/3/15,1404.17,33.3,2.429114358,1,,,,
2012/3/9,2012/3/8,1370.87,1.24,0.0905354,1,,,,
2012/3/2,2012/3/1,1369.63,3.89,0.284827273,1,,,,
2012/2/24,2012/2/23,1365.74,4.51,0.331317999,1,,,,
2012/2/17,2012/2/16,1361.23,18.59,1.384585593,1,,,,
2012/2/10,2012/2/9,1342.64,-2.26,-0.168042234,0,,,,
2012/2/3,2012/2/2,1344.9,28.57,2.170428388,1,,,,
2012/1/27,2012/1/26,1316.33,0.95,0.072222476,1,,,,
2012/1/20,2012/1/19,1315.38,26.29,2.039423159,1,,,,
2012/1/13,2012/1/12,1289.09,11.28,0.882760348,1,,,,
2012/1/6,2012/1/5,1277.81,20.2,1.606221325,1,,,,
2011/12/30,2011/12/29,1257.61,-7.72,-0.610117519,0,,,,
2011/12/23,2011/12/22,1265.33,45.67,3.744486168,1,,,,
2011/12/16,2011/12/15,1219.66,-35.53,-2.830647153,0,,,,
2011/12/9,2011/12/8,1255.19,10.91,0.876812293,1,,,,
2011/12/2,2011/12/1,1244.28,85.61,7.388643876,1,,,,
2011/11/25,2011/11/24,1158.67,-56.98,-4.687204376,0,,,,
2011/11/18,2011/11/17,1215.65,-48.21,-3.814504771,0,,,,
2011/11/11,2011/11/10,1263.86,10.63,0.84820823,1,,,,
2011/11/4,2011/11/3,1253.23,-31.86,-2.479203791,0,,,,
2011/10/28,2011/10/27,1285.09,46.84,3.782757924,1,,,,
2011/10/21,2011/10/20,1238.25,13.67,1.116301099,1,,,,
2011/10/14,2011/10/13,1224.58,69.12,5.98203313,1,,,,
2011/10/7,2011/10/6,1155.46,24.04,2.124763571,1,,,,
2011/9/30,2011/9/29,1131.42,-5.01,-0.440854254,0,,,,
2011/9/23,2011/9/22,1136.43,-79.58,-6.544354076,0,,,,
2011/9/16,2011/9/15,1216.01,61.78,5.352486073,1,,,,
2011/9/9,2011/9/8,1154.23,-19.74,-1.681473973,0,,,,
2011/9/2,2011/9/1,1173.97,-2.83,-0.240482665,0,,,,
2011/8/26,2011/8/25,1176.8,53.27,4.741306418,1,,,,
2011/8/19,2011/8/18,1123.53,-55.28,-4.689474979,0,,,,
2011/8/12,2011/8/11,1178.81,-20.57,-1.715052777,0,,,,
2011/8/5,2011/8/4,1199.38,-92.9,-7.188844523,0,,,,
2011/7/29,2011/7/28,1292.28,-52.74,-3.921131284,0,,,,
2011/7/22,2011/7/21,1345.02,28.88,2.19429544,1,,,,
2011/7/15,2011/7/14,1316.14,-27.66,-2.058342015,0,,,,
2011/7/8,2011/7/7,1343.8,4.13,0.308284876,1,,,,
2011/7/1,2011/6/30,1339.67,71.22,5.614726635,1,,,,
2011/6/24,2011/6/23,1268.45,-3.05,-0.239874164,0,,,,
2011/6/17,2011/6/16,1271.5,0.52,0.040913311,1,,,,
2011/6/10,2011/6/9,1270.98,-29.18,-2.244339158,0,,,,
2011/6/3,2011/6/2,1300.16,-30.94,-2.324393359,0,,,,
2011/5/27,2011/5/26,1331.1,-2.17,-0.162757731,0,,,,
2011/5/20,2011/5/19,1333.27,-4.5,-0.336380693,0,,,,
2011/5/13,2011/5/12,1337.77,-2.43,-0.181316221,0,,,,
2011/5/6,2011/5/5,1340.2,-23.41,-1.716766524,0,,,,
2011/4/29,2011/4/28,1363.61,26.22,1.960535072,1,,,,
2011/4/22,2011/4/21,1337.39,17.71,1.341991998,1,,,,
2011/4/15,2011/4/14,1319.68,-8.49,-0.6392254,0,,,,
2011/4/8,2011/4/7,1328.17,-4.24,-0.318220368,0,,,,
2011/4/1,2011/3/31,1332.41,18.61,1.416501751,1,,,,
2011/3/25,2011/3/24,1313.8,34.59,2.704012633,1,,,,
2011/3/18,2011/3/17,1279.21,-25.07,-1.922133284,0,,,,
2011/3/11,2011/3/10,1304.28,-16.87,-1.276917837,0,,,,
2011/3/4,2011/3/3,1321.15,1.27,0.096220869,1,,,,
2011/2/25,2011/2/24,1319.88,-23.13,-1.722250765,0,,,,
2011/2/18,2011/2/17,1343.01,13.86,1.042771696,1,,,,
2011/2/11,2011/2/10,1329.15,18.28,1.394493733,1,,,,
2011/2/4,2011/2/3,1310.87,34.53,2.70539198,1,,,,
2011/1/28,2011/1/27,1276.34,-7.01,-0.546226672,0,,,,
2011/1/21,2011/1/20,1283.35,-9.89,-0.764745909,0,,,,
2011/1/14,2011/1/13,1293.24,21.74,1.709791585,1,,,,
2011/1/7,2011/1/6,1271.5,13.86,1.102064184,1,,,,
2010/12/31,2010/12/30,1257.64,0.87,0.069225077,1,,,,
2010/12/24,2010/12/23,1256.77,12.86,1.033836853,1,,,,
2010/12/17,2010/12/16,1243.91,3.51,0.282973234,1,,,,
2010/12/10,2010/12/9,1240.4,15.69,1.281119612,1,,,,
2010/12/3,2010/12/2,1224.71,35.31,2.968723726,1,,,,
2010/11/26,2010/11/25,1189.4,-10.33,-0.861027064,0,,,,
2010/11/19,2010/11/18,1199.73,0.52,0.04336188,1,,,,
2010/11/12,2010/11/11,1199.21,-26.64,-2.173185953,0,,,,
2010/11/5,2010/11/4,1225.85,42.59,3.59937799,1,,,,
2010/10/29,2010/10/28,1183.26,0.18,0.015214525,1,,,,
2010/10/22,2010/10/21,1183.08,6.89,0.585789711,1,,,,
2010/10/15,2010/10/14,1176.19,11.04,0.947517487,1,,,,
2010/10/8,2010/10/7,1165.15,18.91,1.649741764,1,,,,
2010/10/1,2010/9/30,1146.24,-2.43,-0.211549009,0,,,,
2010/9/24,2010/9/23,1148.67,23.08,2.050480193,1,,,,
2010/9/17,2010/9/16,1125.59,16.04,1.445631112,1,,,,
2010/9/10,2010/9/9,1109.55,5.04,0.456310943,1,,,,
2010/9/3,2010/9/2,1104.51,39.92,3.749800393,1,,,,
2010/8/27,2010/8/26,1064.59,-7.1,-0.662505015,0,,,,
2010/8/20,2010/8/19,1071.69,-7.56,-0.700486449,0,,,,
2010/8/13,2010/8/12,1079.25,-42.39,-3.779287472,0,,,,
2010/8/6,2010/8/5,1121.64,20.04,1.819172113,1,,,,
2010/7/30,2010/7/29,1101.6,-1.06,-0.096131174,0,,,,
2010/7/23,2010/7/22,1102.66,37.78,3.547817594,1,,,,
2010/7/16,2010/7/15,1064.88,-13.08,-1.213403095,0,,,,
2010/7/9,2010/7/8,1077.96,55.38,5.415713196,1,,,,
2010/7/2,2010/7/1,1022.58,-54.19,-5.032643926,0,,,,
2010/6/25,2010/6/24,1076.77,-40.74,-3.645604961,0,,,,
2010/6/18,2010/6/17,1117.51,25.91,2.373580066,1,,,,
2010/6/11,2010/6/10,1091.6,26.72,2.509202915,1,,,,
2010/6/4,2010/6/3,1064.88,-24.53,-2.251677514,0,,,,
2010/5/28,2010/5/27,1089.41,1.72,0.158133292,1,,,,
2010/5/21,2010/5/20,1087.69,-47.99,-4.225662158,0,,,,
2010/5/14,2010/5/13,1135.68,24.79,2.231544077,1,,,,
2010/5/7,2010/5/6,1110.89,-75.8,-6.387514852,0,,,,
2010/4/30,2010/4/29,1186.69,-30.59,-2.512979758,0,,,,
2010/4/23,2010/4/22,1217.28,25.15,2.109669247,1,,,,
2010/4/16,2010/4/15,1192.13,-2.24,-0.187546573,0,,,,
2010/4/9,2010/4/8,1194.37,16.27,1.381037263,1,,,,
2010/4/2,2010/4/1,1178.1,11.51,0.986636265,1,,,,
2010/3/26,2010/3/25,1166.59,6.69,0.57677386,1,,,,
2010/3/19,2010/3/18,1159.9,9.91,0.861746624,1,,,,
2010/3/12,2010/3/11,1149.99,11.29,0.991481514,1,,,,
2010/3/5,2010/3/4,1138.7,34.21,3.097357151,1,,,,
2010/2/26,2010/2/25,1104.49,-4.68,-0.421937124,0,,,,
2010/2/19,2010/2/18,1109.17,33.66,3.129678013,1,,,,
2010/2/12,2010/2/11,1075.51,9.32,0.874140632,1,,,,
2010/2/5,2010/2/4,1066.19,-7.68,-0.715170365,0,,,,
2010/1/29,2010/1/28,1073.87,-17.89,-1.638638529,0,,,,
2010/1/22,2010/1/21,1091.76,-44.27,-3.896904131,0,,,,
2010/1/15,2010/1/14,1136.03,-8.95,-0.781673042,0,,,,
2010/1/8,2010/1/7,1144.98,29.88,2.679580307,1,,,,
2010/1/1,2009/12/31,1115.1,-11.38,-1.010226546,0,,,,
2009/12/25,2009/12/24,1126.48,24.01,2.177837039,1,,,,
2009/12/18,2009/12/17,1102.47,-3.94,-0.356106687,0,,,,
2009/12/11,2009/12/10,1106.41,0.43,0.038879546,1,,,,
2009/12/4,2009/12/3,1105.98,14.49,1.327543083,1,,,,
2009/11/27,2009/11/26,1091.49,0.11,0.010078983,1,,,,
2009/11/20,2009/11/19,1091.38,-2.1,-0.192047408,0,,,,
2009/11/13,2009/11/12,1093.48,24.18,2.261292434,1,,,,
2009/11/6,2009/11/5,1069.3,33.1,3.194364022,1,,,,
2009/10/30,2009/10/29,1036.2,-43.4,-4.02000741,0,,,,
2009/10/23,2009/10/22,1079.6,-8.08,-0.742865549,0,,,,
2009/10/16,2009/10/15,1087.68,16.19,1.510980037,1,,,,
2009/10/9,2009/10/8,1071.49,46.28,4.514197091,1,,,,
2009/10/2,2009/10/1,1025.21,-19.17,-1.835538789,0,,,,
2009/9/25,2009/9/24,1044.38,-23.92,-2.239071422,0,,,,
2009/9/18,2009/9/17,1068.3,25.57,2.452216777,1,,,,
2009/9/11,2009/9/10,1042.73,26.33,2.590515545,1,,,,
2009/9/4,2009/9/3,1016.4,-12.53,-1.217769916,0,,,,
2009/8/28,2009/8/27,1028.93,2.8,0.272869909,1,,,,
2009/8/21,2009/8/20,1026.13,22.04,2.195022359,1,,,,
2009/8/14,2009/8/13,1004.09,-6.39,-0.632372734,0,,,,
2009/8/7,2009/8/6,1010.48,23,2.329161097,1,,,,
2009/7/31,2009/7/30,987.48,8.22,0.83940935,1,,,,
2009/7/24,2009/7/23,979.26,38.88,4.13449882,1,,,,
2009/7/17,2009/7/16,940.38,61.25,6.967115216,1,,,,
2009/7/10,2009/7/9,879.13,-17.29,-1.928783383,0,,,,
2009/7/3,2009/7/2,896.42,-22.48,-2.446403308,0,,,,
2009/6/26,2009/6/25,918.9,-2.33,-0.252922723,0,,,,
2009/6/19,2009/6/18,921.23,-24.98,-2.640005918,0,,,,
2009/6/12,2009/6/11,946.21,6.12,0.6510015,1,,,,
2009/6/5,2009/6/4,940.09,20.95,2.279304567,1,,,,
2009/5/29,2009/5/28,919.14,32.14,3.623449831,1,,,,
2009/5/22,2009/5/21,887,4.12,0.466654585,1,,,,
2009/5/15,2009/5/14,882.88,-46.35,-4.988000818,0,,,,
2009/5/8,2009/5/7,929.23,51.71,5.892743185,1,,,,
2009/5/1,2009/4/30,877.52,11.29,1.303348995,1,,,,
2009/4/24,2009/4/23,866.23,-3.37,-0.387534499,0,,,,
2009/4/17,2009/4/16,869.6,13.04,1.522368544,1,,,,
2009/4/10,2009/4/9,856.56,14.06,1.66884273,1,,,,
2009/4/3,2009/4/2,842.5,26.56,3.255141309,1,,,,
2009/3/27,2009/3/26,815.94,47.4,6.16753845,1,,,,
2009/3/20,2009/3/19,768.54,11.99,1.584825854,1,,,,
2009/3/13,2009/3/12,756.55,73.17,10.70707366,1,,,,
2009/3/6,2009/3/5,683.38,-51.71,-7.034512781,0,,,,
2009/2/27,2009/2/26,735.09,-34.96,-4.539964937,0,,,,
2009/2/20,2009/2/19,770.05,-56.79,-6.868317933,0,,,,
2009/2/13,2009/2/12,826.84,-41.76,-4.807736588,0,,,,
2009/2/6,2009/2/5,868.6,42.72,5.17266431,1,,,,
2009/1/30,2009/1/29,825.88,-6.07,-0.729611155,0,,,,
2009/1/23,2009/1/22,831.95,-18.17,-2.137345316,0,,,,
2009/1/16,2009/1/15,850.12,-40.23,-4.518447801,0,,,,
2009/1/9,2009/1/8,890.35,-41.45,-4.448379481,0,,,,
2009/1/2,2009/1/1,931.8,59,6.759853346,1,,,,
2008/12/26,2008/12/25,872.8,-15.08,-1.698427715,0,,,,
2008/12/19,2008/12/18,887.88,8.15,0.926420606,1,,,,
2008/12/12,2008/12/11,879.73,3.66,0.417774835,1,,,,
2008/12/5,2008/12/4,876.07,-20.17,-2.250513255,0,,,,
2008/11/28,2008/11/27,896.24,96.21,12.02579903,1,,,,
2008/11/21,2008/11/20,800.03,-73.26,-8.388965865,0,,,,
2008/11/14,2008/11/13,873.29,-57.7,-6.19770352,0,,,,
2008/11/7,2008/11/6,930.99,-37.76,-3.897806452,0,,,,
2008/10/31,2008/10/30,968.75,91.98,10.49077865,1,,,,
2008/10/24,2008/10/23,876.77,-63.78,-6.781138695,0,,,,
2008/10/17,2008/10/16,940.55,41.33,4.5962056,1,,,,
2008/10/10,2008/10/9,899.22,-200.01,-18.1954641,0,,,,
2008/10/3,2008/10/2,1099.23,-113.78,-9.379972135,0,,,,
2008/9/26,2008/9/25,1213.01,-42.07,-3.351977563,0,,,,
2008/9/19,2008/9/18,1255.08,3.38,0.270032755,1,,,,
2008/9/12,2008/9/11,1251.7,9.39,0.755849989,1,,,,
2008/9/5,2008/9/4,1242.31,-40.52,-3.158641441,0,,,,
2008/8/29,2008/8/28,1282.83,-9.37,-0.72511995,0,,,,
2008/8/22,2008/8/21,1292.2,-6,-0.462178401,0,,,,
2008/8/15,2008/8/14,1298.2,1.88,0.14502592,1,,,,
2008/8/8,2008/8/7,1296.32,36.01,2.857233538,1,,,,
2008/8/1,2008/7/31,1260.31,2.55,0.202741382,1,,,,
2008/7/25,2008/7/24,1257.76,-2.92,-0.23162103,0,,,,
2008/7/18,2008/7/17,1260.68,21.19,1.709574099,1,,,,
2008/7/11,2008/7/10,1239.49,-23.41,-1.853670124,0,,,,
2008/7/4,2008/7/3,1262.9,-15.48,-1.210907555,0,,,,
2008/6/27,2008/6/26,1278.38,-39.55,-3.000918106,0,,,,
2008/6/20,2008/6/19,1317.93,-42.1,-3.095519952,0,,,,
2008/6/13,2008/6/12,1360.03,-0.65,-0.047770233,0,,,,
2008/6/6,2008/6/5,1360.68,-39.7,-2.834944801,0,,,,
2008/5/30,2008/5/29,1400.38,24.45,1.776979934,1,,,,
2008/5/23,2008/5/22,1375.93,-49.42,-3.467218578,0,,,,
2008/5/16,2008/5/15,1425.35,37.07,2.67021062,1,,,,
2008/5/9,2008/5/8,1388.28,-25.62,-1.812009336,0,,,,
2008/5/2,2008/5/1,1413.9,16.06,1.14891547,1,,,,
2008/4/25,2008/4/24,1397.84,7.51,0.54015953,1,,,,
2008/4/18,2008/4/17,1390.33,57.5,4.314128584,1,,,,
2008/4/11,2008/4/10,1332.83,-37.57,-2.741535318,0,,,,
2008/4/4,2008/4/3,1370.4,55.18,4.195495811,1,,,,
2008/3/28,2008/3/27,1315.22,-14.29,-1.074832081,0,,,,
2008/3/21,2008/3/20,1329.51,41.37,3.211607434,1,,,,
2008/3/14,2008/3/13,1288.14,-5.23,-0.404369979,0,,,,
2008/3/7,2008/3/6,1293.37,-37.26,-2.80017736,0,,,,
2008/2/29,2008/2/28,1330.63,-22.48,-1.661357909,0,,,,
2008/2/22,2008/2/21,1353.11,3.11,0.23037037,1,,,,
2008/2/15,2008/2/14,1350,18.71,1.405403781,1,,,,
2008/2/8,2008/2/7,1331.29,-64.13,-4.59574895,0,,,,
2008/2/1,2008/1/31,1395.42,64.81,4.870698401,1,,,,
2008/1/25,2008/1/24,1330.61,5.42,0.408997955,1,,,,
2008/1/18,2008/1/17,1325.19,-75.83,-5.412485189,0,,,,
2008/1/11,2008/1/10,1401.02,-10.61,-0.751613383,0,,,,
2008/1/4,2008/1/3,1411.63,-66.86,-4.522181415,0,,,,
2007/12/28,2007/12/27,1478.49,-5.97,-0.402166444,0,,,,
2007/12/21,2007/12/20,1484.46,16.51,1.124697708,1,,,,
2007/12/14,2007/12/13,1467.95,-36.71,-2.439753831,0,,,,
2007/12/7,2007/12/6,1504.66,23.52,1.587966026,1,,,,
2007/11/30,2007/11/29,1481.14,40.44,2.806968835,1,,,,
2007/11/23,2007/11/22,1440.7,-18.04,-1.236683713,0,,,,
2007/11/16,2007/11/15,1458.74,5.04,0.34670152,1,,,,
2007/11/9,2007/11/8,1453.7,-55.95,-3.706157056,0,,,,
2007/11/2,2007/11/1,1509.65,-25.63,-1.669402324,0,,,,
2007/10/26,2007/10/25,1535.28,34.65,2.309030207,1,,,,
2007/10/19,2007/10/18,1500.63,-61.17,-3.916634652,0,,,,
2007/10/12,2007/10/11,1561.8,4.21,0.270289357,1,,,,
2007/10/5,2007/10/4,1557.59,30.84,2.019977075,1,,,,
2007/9/28,2007/9/27,1526.75,1,0.065541537,1,,,,
2007/9/21,2007/9/20,1525.75,41.5,2.796024928,1,,,,
2007/9/14,2007/9/13,1484.25,30.7,2.112070448,1,,,,
2007/9/7,2007/9/6,1453.55,-20.44,-1.386712257,0,,,,
2007/8/31,2007/8/30,1473.99,-5.38,-0.363668318,0,,,,
2007/8/24,2007/8/23,1479.37,33.43,2.311990816,1,,,,
2007/8/17,2007/8/16,1445.94,-7.7,-0.529704741,0,,,,
2007/8/10,2007/8/9,1453.64,20.58,1.436087812,1,,,,
2007/8/3,2007/8/2,1433.06,-25.89,-1.774563899,0,,,,
2007/7/27,2007/7/26,1458.95,-75.15,-4.898637638,0,,,,
2007/7/20,2007/7/19,1534.1,-18.4,-1.185185185,0,,,,
2007/7/13,2007/7/12,1552.5,22.06,1.441415541,1,,,,
2007/7/6,2007/7/5,1530.44,27.09,1.801975588,1,,,,
2007/6/29,2007/6/28,1503.35,0.79,0.052576935,1,,,,
2007/6/22,2007/6/21,1502.56,-30.35,-1.979894449,0,,,,
2007/6/15,2007/6/14,1532.91,25.24,1.674106403,1,,,,
2007/6/8,2007/6/7,1507.67,-28.67,-1.866123384,0,,,,
2007/6/1,2007/5/31,1536.34,20.61,1.359740851,1,,,,
2007/5/25,2007/5/24,1515.73,-7.02,-0.461008045,0,,,,
2007/5/18,2007/5/17,1522.75,16.9,1.122289737,1,,,,
2007/5/11,2007/5/10,1505.85,0.23,0.015276099,1,,,,
2007/5/4,2007/5/3,1505.62,11.55,0.773056149,1,,,,
2007/4/27,2007/4/26,1494.07,9.72,0.654832081,1,,,,
2007/4/20,2007/4/19,1484.35,31.5,2.168152252,1,,,,
2007/4/13,2007/4/12,1452.85,9.09,0.629606029,1,,,,
2007/4/6,2007/4/5,1443.76,22.9,1.611699956,1,,,,
2007/3/30,2007/3/29,1420.86,-15.25,-1.061896373,0,,,,
2007/3/23,2007/3/22,1436.11,49.16,3.544468077,1,,,,
2007/3/16,2007/3/15,1386.95,-15.9,-1.133406993,0,,,,
2007/3/9,2007/3/8,1402.85,15.68,1.130358932,1,,,,
2007/3/2,2007/3/1,1387.17,-64.02,-4.411551899,0,,,,
2007/2/23,2007/2/22,1451.19,-4.35,-0.298858156,0,,,,
2007/2/16,2007/2/15,1455.54,17.48,1.215526473,1,,,,
2007/2/9,2007/2/8,1438.06,-10.33,-0.713205697,0,,,,
2007/2/2,2007/2/1,1448.39,26.21,1.842945337,1,,,,
2007/1/26,2007/1/25,1422.18,-8.32,-0.58161482,0,,,,
2007/1/19,2007/1/18,1430.5,-0.23,-0.01607571,0,,,,
2007/1/12,2007/1/11,1430.73,21.02,1.491086819,1,,,,
2007/1/5,2007/1/4,1409.71,-8.59,-0.605654657,0,,,,
2006/12/29,2006/12/28,1418.3,7.53,0.533751072,1,,,,
2006/12/22,2006/12/21,1410.77,-16.32,-1.143585899,0,,,,
2006/12/15,2006/12/14,1427.09,17.25,1.223543097,1,,,,
2006/12/8,2006/12/7,1409.84,13.13,0.940066299,1,,,,
2006/12/1,2006/11/30,1396.71,-4.24,-0.302651772,0,,,,
2006/11/24,2006/11/23,1400.95,-0.25,-0.01784185,0,,,,
2006/11/17,2006/11/16,1401.2,20.3,1.470055761,1,,,,
2006/11/10,2006/11/9,1380.9,16.6,1.216741186,1,,,,
2006/11/3,2006/11/2,1364.3,-13.04,-0.946752436,0,,,,
2006/10/27,2006/10/26,1377.34,8.74,0.638608797,1,,,,
2006/10/20,2006/10/19,1368.6,2.98,0.218215902,1,,,,
2006/10/13,2006/10/12,1365.62,16.04,1.188517909,1,,,,
2006/10/6,2006/10/5,1349.58,13.73,1.027810009,1,,,,
2006/9/29,2006/9/28,1335.85,21.07,1.602549476,1,,,,
2006/9/22,2006/9/21,1314.78,-5.09,-0.385644041,0,,,,
2006/9/15,2006/9/14,1319.87,20.95,1.612878391,1,,,,
2006/9/8,2006/9/7,1298.92,-12.09,-0.922189762,0,,,,
2006/9/1,2006/8/31,1311.01,15.92,1.229258198,1,,,,
2006/8/25,2006/8/24,1295.09,-7.21,-0.553635875,0,,,,
2006/8/18,2006/8/17,1302.3,35.56,2.807205899,1,,,,
2006/8/11,2006/8/10,1266.74,-12.62,-0.986430715,0,,,,
2006/8/4,2006/8/3,1279.36,0.81,0.063353017,1,,,,
2006/7/28,2006/7/27,1278.55,38.26,3.084762435,1,,,,
2006/7/21,2006/7/20,1240.29,4.09,0.330852613,1,,,,
2006/7/14,2006/7/13,1236.2,-29.28,-2.313746563,0,,,,
2006/7/7,2006/7/6,1265.48,-4.72,-0.371595024,0,,,,
2006/6/30,2006/6/29,1270.2,25.7,2.06508638,1,,,,
2006/6/23,2006/6/22,1244.5,-7.04,-0.562506991,0,,,,
2006/6/16,2006/6/15,1251.54,-0.76,-0.060688333,0,,,,
2006/6/9,2006/6/8,1252.3,-35.92,-2.788343606,0,,,,
2006/6/2,2006/6/1,1288.22,8.06,0.629608799,1,,,,
2006/5/26,2006/5/25,1280.16,13.13,1.036281698,1,,,,
2006/5/19,2006/5/18,1267.03,-24.21,-1.874941916,0,,,,
2006/5/12,2006/5/11,1291.24,-34.52,-2.603789524,0,,,,
2006/5/5,2006/5/4,1325.76,15.15,1.155950283,1,,,,
2006/4/28,2006/4/27,1310.61,-0.67,-0.051095113,0,,,,
2006/4/21,2006/4/20,1311.28,22.16,1.71900211,1,,,,
2006/4/14,2006/4/13,1289.12,-6.38,-0.492473948,0,,,,
2006/4/7,2006/4/6,1295.5,0.67,0.051744244,1,,,,
2006/3/31,2006/3/30,1294.83,-8.12,-0.623201197,0,,,,
2006/3/24,2006/3/23,1302.95,-4.3,-0.328934787,0,,,,
2006/3/17,2006/3/16,1307.25,25.67,2.002996301,1,,,,
2006/3/10,2006/3/9,1281.58,-5.65,-0.438926998,0,,,,
2006/3/3,2006/3/2,1287.23,-2.2,-0.170618025,0,,,,
2006/2/24,2006/2/23,1289.43,2.19,0.170131444,1,,,,
2006/2/17,2006/2/16,1287.24,20.25,1.598276229,1,,,,
2006/2/10,2006/2/9,1266.99,2.96,0.234171657,1,,,,
2006/2/3,2006/2/2,1264.03,-19.69,-1.533823575,0,,,,
2006/1/27,2006/1/26,1283.72,22.24,1.76300853,1,,,,
2006/1/20,2006/1/19,1261.48,-26.13,-2.029341183,0,,,,
2006/1/13,2006/1/12,1287.61,2.16,0.16803454,1,,,,
2006/1/6,2006/1/5,1285.45,37.16,2.976872361,1,,,,
2005/12/30,2005/12/29,1248.29,-20.37,-1.605631138,0,,,,
2005/12/23,2005/12/22,1268.66,1.34,0.105734937,1,,,,
2005/12/16,2005/12/15,1267.32,7.95,0.631268015,1,,,,
2005/12/9,2005/12/8,1259.37,-5.71,-0.451354855,0,,,,
2005/12/2,2005/12/1,1265.08,-3.17,-0.249950719,0,,,,
2005/11/25,2005/11/24,1268.25,19.98,1.600615252,1,,,,
2005/11/18,2005/11/17,1248.27,13.56,1.098233593,1,,,,
2005/11/11,2005/11/10,1234.71,14.57,1.194125264,1,,,,
2005/11/4,2005/11/3,1220.14,21.73,1.813235871,1,,,,
2005/10/28,2005/10/27,1198.41,18.82,1.595469612,1,,,,
2005/10/21,2005/10/20,1179.59,-6.98,-0.588250166,0,,,,
2005/10/14,2005/10/13,1186.57,-9.33,-0.780165566,0,,,,
2005/10/7,2005/10/6,1195.9,-32.91,-2.678200861,0,,,,
2005/9/30,2005/9/29,1228.81,13.52,1.112491669,1,,,,
2005/9/23,2005/9/22,1215.29,-22.62,-1.827273388,0,,,,
2005/9/16,2005/9/15,1237.91,-3.57,-0.287560009,0,,,,
2005/9/9,2005/9/8,1241.48,23.46,1.926076748,1,,,,
2005/9/2,2005/9/1,1218.02,12.92,1.072110198,1,,,,
2005/8/26,2005/8/25,1205.1,-14.61,-1.197825713,0,,,,
2005/8/19,2005/8/18,1219.71,-10.68,-0.868017458,0,,,,
2005/8/12,2005/8/11,1230.39,3.97,0.323706397,1,,,,
2005/8/5,2005/8/4,1226.42,-7.76,-0.628757556,0,,,,
2005/7/29,2005/7/28,1234.18,0.5,0.040529149,1,,,,
2005/7/22,2005/7/21,1233.68,5.76,0.469085934,1,,,,
2005/7/15,2005/7/14,1227.92,16.06,1.325235588,1,,,,
2005/7/8,2005/7/7,1211.86,17.42,1.458424031,1,,,,
2005/7/1,2005/6/30,1194.44,2.87,0.240858699,1,,,,
2005/6/24,2005/6/23,1191.57,-25.39,-2.086346306,0,,,,
2005/6/17,2005/6/16,1216.96,18.85,1.573311299,1,,,,
2005/6/10,2005/6/9,1198.11,2.09,0.174746242,1,,,,
2005/6/3,2005/6/2,1196.02,-2.76,-0.230234071,0,,,,
2005/5/27,2005/5/26,1198.78,9.5,0.798802637,1,,,,
2005/5/20,2005/5/19,1189.28,35.23,3.052727352,1,,,,
2005/5/13,2005/5/12,1154.05,-17.3,-1.476928331,0,,,,
2005/5/6,2005/5/5,1171.35,14.5,1.253403639,1,,,,
2005/4/29,2005/4/28,1156.85,4.73,0.410547512,1,,,,
2005/4/22,2005/4/21,1152.12,9.5,0.83142252,1,,,,
2005/4/15,2005/4/14,1142.62,-38.58,-3.266169997,0,,,,
2005/4/8,2005/4/7,1181.2,8.28,0.705930498,1,,,,
2005/4/1,2005/3/31,1172.92,1.5,0.128049717,1,,,,
2005/3/25,2005/3/24,1171.42,-18.23,-1.532383474,0,,,,
2005/3/18,2005/3/17,1189.65,-10.43,-0.869108726,0,,,,
2005/3/11,2005/3/10,1200.08,-22.05,-1.804227046,0,,,,
2005/3/4,2005/3/3,1222.13,10.76,0.888250493,1,,,,
2005/2/25,2005/2/24,1211.37,9.78,0.813921554,1,,,,
2005/2/18,2005/2/17,1201.59,-3.71,-0.307807185,0,,,,
2005/2/11,2005/2/10,1205.3,2.27,0.188690224,1,,,,
2005/2/4,2005/2/3,1203.03,31.67,2.70369485,1,,,,
2005/1/28,2005/1/27,1171.36,3.49,0.298834631,1,,,,
2005/1/21,2005/1/20,1167.87,-16.65,-1.405632661,0,,,,
2005/1/14,2005/1/13,1184.52,-1.67,-0.140786889,0,,,,
2005/1/7,2005/1/6,1186.19,-25.73,-2.123077431,0,,,,
2004/12/31,2004/12/30,1211.92,1.79,0.147917992,1,,,,
2004/12/24,2004/12/23,1210.13,15.91,1.332250339,1,,,,
2004/12/17,2004/12/16,1194.22,6.22,0.523569024,1,,,,
2004/12/10,2004/12/9,1188,-3.17,-0.266124902,0,,,,
2004/12/3,2004/12/2,1191.17,8.52,0.720416015,1,,,,
2004/11/26,2004/11/25,1182.65,12.31,1.051831092,1,,,,
2004/11/19,2004/11/18,1170.34,-13.83,-1.167906635,0,,,,
2004/11/12,2004/11/11,1184.17,18,1.543514239,1,,,,
2004/11/5,2004/11/4,1166.17,35.97,3.182622545,1,,,,
2004/10/29,2004/10/28,1130.2,34.47,3.145847973,1,,,,
2004/10/22,2004/10/21,1095.73,-12.47,-1.12524815,0,,,,
2004/10/15,2004/10/14,1108.2,-13.94,-1.242269236,0,,,,
2004/10/8,2004/10/7,1122.14,-9.36,-0.827220504,0,,,,
2004/10/1,2004/9/30,1131.5,21.39,1.926836079,1,,,,
2004/9/24,2004/9/23,1110.11,-18.44,-1.633955075,0,,,,
2004/9/17,2004/9/16,1128.55,4.63,0.411951029,1,,,,
2004/9/10,2004/9/9,1123.92,10.29,0.92400528,1,,,,
2004/9/3,2004/9/2,1113.63,5.86,0.528990675,1,,,,
2004/8/27,2004/8/26,1107.77,9.42,0.857650112,1,,,,
2004/8/20,2004/8/19,1098.35,33.55,3.150826446,1,,,,
2004/8/13,2004/8/12,1064.8,0.83,0.078009718,1,,,,
2004/8/6,2004/8/5,1063.97,-37.75,-3.426460444,0,,,,
2004/7/30,2004/7/29,1101.72,15.52,1.428834469,1,,,,
2004/7/23,2004/7/22,1086.2,-15.2,-1.38006174,0,,,,
2004/7/16,2004/7/15,1101.4,-11.41,-1.025332267,0,,,,
2004/7/9,2004/7/8,1112.81,-12.57,-1.11695605,0,,,,
2004/7/2,2004/7/1,1125.38,-9.05,-0.797757464,0,,,,
2004/6/25,2004/6/24,1134.43,-0.59,-0.051981463,0,,,,
2004/6/18,2004/6/17,1135.02,-1.45,-0.127588058,0,,,,
2004/6/11,2004/6/10,1136.47,13.97,1.24454343,1,,,,
2004/6/4,2004/6/3,1122.5,1.82,0.162401399,1,,,,
2004/5/28,2004/5/27,1120.68,27.12,2.479973664,1,,,,
2004/5/21,2004/5/20,1093.56,-2.14,-0.195308935,0,,,,
2004/5/14,2004/5/13,1095.7,-3,-0.273049968,0,,,,
2004/5/7,2004/5/6,1098.7,-8.61,-0.777560033,0,,,,
2004/4/30,2004/4/29,1107.31,-33.29,-2.918639313,0,,,,
2004/4/23,2004/4/22,1140.6,5.99,0.527934709,1,,,,
2004/4/16,2004/4/15,1134.61,-4.71,-0.413404487,0,,,,
2004/4/9,2004/4/8,1139.32,-2.49,-0.218074811,0,,,,
2004/4/2,2004/4/1,1141.81,33.75,3.045863942,1,,,,
2004/3/26,2004/3/25,1108.06,-1.72,-0.154985673,0,,,,
2004/3/19,2004/3/18,1109.78,-10.79,-0.962902808,0,,,,
2004/3/12,2004/3/11,1120.57,-36.3,-3.137776933,0,,,,
2004/3/5,2004/3/4,1156.87,11.93,1.041975999,1,,,,
2004/2/27,2004/2/26,1144.94,0.83,0.072545472,1,,,,
2004/2/20,2004/2/19,1144.11,-1.7,-0.148366658,0,,,,
2004/2/13,2004/2/12,1145.81,3.05,0.266897686,1,,,,
2004/2/6,2004/2/5,1142.76,11.63,1.028175364,1,,,,
2004/1/30,2004/1/29,1131.13,-10.42,-0.912794008,0,,,,
2004/1/23,2004/1/22,1141.55,1.72,0.150899696,1,,,,
2004/1/16,2004/1/15,1139.83,17.97,1.601804147,1,,,,
2004/1/9,2004/1/8,1121.86,13.38,1.207058314,1,,,,
2004/1/2,2004/1/1,1108.48,12.59,1.148837931,1,,,,
2003/12/26,2003/12/25,1095.89,7.22,0.66319454,1,,,,
2003/12/19,2003/12/18,1088.67,14.53,1.352710075,1,,,,
2003/12/12,2003/12/11,1074.14,12.64,1.190767781,1,,,,
2003/12/5,2003/12/4,1061.5,3.3,0.311850312,1,,,,
2003/11/28,2003/11/27,1058.2,22.92,2.213893826,1,,,,
2003/11/21,2003/11/20,1035.28,-15.07,-1.434759842,0,,,,
2003/11/14,2003/11/13,1050.35,-2.86,-0.271550783,0,,,,
2003/11/7,2003/11/6,1053.21,2.5,0.237934349,1,,,,
2003/10/31,2003/10/30,1050.71,21.8,2.118747024,1,,,,
2003/10/24,2003/10/23,1028.91,-10.41,-1.001616442,0,,,,
2003/10/17,2003/10/16,1039.32,1.26,0.121380267,1,,,,
2003/10/10,2003/10/9,1038.06,8.21,0.797203476,1,,,,
2003/10/3,2003/10/2,1029.85,33,3.310427848,1,,,,
2003/9/26,2003/9/25,996.85,-39.45,-3.806812699,0,,,,
2003/9/19,2003/9/18,1036.3,17.67,1.734682858,1,,,,
2003/9/12,2003/9/11,1018.63,-2.76,-0.270219994,0,,,,
2003/9/5,2003/9/4,1021.39,13.38,1.327367784,1,,,,
2003/8/29,2003/8/28,1008.01,14.95,1.505447808,1,,,,
2003/8/22,2003/8/21,993.06,2.39,0.241250871,1,,,,
2003/8/15,2003/8/14,990.67,13.08,1.337984227,1,,,,
2003/8/8,2003/8/7,977.59,-2.56,-0.261184513,0,,,,
2003/8/1,2003/7/31,980.15,-18.53,-1.855449193,0,,,,
2003/7/25,2003/7/24,998.68,5.36,0.539604558,1,,,,
2003/7/18,2003/7/17,993.32,-4.82,-0.482898191,0,,,,
2003/7/11,2003/7/10,998.14,12.44,1.262047276,1,,,,
2003/7/4,2003/7/3,985.7,9.48,0.971092582,1,,,,
2003/6/27,2003/6/26,976.22,-19.47,-1.955427894,0,,,,
2003/6/20,2003/6/19,995.69,7.08,0.716157029,1,,,,
2003/6/13,2003/6/12,988.61,0.85,0.086053292,1,,,,
2003/6/6,2003/6/5,987.76,24.17,2.508328231,1,,,,
2003/5/30,2003/5/29,963.59,30.37,3.254323739,1,,,,
2003/5/23,2003/5/22,933.22,-11.08,-1.173355925,0,,,,
2003/5/16,2003/5/15,944.3,10.89,1.166689879,1,,,,
2003/5/9,2003/5/8,933.41,3.33,0.358033718,1,,,,
2003/5/2,2003/5/1,930.08,31.27,3.479044514,1,,,,
2003/4/25,2003/4/24,898.81,5.23,0.585286152,1,,,,
2003/4/18,2003/4/17,893.58,25.28,2.91143614,1,,,,
2003/4/11,2003/4/10,868.3,-10.55,-1.200432383,0,,,,
2003/4/4,2003/4/3,878.85,15.35,1.777649102,1,,,,
2003/3/28,2003/3/27,863.5,-32.29,-3.60463948,0,,,,
2003/3/21,2003/3/20,895.79,62.52,7.502970226,1,,,,
2003/3/14,2003/3/13,833.27,4.38,0.528417522,1,,,,
2003/3/7,2003/3/6,828.89,-12.26,-1.457528384,0,,,,
2003/2/28,2003/2/27,841.15,-7.02,-0.827664265,0,,,,
2003/2/21,2003/2/20,848.17,13.28,1.590628706,1,,,,
2003/2/14,2003/2/13,834.89,5.2,0.626740108,1,,,,
2003/2/7,2003/2/6,829.69,-26.01,-3.039616688,0,,,,
2003/1/31,2003/1/30,855.7,-5.7,-0.66171349,0,,,,
2003/1/24,2003/1/23,861.4,-40.38,-4.477810552,0,,,,
2003/1/17,2003/1/16,901.78,-25.79,-2.780383152,0,,,,
2003/1/10,2003/1/9,927.57,18.98,2.088951012,1,,,,
2003/1/3,2003/1/2,908.59,33.19,3.791409641,1,,,,
2002/12/27,2002/12/26,875.4,-20.35,-2.271839241,0,,,,
2002/12/20,2002/12/19,895.75,6.27,0.704906237,1,,,,
2002/12/13,2002/12/12,889.48,-22.75,-2.493888603,0,,,,
2002/12/6,2002/12/5,912.23,-24.08,-2.571797802,0,,,,
2002/11/29,2002/11/28,936.31,5.76,0.61898877,1,,,,
2002/11/22,2002/11/21,930.55,20.72,2.277348516,1,,,,
2002/11/15,2002/11/14,909.83,15.09,1.686523459,1,,,,
2002/11/8,2002/11/7,894.74,-6.22,-0.690374711,0,,,,
2002/11/1,2002/10/31,900.96,3.31,0.3687406,1,,,,
2002/10/25,2002/10/24,897.65,13.26,1.499338527,1,,,,
2002/10/18,2002/10/17,884.39,49.07,5.874395441,1,,,,
2002/10/11,2002/10/10,835.32,34.74,4.339353968,1,,,,
2002/10/4,2002/10/3,800.58,-26.79,-3.23797092,0,,,,
2002/9/27,2002/9/26,827.37,-18.02,-2.131560582,0,,,,
2002/9/20,2002/9/19,845.39,-44.42,-4.99207696,0,,,,
2002/9/13,2002/9/12,889.81,-4.11,-0.459772687,0,,,,
2002/9/6,2002/9/5,893.92,-22.15,-2.417937494,0,,,,
2002/8/30,2002/8/29,916.07,-24.79,-2.634823459,0,,,,
2002/8/23,2002/8/22,940.86,12.09,1.301721632,1,,,,
2002/8/16,2002/8/15,928.77,20.13,2.215398838,1,,,,
2002/8/9,2002/8/8,908.64,44.4,5.137461816,1,,,,
2002/8/2,2002/8/1,864.24,11.4,1.336710286,1,,,,
2002/7/26,2002/7/25,852.84,5.08,0.599226196,1,,,,
2002/7/19,2002/7/18,847.76,-73.63,-7.991187228,0,,,,
2002/7/12,2002/7/11,921.39,-67.64,-6.839024094,0,,,,
2002/7/5,2002/7/4,989.03,-0.78,-0.078803003,0,,,,
2002/6/28,2002/6/27,989.81,0.67,0.067735609,1,,,,
2002/6/21,2002/6/20,989.14,-18.14,-1.800889524,0,,,,
2002/6/14,2002/6/13,1007.28,-20.25,-1.97074538,0,,,,
2002/6/7,2002/6/6,1027.53,-39.61,-3.711790393,0,,,,
2002/5/31,2002/5/30,1067.14,-16.68,-1.539000941,0,,,,
2002/5/24,2002/5/23,1083.82,-22.77,-2.05767267,0,,,,
2002/5/17,2002/5/16,1106.59,51.6,4.891041621,1,,,,
2002/5/10,2002/5/9,1054.99,-18.44,-1.717857708,0,,,,
2002/5/3,2002/5/2,1073.43,-2.89,-0.268507507,0,,,,
2002/4/26,2002/4/25,1076.32,-48.85,-4.341566163,0,,,,
2002/4/19,2002/4/18,1125.17,14.16,1.274515981,1,,,,
2002/4/12,2002/4/11,1111.01,-11.72,-1.043884104,0,,,,
2002/4/5,2002/4/4,1122.73,-24.66,-2.149225634,0,,,,
2002/3/29,2002/3/28,1147.39,-1.31,-0.11404196,0,,,,
2002/3/22,2002/3/21,1148.7,-17.46,-1.497221651,0,,,,
2002/3/15,2002/3/14,1166.16,1.85,0.158892391,1,,,,
2002/3/8,2002/3/7,1164.31,32.53,2.874233508,1,,,,
2002/3/1,2002/2/28,1131.78,41.94,3.848271306,1,,,,
2002/2/22,2002/2/21,1089.84,-14.34,-1.298701299,0,,,,
2002/2/15,2002/2/14,1104.18,7.96,0.726131616,1,,,,
2002/2/8,2002/2/7,1096.22,-25.98,-2.315095348,0,,,,
2002/2/1,2002/1/31,1122.2,-11.08,-0.977693068,0,,,,
2002/1/25,2002/1/24,1133.28,5.7,0.50550737,1,,,,
2002/1/18,2002/1/17,1127.58,-18.02,-1.57297486,0,,,,
2002/1/11,2002/1/10,1145.6,-26.91,-2.295076375,0,,,,
2002/1/4,2002/1/3,1172.51,11.49,0.989647035,1,,,,
2001/12/28,2001/12/27,1161.02,16.13,1.408868974,1,,,,
2001/12/21,2001/12/20,1144.89,21.8,1.941073289,1,,,,
2001/12/14,2001/12/13,1123.09,-35.22,-3.04063679,0,,,,
2001/12/7,2001/12/6,1158.31,18.86,1.655184519,1,,,,
2001/11/30,2001/11/29,1139.45,-10.89,-0.946676635,0,,,,
2001/11/23,2001/11/22,1150.34,11.69,1.026654371,1,,,,
2001/11/16,2001/11/15,1138.65,18.34,1.637046889,1,,,,
2001/11/9,2001/11/8,1120.31,33.11,3.045437822,1,,,,
2001/11/2,2001/11/1,1087.2,-17.41,-1.576121889,0,,,,
2001/10/26,2001/10/25,1104.61,31.13,2.899914297,1,,,,
2001/10/19,2001/10/18,1073.48,-18.17,-1.664452892,0,,,,
2001/10/12,2001/10/11,1091.65,20.27,1.891952435,1,,,,
2001/10/5,2001/10/4,1071.38,30.44,2.924279978,1,,,,
2001/9/28,2001/9/27,1040.94,75.14,7.780078691,1,,,,
2001/9/21,2001/9/20,965.8,-126.74,-11.6004906,0,,,,
2001/9/14,2001/9/13,1092.54,6.76,0.622593896,1,,,,
2001/9/7,2001/9/6,1085.78,-47.8,-4.2167293,0,,,,
2001/8/31,2001/8/30,1133.58,-51.35,-4.333589326,0,,,,
2001/8/24,2001/8/23,1184.93,22.96,1.975954629,1,,,,
2001/8/17,2001/8/16,1161.97,-28.19,-2.368589097,0,,,,
2001/8/10,2001/8/9,1190.16,-24.19,-1.992012188,0,,,,
2001/8/3,2001/8/2,1214.35,8.53,0.707402432,1,,,,
2001/7/27,2001/7/26,1205.82,-5.03,-0.415410662,0,,,,
2001/7/20,2001/7/19,1210.85,-4.83,-0.397308502,0,,,,
2001/7/13,2001/7/12,1215.68,25.09,2.107358537,1,,,,
2001/7/6,2001/7/5,1190.59,-33.83,-2.762940821,0,,,,
2001/6/29,2001/6/28,1224.42,-0.93,-0.075896683,0,,,,
2001/6/22,2001/6/21,1225.35,10.99,0.905003459,1,,,,
2001/6/15,2001/6/14,1214.36,-50.6,-4.000126486,0,,,,
2001/6/8,2001/6/7,1264.96,4.29,0.34029524,1,,,,
2001/6/1,2001/5/31,1260.67,-17.22,-1.347533825,0,,,,
2001/5/25,2001/5/24,1277.89,-14.07,-1.089043004,0,,,,
2001/5/18,2001/5/17,1291.96,46.29,3.716072475,1,,,,
2001/5/11,2001/5/10,1245.67,-20.94,-1.653231855,0,,,,
2001/5/4,2001/5/3,1266.61,13.56,1.082159531,1,,,,
2001/4/27,2001/4/26,1253.05,10.07,0.810149801,1,,,,
2001/4/20,2001/4/19,1242.98,59.48,5.025771018,1,,,,
2001/4/13,2001/4/12,1183.5,55.07,4.880231827,1,,,,
2001/4/6,2001/4/5,1128.43,-31.9,-2.749217895,0,,,,
2001/3/30,2001/3/29,1160.33,20.5,1.798513813,1,,,,
2001/3/23,2001/3/22,1139.83,-10.7,-0.930006171,0,,,,
2001/3/16,2001/3/15,1150.53,-82.89,-6.720338571,0,,,,
2001/3/9,2001/3/8,1233.42,-0.76,-0.061579348,0,,,,
2001/3/2,2001/3/1,1234.18,-11.68,-0.937505017,0,,,,
2001/2/23,2001/2/22,1245.86,-55.67,-4.27727367,0,,,,
2001/2/16,2001/2/15,1301.53,-13.23,-1.006267304,0,,,,
2001/2/9,2001/2/8,1314.76,-34.71,-2.572120907,0,,,,
2001/2/2,2001/2/1,1349.47,-5.48,-0.404442968,0,,,,
2001/1/26,2001/1/25,1354.95,12.41,0.924367244,1,,,,
2001/1/19,2001/1/18,1342.54,24.22,1.837186722,1,,,,
2001/1/12,2001/1/11,1318.32,19.97,1.538106058,1,,,,
2001/1/5,2001/1/4,1298.35,-21.93,-1.661011301,0,,,,
2000/12/29,2000/12/28,1320.28,14.31,1.095737268,1,,,,
2000/12/22,2000/12/21,1305.97,-6.18,-0.470982738,0,,,,
2000/12/15,2000/12/14,1312.15,-57.74,-4.214936966,0,,,,
2000/12/8,2000/12/7,1369.89,54.66,4.1559271,1,,,,
2000/12/1,2000/11/30,1315.23,-26.54,-1.977984304,0,,,,
2000/11/24,2000/11/23,1341.77,-25.95,-1.897318165,0,,,,
2000/11/17,2000/11/16,1367.72,1.74,0.127381074,1,,,,
2000/11/10,2000/11/9,1365.98,-60.71,-4.255304236,0,,,,
2000/11/3,2000/11/2,1426.69,47.11,3.414807405,1,,,,
2000/10/27,2000/10/26,1379.58,-17.35,-1.242009263,0,,,,
2000/10/20,2000/10/19,1396.93,22.76,1.656272514,1,,,,
2000/10/13,2000/10/12,1374.17,-34.82,-2.471273749,0,,,,
2000/10/6,2000/10/5,1408.99,-27.52,-1.915754154,0,,,,
2000/9/29,2000/9/28,1436.51,-12.21,-0.842812966,0,,,,
2000/9/22,2000/9/21,1448.72,-17.09,-1.165908269,0,,,,
2000/9/15,2000/9/14,1465.81,-28.69,-1.919705587,0,,,,
2000/9/8,2000/9/7,1494.5,-26.27,-1.727414402,0,,,,
2000/9/1,2000/8/31,1520.77,14.32,0.950579176,1,,,,
2000/8/25,2000/8/24,1506.45,14.73,0.987450728,1,,,,
2000/8/18,2000/8/17,1491.72,19.88,1.350690292,1,,,,
2000/8/11,2000/8/10,1471.84,8.91,0.609051698,1,,,,
2000/8/4,2000/8/3,1462.93,43.04,3.031220728,1,,,,
2000/7/28,2000/7/27,1419.89,-60.3,-4.073801336,0,,,,
2000/7/21,2000/7/20,1480.19,-29.79,-1.972873813,0,,,,
2000/7/14,2000/7/13,1509.98,31.08,2.101561972,1,,,,
2000/7/7,2000/7/6,1478.9,37.42,2.595943059,1,,,,
2000/6/23,2000/6/22,1441.48,-22.98,-1.569179083,0,,,,
2000/6/16,2000/6/15,1464.46,7.51,0.51546038,1,,,,
2000/6/9,2000/6/8,1456.95,-20.31,-1.374842614,0,,,,
2000/6/2,2000/6/1,1477.26,99.24,7.201637132,1,,,,
2000/5/26,2000/5/25,1378.02,-28.93,-2.056220903,0,,,,
2000/5/19,2000/5/18,1406.95,-14.01,-0.985953158,0,,,,
2000/5/12,2000/5/11,1420.96,-11.67,-0.814585762,0,,,,
2000/5/5,2000/5/4,1432.63,-19.8,-1.363232651,0,,,,
2000/4/28,2000/4/27,1452.43,17.89,1.247089659,1,,,,
2000/4/21,2000/4/20,1434.54,77.98,5.748363508,1,,,,
2000/4/14,2000/4/13,1356.56,-159.79,-10.5378046,0,,,,
2000/4/7,2000/4/6,1516.35,17.77,1.185789214,1,,,,
2000/3/31,2000/3/30,1498.58,-28.88,-1.890720543,0,,,,
2000/3/24,2000/3/23,1527.46,62.99,4.301214774,1,,,,
2000/3/17,2000/3/16,1464.47,69.4,4.97466077,1,,,,
2000/3/10,2000/3/9,1395.07,-14.1,-1.000588999,0,,,,
2000/3/3,2000/3/2,1409.17,75.81,5.685636287,1,,,,
2000/2/25,2000/2/24,1333.36,-12.73,-0.945701996,0,,,,
2000/2/18,2000/2/17,1346.09,-41.03,-2.957927216,0,,,,
2000/2/11,2000/2/10,1387.12,-37.25,-2.615191278,0,,,,
2000/2/4,2000/2/3,1424.37,64.21,4.720768145,1,,,,
2000/1/28,2000/1/27,1360.16,-81.2,-5.633568297,0,,,,
2000/1/21,2000/1/20,1441.36,-23.79,-1.623724533,0,,,,
2000/1/14,2000/1/13,1465.15,23.68,1.642767453,1,,,,
2000/1/7,2000/1/6,1441.47,-27.78,-1.890760592,0,,,,
1999/12/31,1999/12/30,1469.25,10.91,0.748110866,1,,,,
1999/12/24,1999/12/23,1458.34,37.31,2.625560333,1,,,,
1999/12/17,1999/12/16,1421.03,3.99,0.281572856,1,,,,
1999/12/10,1999/12/9,1417.04,-16.26,-1.134444987,0,,,,
1999/12/3,1999/12/2,1433.3,16.68,1.177450551,1,,,,
1999/11/26,1999/11/25,1416.62,-5.38,-0.378340366,0,,,,
1999/11/19,1999/11/18,1422,25.94,1.858086329,1,,,,
1999/11/12,1999/11/11,1396.06,25.83,1.885084986,1,,,,
1999/11/5,1999/11/4,1370.23,7.3,0.53561078,1,,,,
1999/10/29,1999/10/28,1362.93,61.28,4.707870779,1,,,,
1999/10/22,1999/10/21,1301.65,54.24,4.34820949,1,,,,
1999/10/15,1999/10/14,1247.41,-88.61,-6.632385743,0,,,,
1999/10/8,1999/10/7,1336.02,53.21,4.147925258,1,,,,
1999/10/1,1999/9/30,1282.81,5.45,0.426661239,1,,,,
1999/9/24,1999/9/23,1277.36,-58.06,-4.347695856,0,,,,
1999/9/17,1999/9/16,1335.42,-16.24,-1.201485581,0,,,,
1999/9/10,1999/9/9,1351.66,-5.58,-0.411128467,0,,,,
1999/9/3,1999/9/2,1357.24,8.97,0.66529701,1,,,,
1999/8/27,1999/8/26,1348.27,11.66,0.872356185,1,,,,
1999/8/20,1999/8/19,1336.61,8.93,0.672601832,1,,,,
1999/8/13,1999/8/12,1327.68,27.39,2.106453176,1,,,,
1999/8/6,1999/8/5,1300.29,-28.43,-2.1396532,0,,,,
1999/7/30,1999/7/29,1328.72,-28.22,-2.079679278,0,,,,
1999/7/23,1999/7/22,1356.94,-61.84,-4.358674354,0,,,,
1999/7/16,1999/7/15,1418.78,15.5,1.104555042,1,,,,
1999/7/9,1999/7/8,1403.28,12.06,0.866865054,1,,,,
1999/7/2,1999/7/1,1391.22,75.91,5.771263048,1,,,,
1999/6/25,1999/6/24,1315.31,-27.53,-2.050132555,0,,,,
1999/6/18,1999/6/17,1342.84,49.2,3.803221916,1,,,,
1999/6/11,1999/6/10,1293.64,-34.11,-2.56900772,0,,,,
1999/6/4,1999/6/3,1327.75,25.91,1.99025994,1,,,,
1999/5/28,1999/5/27,1301.84,-28.45,-2.138631426,0,,,,
1999/5/21,1999/5/20,1330.29,-7.51,-0.561369412,0,,,,
1999/5/14,1999/5/13,1337.8,-7.2,-0.535315985,0,,,,
1999/5/7,1999/5/6,1345,9.82,0.735481358,1,,,,
1999/4/30,1999/4/29,1335.18,-21.67,-1.597081475,0,,,,
1999/4/23,1999/4/22,1356.85,37.85,2.86959818,1,,,,
1999/4/16,1999/4/15,1319,-29.35,-2.176734527,0,,,,
1999/4/9,1999/4/8,1348.35,54.63,4.222706613,1,,,,
1999/4/2,1999/4/1,1293.72,10.92,0.851262862,1,,,,
1999/3/26,1999/3/25,1282.8,-16.49,-1.269154692,0,,,,
1999/3/19,1999/3/18,1299.29,4.7,0.363049305,1,,,,
1999/3/12,1999/3/11,1294.59,19.12,1.49905525,1,,,,
1999/3/5,1999/3/4,1275.47,37.14,2.999200536,1,,,,
1999/2/26,1999/2/25,1238.33,-0.89,-0.07181937,0,,,,
1999/2/19,1999/2/18,1239.22,9.09,0.73894629,1,,,,
1999/2/12,1999/2/11,1230.13,-9.27,-0.747942553,0,,,,
1999/2/5,1999/2/4,1239.4,-40.24,-3.144634428,0,,,,
1999/1/29,1999/1/28,1279.64,54.45,4.444208653,1,,,,
1999/1/22,1999/1/21,1225.19,-18.07,-1.453436932,0,,,,
1999/1/15,1999/1/14,1243.26,-31.83,-2.496294379,0,,,,
1999/1/8,1999/1/7,1275.09,45.86,3.73079082,1,,,,
1999/1/1,1998/12/31,1229.23,2.96,0.241382404,1,,,,
1998/12/25,1998/12/24,1226.27,38.24,3.218773937,1,,,,
1998/12/18,1998/12/17,1188.03,21.57,1.849184713,1,,,,
1998/12/11,1998/12/10,1166.46,-10.28,-0.873599946,0,,,,
1998/12/4,1998/12/3,1176.74,-15.59,-1.307523924,0,,,,
1998/11/27,1998/11/26,1192.33,28.78,2.473464827,1,,,,
1998/11/20,1998/11/19,1163.55,37.83,3.360515936,1,,,,
1998/11/13,1998/11/12,1125.72,-15.29,-1.340040841,0,,,,
1998/11/6,1998/11/5,1141.01,42.34,3.853750444,1,,,,
1998/10/30,1998/10/29,1098.67,28,2.615184884,1,,,,
1998/10/23,1998/10/22,1070.67,14.25,1.348895326,1,,,,
1998/10/16,1998/10/15,1056.42,72.03,7.317221833,1,,,,
1998/10/9,1998/10/8,984.39,-18.21,-1.816277678,0,,,,
1998/10/2,1998/10/1,1002.6,-42.15,-4.034458004,0,,,,
1998/9/25,1998/9/24,1044.75,24.66,2.417433756,1,,,,
1998/9/18,1998/9/17,1020.09,11.03,1.093096545,1,,,,
1998/9/11,1998/9/10,1009.06,35.17,3.611290803,1,,,,
1998/9/4,1998/9/3,973.89,-53.25,-5.184298148,0,,,,
1998/8/28,1998/8/27,1027.14,-54.1,-5.003514483,0,,,,
1998/8/21,1998/8/20,1081.24,18.49,1.739825923,1,,,,
1998/8/14,1998/8/13,1062.75,-26.7,-2.450777915,0,,,,
1998/8/7,1998/8/6,1089.45,-31.22,-2.785833475,0,,,,
1998/7/31,1998/7/30,1120.67,-20.13,-1.764551192,0,,,,
1998/7/24,1998/7/23,1140.8,-45.95,-3.871919107,0,,,,
1998/7/17,1998/7/16,1186.75,22.42,1.925570929,1,,,,
1998/7/10,1998/7/9,1164.33,17.91,1.562254671,1,,,,
1998/7/3,1998/7/2,1146.42,13.22,1.166607836,1,,,,
1998/6/26,1998/6/25,1133.2,32.55,2.957343388,1,,,,
1998/6/19,1998/6/18,1100.65,1.81,0.164719158,1,,,,
1998/6/12,1998/6/11,1098.84,-15.02,-1.3484639,0,,,,
1998/6/5,1998/6/4,1113.86,23.04,2.112172494,1,,,,
1998/5/29,1998/5/28,1090.82,-19.65,-1.769521014,0,,,,
1998/5/22,1998/5/21,1110.47,1.74,0.156936315,1,,,,
1998/5/15,1998/5/14,1108.73,0.59,0.05324237,1,,,,
1998/5/8,1998/5/7,1108.14,-12.86,-1.147190009,0,,,,
1998/5/1,1998/4/30,1121,13.1,1.182417186,1,,,,
1998/4/24,1998/4/23,1107.9,-14.82,-1.320008551,0,,,,
1998/4/17,1998/4/16,1122.72,12.05,1.084930717,1,,,,
1998/4/10,1998/4/9,1110.67,-12.03,-1.071524005,0,,,,
1998/4/3,1998/4/2,1122.7,27.26,2.488497773,1,,,,
1998/3/27,1998/3/26,1095.44,-3.72,-0.338440263,0,,,,
1998/3/20,1998/3/19,1099.16,30.55,2.858854025,1,,,,
1998/3/13,1998/3/12,1068.61,12.92,1.223844121,1,,,,
1998/3/6,1998/3/5,1055.69,6.35,0.60514228,1,,,,
1998/2/27,1998/2/26,1049.34,15.13,1.462952398,1,,,,
1998/2/20,1998/2/19,1034.21,14.12,1.384191591,1,,,,
1998/2/13,1998/2/12,1020.09,7.63,0.753610019,1,,,,
1998/2/6,1998/2/5,1012.46,32.18,3.282735545,1,,,,
1998/1/30,1998/1/29,980.28,22.69,2.369490074,1,,,,
1998/1/23,1998/1/22,957.59,-3.92,-0.407692068,0,,,,
1998/1/16,1998/1/15,961.51,33.82,3.645614375,1,,,,
1998/1/9,1998/1/8,927.69,-47.35,-4.856211027,0,,,,
1998/1/2,1998/1/1,975.04,38.58,4.119770198,1,,,,
1997/12/26,1997/12/25,936.46,-10.32,-1.090010351,0,,,,
1997/12/19,1997/12/18,946.78,-6.61,-0.693315432,0,,,,
1997/12/12,1997/12/11,953.39,-30.4,-3.090090365,0,,,,
1997/12/5,1997/12/4,983.79,28.39,2.971530249,1,,,,
1997/11/28,1997/11/27,955.4,-7.69,-0.798471586,0,,,,
1997/11/21,1997/11/20,963.09,34.74,3.742123122,1,,,,
1997/11/14,1997/11/13,928.35,0.84,0.090565061,1,,,,
1997/11/7,1997/11/6,927.51,12.89,1.409328464,1,,,,
1997/10/31,1997/10/30,914.62,-27.02,-2.86946179,0,,,,
1997/10/24,1997/10/23,941.64,-2.52,-0.266903915,0,,,,
1997/10/17,1997/10/16,944.16,-22.82,-2.359924714,0,,,,
1997/10/10,1997/10/9,966.98,1.95,0.202066257,1,,,,
1997/10/3,1997/10/2,965.03,19.81,2.095808383,1,,,,
1997/9/26,1997/9/25,945.22,-5.29,-0.556543329,0,,,,
1997/9/19,1997/9/18,950.51,26.6,2.879068308,1,,,,
1997/9/12,1997/9/11,923.91,-5.14,-0.553253323,0,,,,
1997/9/5,1997/9/4,929.05,29.58,3.288603289,1,,,,
1997/8/29,1997/8/28,899.47,-24.08,-2.60733041,0,,,,
1997/8/22,1997/8/21,923.55,22.74,2.524394711,1,,,,
1997/8/15,1997/8/14,900.81,-32.73,-3.506009384,0,,,,
1997/8/8,1997/8/7,933.54,-13.6,-1.435901767,0,,,,
1997/8/1,1997/7/31,947.14,8.35,0.889442793,1,,,,
1997/7/25,1997/7/24,938.79,23.49,2.566371681,1,,,,
1997/7/18,1997/7/17,915.3,-1.38,-0.150543265,0,,,,
1997/7/11,1997/7/10,916.68,-0.24,-0.026174584,0,,,,
1997/7/4,1997/7/3,916.92,29.62,3.338217063,1,,,,
1997/6/27,1997/6/26,887.3,-11.4,-1.268498943,0,,,,
1997/6/20,1997/6/19,898.7,5.43,0.607878917,1,,,,
1997/6/13,1997/6/12,893.27,35.26,4.109509213,1,,,,
1997/6/6,1997/6/5,858.01,9.73,1.147026925,1,,,,
1997/5/30,1997/5/29,848.28,1.25,0.147574466,1,,,,
1997/5/23,1997/5/22,847.03,17.28,2.082554986,1,,,,
1997/5/16,1997/5/15,829.75,4.97,0.602584932,1,,,,
1997/5/9,1997/5/8,824.78,11.81,1.452698132,1,,,,
1997/5/2,1997/5/1,812.97,47.6,6.219214236,1,,,,
1997/4/25,1997/4/24,765.37,-0.97,-0.126575671,0,,,,
1997/4/18,1997/4/17,766.34,28.69,3.889378432,1,,,,
1997/4/11,1997/4/10,737.65,-20.25,-2.671856445,0,,,,
1997/4/4,1997/4/3,757.9,-15.98,-2.064919626,0,,,,
1997/3/28,1997/3/27,773.88,-10.22,-1.303405178,0,,,,
1997/3/21,1997/3/20,784.1,-9.07,-1.14351274,0,,,,
1997/3/14,1997/3/13,793.17,-11.8,-1.465893139,0,,,,
1997/3/7,1997/3/6,804.97,14.15,1.789282011,1,,,,
1997/2/28,1997/2/27,790.82,-10.95,-1.365728326,0,,,,
1997/2/21,1997/2/20,801.77,-6.71,-0.829952503,0,,,,
1997/2/14,1997/2/13,808.48,18.92,2.396271341,1,,,,
1997/2/7,1997/2/6,789.56,3.4,0.432481938,1,,,,
1997/1/31,1997/1/30,786.16,15.64,2.029798058,1,,,,
1997/1/24,1997/1/23,770.52,-5.65,-0.727933314,0,,,,
1997/1/17,1997/1/16,776.17,16.67,2.194865043,1,,,,
1997/1/10,1997/1/9,759.5,11.47,1.533360961,1,,,,
1997/1/3,1997/1/2,748.03,-8.76,-1.15752058,0,,,,
1996/12/27,1996/12/26,756.79,7.92,1.057593441,1,,,,
1996/12/20,1996/12/19,748.87,20.23,2.776405358,1,,,,
1996/12/13,1996/12/12,728.64,-10.96,-1.481882098,0,,,,
1996/12/6,1996/12/5,739.6,-17.42,-2.301128108,0,,,,
1996/11/29,1996/11/28,757.02,8.29,1.107208206,1,,,,
1996/11/22,1996/11/21,748.73,11.11,1.506195602,1,,,,
1996/11/15,1996/11/14,737.62,6.8,0.930461673,1,,,,
1996/11/8,1996/11/7,730.82,27.05,3.843585262,1,,,,
1996/11/1,1996/10/31,703.77,2.85,0.406608457,1,,,,
1996/10/25,1996/10/24,700.92,-9.9,-1.39275766,0,,,,
1996/10/18,1996/10/17,710.82,10.16,1.450061371,1,,,,
1996/10/11,1996/10/10,700.66,-0.8,-0.114047843,0,,,,
1996/10/4,1996/10/3,701.46,15.27,2.225331176,1,,,,
1996/9/27,1996/9/26,686.19,-0.84,-0.122265403,0,,,,
1996/9/20,1996/9/19,687.03,6.49,0.953654451,1,,,,
1996/9/13,1996/9/12,680.54,24.86,3.791483651,1,,,,
1996/9/6,1996/9/5,655.68,3.69,0.565959601,1,,,,
1996/8/30,1996/8/29,651.99,-15.04,-2.25477115,0,,,,
1996/8/23,1996/8/22,667.03,1.82,0.273597811,1,,,,
1996/8/16,1996/8/15,665.21,3.11,0.469717565,1,,,,
1996/8/9,1996/8/8,662.1,-0.39,-0.058868813,0,,,,
1996/8/2,1996/8/1,662.49,26.59,4.181475075,1,,,,
1996/7/26,1996/7/25,635.9,-2.83,-0.443066711,0,,,,
1996/7/19,1996/7/18,638.73,-7.46,-1.154459215,0,,,,
1996/7/12,1996/7/11,646.19,-11.25,-1.71118277,0,,,,
1996/7/5,1996/7/4,657.44,-13.19,-1.96680733,0,,,,
1996/6/28,1996/6/27,670.63,3.79,0.568352228,1,,,,
1996/6/21,1996/6/20,666.84,0.99,0.148682136,1,,,,
1996/6/14,1996/6/13,665.85,-7.46,-1.107959187,0,,,,
1996/6/7,1996/6/6,673.31,4.19,0.6261956,1,,,,
1996/5/31,1996/5/30,669.12,-9.39,-1.383914754,0,,,,
1996/5/24,1996/5/23,678.51,9.6,1.435170651,1,,,,
1996/5/17,1996/5/16,668.91,16.82,2.579398549,1,,,,
1996/5/10,1996/5/9,652.09,10.46,1.630223026,1,,,,
1996/5/3,1996/5/2,641.63,-11.83,-1.810363297,0,,,,
1996/4/26,1996/4/25,653.46,8.39,1.30063404,1,,,,
1996/4/19,1996/4/18,645.07,8.36,1.312999639,1,,,,
1996/4/12,1996/4/11,636.71,-19.15,-2.919830452,0,,,,
1996/4/5,1996/4/4,655.86,10.36,1.604957397,1,,,,
1996/3/29,1996/3/28,645.5,-5.12,-0.786941686,0,,,,
1996/3/22,1996/3/21,650.62,9.19,1.43273623,1,,,,
1996/3/15,1996/3/14,641.43,7.93,1.251775848,1,,,,
1996/3/8,1996/3/7,633.5,-10.87,-1.686919006,0,,,,
1996/3/1,1996/2/29,644.37,-14.71,-2.231899011,0,,,,
1996/2/23,1996/2/22,659.08,11.1,1.713015834,1,,,,
1996/2/16,1996/2/15,647.98,-8.39,-1.278242455,0,,,,
1996/2/9,1996/2/8,656.37,20.53,3.228799698,1,,,,
1996/2/2,1996/2/1,635.84,14.22,2.287571185,1,,,,
1996/1/26,1996/1/25,621.62,9.79,1.60011768,1,,,,
1996/1/19,1996/1/18,611.83,-4.88,-0.791295747,0,,,,
1996/1/5,1996/1/4,616.71,0.78,0.126637767,1,,,,
1995/12/29,1995/12/28,615.93,3.97,0.648735211,1,,,,
1995/12/22,1995/12/21,611.96,-4.38,-0.710646721,0,,,,
1995/12/15,1995/12/14,616.34,-1.14,-0.184621364,0,,,,
1995/12/8,1995/12/7,617.48,10.5,1.729875778,1,,,,
1995/12/1,1995/11/30,606.98,7.01,1.168391753,1,,,,
1995/11/24,1995/11/23,599.97,-0.1,-0.016664722,0,,,,
1995/11/17,1995/11/16,600.07,7.35,1.24004589,1,,,,
1995/11/10,1995/11/9,592.72,2.15,0.364055065,1,,,,
1995/11/3,1995/11/2,590.57,10.87,1.875107814,1,,,,
1995/10/27,1995/10/26,579.7,-7.76,-1.320941,0,,,,
1995/10/20,1995/10/19,587.46,2.96,0.50641574,1,,,,
1995/10/13,1995/10/12,584.5,2.01,0.345070302,1,,,,
1995/10/6,1995/10/5,582.49,-1.92,-0.328536473,0,,,,
1995/9/29,1995/9/28,584.41,2.68,0.460694824,1,,,,
1995/9/22,1995/9/21,581.73,-1.62,-0.277706351,0,,,,
1995/9/15,1995/9/14,583.35,10.67,1.863169658,1,,,,
1995/9/8,1995/9/7,572.68,8.84,1.567820658,1,,,,
1995/9/1,1995/8/31,563.84,3.74,0.667737904,1,,,,
1995/8/25,1995/8/24,560.1,0.89,0.159153091,1,,,,
1995/8/18,1995/8/17,559.21,4.1,0.738592351,1,,,,
1995/8/11,1995/8/10,555.11,-3.83,-0.685225606,0,,,,
1995/8/4,1995/8/3,558.94,-3.99,-0.708791502,0,,,,
1995/7/28,1995/7/27,562.93,9.31,1.6816589,1,,,,
1995/7/21,1995/7/20,553.62,-6.27,-1.11986283,0,,,,
1995/7/14,1995/7/13,559.89,3.52,0.632672502,1,,,,
1995/7/7,1995/7/6,556.37,11.62,2.133088573,1,,,,
1995/6/30,1995/6/29,544.75,-4.96,-0.902293937,0,,,,
1995/6/23,1995/6/22,549.71,9.88,1.830205806,1,,,,
1995/6/16,1995/6/15,539.83,11.89,2.252149866,1,,,,
1995/6/9,1995/6/8,527.94,-4.57,-0.858199846,0,,,,
1995/6/2,1995/6/1,532.51,8.86,1.691969827,1,,,,
1995/5/26,1995/5/25,523.65,4.46,0.859030413,1,,,,
1995/5/19,1995/5/18,519.19,-6.36,-1.210160784,0,,,,
1995/5/12,1995/5/11,525.55,5.43,1.043989848,1,,,,
1995/5/5,1995/5/4,520.12,5.41,1.051077306,1,,,,
1995/4/28,1995/4/27,514.71,6.22,1.223229562,1,,,,
1995/4/21,1995/4/20,508.49,-0.74,-0.14531744,0,,,,
1995/4/14,1995/4/13,509.23,2.81,0.5548754,1,,,,
1995/4/7,1995/4/6,506.42,5.71,1.140380659,1,,,,
1995/3/31,1995/3/30,500.71,-0.26,-0.051899315,0,,,,
1995/3/24,1995/3/23,500.97,5.45,1.099854698,1,,,,
1995/3/17,1995/3/16,495.52,5.95,1.215352248,1,,,,
1995/3/10,1995/3/9,489.57,4.15,0.854929752,1,,,,
1995/3/3,1995/3/2,485.42,-2.69,-0.551105284,0,,,,
1995/2/24,1995/2/23,488.11,6.14,1.273938212,1,,,,
1995/2/17,1995/2/16,481.97,0.51,0.105927803,1,,,,
1995/2/10,1995/2/9,481.46,2.82,0.589169313,1,,,,
1995/2/3,1995/2/2,478.64,8.25,1.753863815,1,,,,
1995/1/27,1995/1/26,470.39,5.61,1.207022677,1,,,,
1995/1/20,1995/1/19,464.78,-1.19,-0.255381248,0,,,,
1995/1/13,1995/1/12,465.97,5.29,1.148302509,1,,,,
1995/1/6,1995/1/5,460.68,1.41,0.307008949,1,,,,
1994/12/30,1994/12/29,459.27,-0.56,-0.121784138,0,,,,
1994/12/23,1994/12/22,459.83,1.03,0.224498692,1,,,,
1994/12/16,1994/12/15,458.8,11.84,2.649006623,1,,,,
1994/12/9,1994/12/8,446.96,-6.34,-1.398632252,0,,,,
1994/12/2,1994/12/1,453.3,1.01,0.223308055,1,,,,
1994/11/25,1994/11/24,452.29,-9.18,-1.989295079,0,,,,
1994/11/18,1994/11/17,461.47,-0.88,-0.190332,0,,,,
1994/11/11,1994/11/10,462.35,0.07,0.015142338,1,,,,
1994/11/4,1994/11/3,462.28,-11.49,-2.425227431,0,,,,
1994/10/28,1994/10/27,473.77,8.88,1.910129278,1,,,,
1994/10/21,1994/10/20,464.89,-4.21,-0.897463227,0,,,,
1994/10/14,1994/10/13,469.1,14,3.076246979,1,,,,
1994/10/7,1994/10/6,455.1,-7.59,-1.640407184,0,,,,
1994/9/30,1994/9/29,462.69,3.02,0.65699306,1,,,,
1994/9/23,1994/9/22,459.67,-11.52,-2.444873618,0,,,,
1994/9/16,1994/9/15,471.19,3.01,0.642915118,1,,,,
1994/9/9,1994/9/8,468.18,-2.81,-0.596615639,0,,,,
1994/9/2,1994/9/1,470.99,-2.81,-0.593077248,0,,,,
1994/8/26,1994/8/25,473.8,10.12,2.182539683,1,,,,
1994/8/19,1994/8/18,463.68,1.74,0.376672295,1,,,,
1994/8/12,1994/8/11,461.94,4.85,1.061060185,1,,,,
1994/8/5,1994/8/4,457.09,-1.17,-0.255313577,0,,,,
1994/7/29,1994/7/28,458.26,5.15,1.136589349,1,,,,
1994/7/22,1994/7/21,453.11,-1.05,-0.231196054,0,,,,
1994/7/15,1994/7/14,454.16,4.61,1.025469914,1,,,,
1994/7/8,1994/7/7,449.55,3.35,0.750784402,1,,,,
1994/7/1,1994/6/30,446.2,3.4,0.767841012,1,,,,
1994/6/24,1994/6/23,442.8,-15.65,-3.413676519,0,,,,
1994/6/17,1994/6/16,458.45,-0.22,-0.047964768,0,,,,
1994/6/10,1994/6/9,458.67,-1.46,-0.317301632,0,,,,
1994/6/3,1994/6/2,460.13,2.8,0.61224936,1,,,,
1994/5/27,1994/5/26,457.33,2.41,0.529763475,1,,,,
1994/5/20,1994/5/19,454.92,10.78,2.427162606,1,,,,
1994/5/13,1994/5/12,444.14,-3.68,-0.821758742,0,,,,
1994/5/6,1994/5/5,447.82,-3.09,-0.685280876,0,,,,
1994/4/29,1994/4/28,450.91,3.28,0.732748029,1,,,,
1994/4/22,1994/4/21,447.63,1.45,0.324980949,1,,,,
1994/4/15,1994/4/14,446.18,-0.92,-0.205770521,0,,,,
1994/4/8,1994/4/7,447.1,1.33,0.298360141,1,,,,
1994/4/1,1994/3/31,445.77,-14.81,-3.215510878,0,,,,
1994/3/25,1994/3/24,460.58,-10.48,-2.224769668,0,,,,
1994/3/18,1994/3/17,471.06,4.62,0.990481091,1,,,,
1994/3/11,1994/3/10,466.44,1.7,0.365795929,1,,,,
1994/3/4,1994/3/3,464.74,-1.33,-0.285364859,0,,,,
1994/2/25,1994/2/24,466.07,-1.62,-0.346383288,0,,,,
1994/2/18,1994/2/17,467.69,-2.49,-0.529584414,0,,,,
1994/2/11,1994/2/10,470.18,0.37,0.078755241,1,,,,
1994/2/4,1994/2/3,469.81,-8.89,-1.857113014,0,,,,
1994/1/28,1994/1/27,478.7,3.98,0.838388945,1,,,,
1994/1/21,1994/1/20,474.72,-0.19,-0.04000758,0,,,,
1994/1/14,1994/1/13,474.91,5.01,1.066184295,1,,,,
1994/1/7,1994/1/6,469.9,3.45,0.739629114,1,,,,
1993/12/31,1993/12/30,466.45,-0.93,-0.198981557,0,,,,
1993/12/24,1993/12/23,467.38,1,0.214417428,1,,,,
1993/12/17,1993/12/16,466.38,2.45,0.528096911,1,,,,
1993/12/10,1993/12/9,463.93,-0.96,-0.206500462,0,,,,
1993/12/3,1993/12/2,464.89,1.83,0.395197167,1,,,,
1993/11/26,1993/11/25,463.06,0.46,0.099437959,1,,,,
1993/11/19,1993/11/18,462.6,-2.79,-0.599497196,0,,,,
1993/11/12,1993/11/11,465.39,5.82,1.266401201,1,,,,
1993/11/5,1993/11/4,459.57,-8.26,-1.765598615,0,,,,
1993/10/29,1993/10/28,467.83,4.56,0.984307207,1,,,,
1993/10/22,1993/10/21,463.27,-6.23,-1.326943557,0,,,,
1993/10/15,1993/10/14,469.5,9.19,1.996480633,1,,,,
1993/10/8,1993/10/7,460.31,-0.98,-0.212447701,0,,,,
1993/10/1,1993/9/30,461.29,3.66,0.799772742,1,,,,
1993/9/24,1993/9/23,457.63,-1.2,-0.261534773,0,,,,
1993/9/17,1993/9/16,458.83,-2.89,-0.625920471,0,,,,
1993/9/10,1993/9/9,461.72,0.38,0.082368752,1,,,,
1993/9/3,1993/9/2,461.34,0.8,0.173709124,1,,,,
1993/8/27,1993/8/26,460.54,4.38,0.960189407,1,,,,
1993/8/20,1993/8/19,456.16,6.02,1.33736171,1,,,,
1993/8/13,1993/8/12,450.14,1.46,0.325398948,1,,,,
1993/8/6,1993/8/5,448.68,0.55,0.122732243,1,,,,
1993/7/30,1993/7/29,448.13,1.03,0.230373518,1,,,,
1993/7/23,1993/7/22,447.1,1.35,0.302860348,1,,,,
1993/7/16,1993/7/15,445.75,-2.38,-0.531095887,0,,,,
1993/7/9,1993/7/8,448.13,2.29,0.513637179,1,,,,
1993/7/2,1993/7/1,445.84,-1.76,-0.393208222,0,,,,
1993/6/25,1993/6/24,447.6,3.92,0.883519654,1,,,,
1993/6/18,1993/6/17,443.68,-3.58,-0.800429281,0,,,,
1993/6/11,1993/6/10,447.26,-2.8,-0.62213927,0,,,,
1993/6/4,1993/6/3,450.06,-0.13,-0.028876697,0,,,,
1993/5/28,1993/5/27,450.19,4.35,0.975686345,1,,,,
1993/5/21,1993/5/20,445.84,6.28,1.428701429,1,,,,
1993/5/14,1993/5/13,439.56,-2.75,-0.621735887,0,,,,
1993/5/7,1993/5/6,442.31,2.12,0.481610214,1,,,,
1993/4/30,1993/4/29,440.19,3.16,0.72306249,1,,,,
1993/4/23,1993/4/22,437.03,-11.91,-2.652915757,0,,,,
1993/4/16,1993/4/15,448.94,7.1,1.606916531,1,,,,
1993/4/9,1993/4/8,441.84,0.45,0.101950656,1,,,,
1993/4/2,1993/4/1,441.39,-6.39,-1.427040064,0,,,,
1993/3/26,1993/3/25,447.78,-2.4,-0.533120085,0,,,,
1993/3/19,1993/3/18,450.18,0.35,0.077807172,1,,,,
1993/3/12,1993/3/11,449.83,3.72,0.833875053,1,,,,
1993/3/5,1993/3/4,446.11,2.73,0.615724661,1,,,,
1993/2/26,1993/2/25,443.38,9.16,2.109529731,1,,,,
1993/2/19,1993/2/18,434.22,-10.36,-2.330289262,0,,,,
1993/2/12,1993/2/11,444.58,-4.35,-0.968970664,0,,,,
1993/2/5,1993/2/4,448.93,10.15,2.313232144,1,,,,
1993/1/29,1993/1/28,438.78,2.67,0.612230859,1,,,,
1993/1/22,1993/1/21,436.11,-1.04,-0.237904609,0,,,,
1993/1/15,1993/1/14,437.15,8.1,1.887891854,1,,,,
1993/1/8,1993/1/7,429.05,-6.66,-1.528539625,0,,,,
1993/1/1,1992/12/31,435.71,-4.06,-0.92320986,0,,,,
1992/12/25,1992/12/24,439.77,-1.51,-0.342186367,0,,,,
1992/12/18,1992/12/17,441.28,7.55,1.740714269,1,,,,
1992/12/11,1992/12/10,433.73,1.67,0.386520391,1,,,,
1992/12/4,1992/12/3,432.06,1.9,0.441696113,1,,,,
1992/11/27,1992/11/26,430.16,3.51,0.822688386,1,,,,
1992/11/20,1992/11/19,426.65,4.22,0.99898208,1,,,,
1992/11/13,1992/11/12,422.43,4.85,1.161454093,1,,,,
1992/11/6,1992/11/5,417.58,-1.1,-0.262730486,0,,,,
1992/10/30,1992/10/29,418.68,4.58,1.10601304,1,,,,
1992/10/23,1992/10/22,414.1,2.37,0.575619945,1,,,,
1992/10/16,1992/10/15,411.73,9.07,2.252520737,1,,,,
1992/10/9,1992/10/8,402.66,-7.81,-1.902696908,0,,,,
1992/10/2,1992/10/1,410.47,-3.88,-0.93640642,0,,,,
1992/9/25,1992/9/24,414.35,-8.58,-2.028704514,0,,,,
1992/9/18,1992/9/17,422.93,3.35,0.798417465,1,,,,
1992/9/11,1992/9/10,419.58,2.5,0.59940539,1,,,,
1992/9/4,1992/9/3,417.08,2.24,0.539967216,1,,,,
1992/8/28,1992/8/27,414.84,-0.01,-0.00241051,0,,,,
1992/8/21,1992/8/20,414.85,-5.06,-1.205020123,0,,,,
1992/8/14,1992/8/13,419.91,1.03,0.245893812,1,,,,
1992/8/7,1992/8/6,418.88,-5.33,-1.256453172,0,,,,
1992/7/31,1992/7/30,424.21,12.61,3.063654033,1,,,,
1992/7/24,1992/7/23,411.6,-4.02,-0.967229681,0,,,,
1992/7/17,1992/7/16,415.62,1,0.241184699,1,,,,
1992/7/10,1992/7/9,414.62,2.85,0.692133958,1,,,,
1992/7/3,1992/7/2,411.77,8.32,2.062213409,1,,,,
1992/6/26,1992/6/25,403.45,-0.22,-0.054499963,0,,,,
1992/6/19,1992/6/18,403.67,-6.09,-1.486235845,0,,,,
1992/6/12,1992/6/11,409.76,-3.72,-0.899680758,0,,,,
1992/6/5,1992/6/4,413.48,-1.87,-0.450222704,0,,,,
1992/5/29,1992/5/28,415.35,1.33,0.32124052,1,,,,
1992/5/22,1992/5/21,414.02,3.93,0.958326221,1,,,,
1992/5/15,1992/5/14,410.09,-5.96,-1.43252013,0,,,,
1992/5/8,1992/5/7,416.05,3.52,0.853271277,1,,,,
1992/5/1,1992/4/30,412.53,3.51,0.858148746,1,,,,
1992/4/24,1992/4/23,409.02,-7.03,-1.689700757,0,,,,
1992/4/17,1992/4/16,416.05,11.76,2.908803087,1,,,,
1992/4/10,1992/4/9,404.29,2.74,0.682355871,1,,,,
1992/4/3,1992/4/2,401.55,-1.95,-0.483271375,0,,,,
1992/3/27,1992/3/26,403.5,-7.8,-1.896425966,0,,,,
1992/3/20,1992/3/19,411.3,5.46,1.345357776,1,,,,
1992/3/13,1992/3/12,405.84,1.4,0.34615765,1,,,,
1992/3/6,1992/3/5,404.44,-8.26,-2.001453841,0,,,,
1992/2/28,1992/2/27,412.7,1.24,0.301365868,1,,,,
1992/2/21,1992/2/20,411.46,-1.02,-0.247284717,0,,,,
1992/2/14,1992/2/13,412.48,1.39,0.338125471,1,,,,
1992/2/7,1992/2/6,411.09,2.3,0.562636072,1,,,,
1992/1/31,1992/1/30,408.79,-6.69,-1.610185809,0,,,,
1992/1/24,1992/1/23,415.48,-3.38,-0.806952204,0,,,,
1992/1/17,1992/1/16,418.86,3.76,0.90580583,1,,,,
1992/1/10,1992/1/9,415.1,-4.24,-1.011112701,0,,,,
1992/1/3,1992/1/2,419.34,12.88,3.1688235,1,,,,
1991/12/27,1991/12/26,406.46,19.42,5.017569243,1,,,,
1991/12/20,1991/12/19,387.04,2.57,0.668452675,1,,,,
1991/12/13,1991/12/12,384.47,5.38,1.419188056,1,,,,
1991/12/6,1991/12/5,379.09,3.87,1.031394915,1,,,,
1991/11/29,1991/11/28,375.22,-0.92,-0.24458978,0,,,,
1991/11/22,1991/11/21,376.14,-6.48,-1.693586326,0,,,,
1991/11/15,1991/11/14,382.62,-10.27,-2.613963196,0,,,,
1991/11/8,1991/11/7,392.89,1.57,0.401206174,1,,,,
1991/11/1,1991/10/31,391.32,7.12,1.853201458,1,,,,
1991/10/25,1991/10/24,384.2,-8.3,-2.114649682,0,,,,
1991/10/18,1991/10/17,392.5,11.05,2.896841001,1,,,,
1991/10/11,1991/10/10,381.45,0.21,0.055083412,1,,,,
1991/10/4,1991/10/3,381.24,-4.66,-1.207566727,0,,,,
1991/9/27,1991/9/26,385.9,-2.02,-0.520725923,0,,,,
1991/9/20,1991/9/19,387.92,4.33,1.128809406,1,,,,
1991/9/13,1991/9/12,383.59,-5.51,-1.416088409,0,,,,
1991/9/6,1991/9/5,389.1,-6.33,-1.600789014,0,,,,
1991/8/30,1991/8/29,395.43,1.26,0.31965903,1,,,,
1991/8/23,1991/8/22,394.17,8.59,2.227812646,1,,,,
1991/8/16,1991/8/15,385.58,-1.54,-0.397809465,0,,,,
1991/8/9,1991/8/8,387.12,-0.06,-0.015496668,0,,,,
1991/8/2,1991/8/1,387.18,6.25,1.640721392,1,,,,
1991/7/26,1991/7/25,380.93,-3.29,-0.856280256,0,,,,
1991/7/19,1991/7/18,384.22,3.97,1.044049967,1,,,,
1991/7/12,1991/7/11,380.25,6.17,1.649379812,1,,,,
1991/7/5,1991/7/4,374.08,2.92,0.786722707,1,,,,
1991/6/28,1991/6/27,371.16,-6.59,-1.74454004,0,,,,
1991/6/21,1991/6/20,377.75,-4.54,-1.187580109,0,,,,
1991/6/14,1991/6/13,382.29,2.86,0.753762222,1,,,,
1991/6/7,1991/6/6,379.43,-10.4,-2.667829567,0,,,,
1991/5/31,1991/5/30,389.83,12.34,3.268960767,1,,,,
1991/5/24,1991/5/23,377.49,5.1,1.369531942,1,,,,
1991/5/17,1991/5/16,372.39,-3.35,-0.891573961,0,,,,
1991/5/10,1991/5/9,375.74,-5.06,-1.328781513,0,,,,
1991/5/3,1991/5/2,380.8,1.78,0.469632209,1,,,,
1991/4/26,1991/4/25,379.02,-5.18,-1.348256117,0,,,,
1991/4/19,1991/4/18,384.2,3.8,0.998948475,1,,,,
1991/4/12,1991/4/11,380.4,5.04,1.342710997,1,,,,
1991/4/5,1991/4/4,375.36,0.14,0.037311444,1,,,,
1991/3/29,1991/3/28,375.22,7.74,2.106237074,1,,,,
1991/3/22,1991/3/21,367.48,-6.11,-1.635482748,0,,,,
1991/3/15,1991/3/14,373.59,-1.36,-0.362715029,0,,,,
1991/3/8,1991/3/7,374.95,4.48,1.209274705,1,,,,
1991/3/1,1991/2/28,370.47,4.82,1.318200465,1,,,,
1991/2/22,1991/2/21,365.65,-3.41,-0.923969002,0,,,,
1991/2/15,1991/2/14,369.06,9.71,2.702101016,1,,,,
1991/2/8,1991/2/7,359.35,16.3,4.751493951,1,,,,
1991/2/1,1991/1/31,343.05,6.98,2.076948255,1,,,,
1991/1/25,1991/1/24,336.07,3.84,1.155825783,1,,,,
1991/1/18,1991/1/17,332.23,17,5.392887733,1,,,,
1991/1/11,1991/1/10,315.23,-5.77,-1.797507788,0,,,,
1991/1/4,1991/1/3,321,-7.72,-2.348503285,0,,,,
1990/12/28,1990/12/27,328.72,-3.03,-0.913338357,0,,,,
1990/12/21,1990/12/20,331.75,4.93,1.508475613,1,,,,
1990/12/14,1990/12/13,326.82,-0.93,-0.28375286,0,,,,
1990/12/7,1990/12/6,327.75,5.53,1.716218733,1,,,,
1990/11/30,1990/11/29,322.22,7.12,2.259600127,1,,,,
1990/11/23,1990/11/22,315.1,-2.02,-0.636982846,0,,,,
1990/11/16,1990/11/15,317.12,3.38,1.077325174,1,,,,
1990/11/9,1990/11/8,313.74,1.89,0.606060606,1,,,,
1990/11/2,1990/11/1,311.85,7.14,2.343211578,1,,,,
1990/10/26,1990/10/25,304.71,-7.77,-2.48655914,0,,,,
1990/10/19,1990/10/18,312.48,12.45,4.149585041,1,,,,
1990/10/12,1990/10/11,300.03,-11.47,-3.682182986,0,,,,
1990/10/5,1990/10/4,311.5,5.45,1.780754779,1,,,,
1990/9/28,1990/9/27,306.05,-5.27,-1.692791983,0,,,,
1990/9/21,1990/9/20,311.32,-5.51,-1.739102989,0,,,,
1990/9/14,1990/9/13,316.83,-6.57,-2.031539889,0,,,,
1990/9/7,1990/9/6,323.4,0.84,0.260416667,1,,,,
1990/8/31,1990/8/30,322.56,11.05,3.547237649,1,,,,
1990/8/24,1990/8/23,311.51,-16.32,-4.978189916,0,,,,
1990/8/17,1990/8/16,327.83,-7.69,-2.291964711,0,,,,
1990/8/10,1990/8/9,335.52,-9.34,-2.708345416,0,,,,
1990/8/3,1990/8/2,344.86,-8.58,-2.427569036,0,,,,
1990/7/27,1990/7/26,353.44,-8.17,-2.259340173,0,,,,
1990/7/20,1990/7/19,361.61,-5.7,-1.551822711,0,,,,
1990/7/13,1990/7/12,367.31,8.89,2.480330339,1,,,,
1990/7/6,1990/7/5,358.42,0.4,0.111725602,1,,,,
1990/6/29,1990/6/28,358.02,2.59,0.72869482,1,,,,
1990/6/22,1990/6/21,355.43,-7.48,-2.061117081,0,,,,
1990/6/15,1990/6/14,362.91,4.2,1.170862256,1,,,,
1990/6/8,1990/6/7,358.71,-4.45,-1.225355215,0,,,,
1990/6/1,1990/5/31,363.16,8.58,2.419764228,1,,,,
1990/5/25,1990/5/24,354.58,-0.06,-0.016918565,0,,,,
1990/5/18,1990/5/17,354.64,2.64,0.75,1,,,,
1990/5/11,1990/5/10,352,13.61,4.021986465,1,,,,
1990/5/4,1990/5/3,338.39,9.28,2.819725928,1,,,,
1990/4/27,1990/4/26,329.11,-6.01,-1.793387443,0,,,,
1990/4/20,1990/4/19,335.12,-9.22,-2.677586107,0,,,,
1990/4/13,1990/4/12,344.34,4.26,1.252646436,1,,,,
1990/4/6,1990/4/5,340.08,0.14,0.041183738,1,,,,
1990/3/30,1990/3/29,339.94,2.72,0.806595101,1,,,,
1990/3/23,1990/3/22,337.22,-4.69,-1.371706005,0,,,,
1990/3/16,1990/3/15,341.91,3.98,1.177758707,1,,,,
1990/3/9,1990/3/8,337.93,2.39,0.712284675,1,,,,
1990/3/2,1990/3/1,335.54,11.39,3.513805337,1,,,,
1990/2/23,1990/2/22,324.15,-8.57,-2.57573936,0,,,,
1990/2/16,1990/2/15,332.72,-0.9,-0.269768,0,,,,
1990/2/9,1990/2/8,333.62,2.7,0.815907168,1,,,,
1990/2/2,1990/2/1,330.92,5.12,1.571516268,1,,,,
1990/1/26,1990/1/25,325.8,-13.35,-3.936311367,0,,,,
1990/1/19,1990/1/18,339.15,-0.78,-0.229459006,0,,,,
1990/1/12,1990/1/11,339.93,-12.27,-3.483816014,0,,,,
1990/1/5,1990/1/4,352.2,-1.2,-0.339558574,0,,,,
1989/12/29,1989/12/28,353.4,5.98,1.721259571,1,,,,
1989/12/22,1989/12/21,347.42,-2.64,-0.75415643,0,,,,
1989/12/15,1989/12/14,350.06,1.37,0.392899137,1,,,,
1989/12/8,1989/12/7,348.69,-1.94,-0.553289793,0,,,,
1989/12/1,1989/11/30,350.63,6.66,1.936215368,1,,,,
1989/11/24,1989/11/23,343.97,2.36,0.690846287,1,,,,
1989/11/17,1989/11/16,341.61,2.51,0.740194633,1,,,,
1989/11/10,1989/11/9,339.1,1.48,0.438362656,1,,,,
1989/11/3,1989/11/2,337.62,2.56,0.764042261,1,,,,
1989/10/27,1989/10/26,335.06,-12.1,-3.485424588,0,,,,
1989/10/20,1989/10/19,347.16,13.54,4.058509682,1,,,,
1989/10/13,1989/10/12,333.62,-25.16,-7.012653994,0,,,,
1989/10/6,1989/10/5,358.78,9.63,2.75812688,1,,,,
1989/9/29,1989/9/28,349.15,2.1,0.60510013,1,,,,
1989/9/22,1989/9/21,347.05,1.99,0.576711297,1,,,,
1989/9/15,1989/9/14,345.06,-3.7,-1.06090148,0,,,,
1989/9/8,1989/9/7,348.76,-4.97,-1.405026433,0,,,,
1989/9/1,1989/8/31,353.73,3.21,0.915782266,1,,,,
1989/8/25,1989/8/24,350.52,4.49,1.297575355,1,,,,
1989/8/18,1989/8/17,346.03,1.29,0.374195046,1,,,,
1989/8/11,1989/8/10,344.74,0.82,0.238427541,1,,,,
1989/8/4,1989/8/3,343.92,1.77,0.517316966,1,,,,
1989/7/28,1989/7/27,342.15,6.25,1.860672819,1,,,,
1989/7/21,1989/7/20,335.9,4.06,1.223481196,1,,,,
1989/7/14,1989/7/13,331.84,6.93,2.132898341,1,,,,
1989/7/7,1989/7/6,324.91,6.93,2.179382351,1,,,,
1989/6/30,1989/6/29,317.98,-10.02,-3.054878049,0,,,,
1989/6/23,1989/6/22,328,6.65,2.069394741,1,,,,
1989/6/16,1989/6/15,321.35,-5.34,-1.634577122,0,,,,
1989/6/9,1989/6/8,326.69,1.17,0.35942492,1,,,,
1989/6/2,1989/6/1,325.52,3.93,1.222052925,1,,,,
1989/5/26,1989/5/25,321.59,0.35,0.108952808,1,,,,
1989/5/19,1989/5/18,321.24,7.4,2.35788937,1,,,,
1989/5/12,1989/5/11,313.84,6.23,2.025291766,1,,,,
1989/5/5,1989/5/4,307.61,-2.03,-0.655600052,0,,,,
1989/4/28,1989/4/27,309.64,0.03,0.00968961,1,,,,
1989/4/21,1989/4/20,309.61,8.25,2.737589594,1,,,,
1989/4/14,1989/4/13,301.36,4.2,1.413379997,1,,,,
1989/4/7,1989/4/6,297.16,2.29,0.776613423,1,,,,
1989/3/31,1989/3/30,294.87,5.89,2.038203336,1,,,,
1989/3/24,1989/3/23,288.98,-3.71,-1.267552701,0,,,,
1989/3/17,1989/3/16,292.69,-0.19,-0.064872986,0,,,,
1989/3/10,1989/3/9,292.88,1.7,0.583831307,1,,,,
1989/3/3,1989/3/2,291.18,4.05,1.410510918,1,,,,
1989/2/24,1989/2/23,287.13,-9.63,-3.245046502,0,,,,
1989/2/17,1989/2/16,296.76,4.74,1.623176495,1,,,,
1989/2/10,1989/2/9,292.02,-4.95,-1.666835034,0,,,,
1989/2/3,1989/2/2,296.97,3.15,1.07208495,1,,,,
1989/1/27,1989/1/26,293.82,7.19,2.508460384,1,,,,
1989/1/20,1989/1/19,286.63,2.76,0.972276042,1,,,,
1989/1/13,1989/1/12,283.87,3.2,1.140128977,1,,,,
1989/1/6,1989/1/5,280.67,2.95,1.062220942,1,,,,
1988/12/30,1988/12/29,277.72,-0.15,-0.053982078,0,,,,
1988/12/23,1988/12/22,277.87,1.58,0.571862898,1,,,,
1988/12/16,1988/12/15,276.29,-0.74,-0.267119085,0,,,,
1988/12/9,1988/12/8,277.03,5.22,1.920459144,1,,,,
1988/12/2,1988/12/1,271.81,4.58,1.71387943,1,,,,
1988/11/25,1988/11/24,267.23,0.76,0.285210343,1,,,,
1988/11/18,1988/11/17,266.47,-1.45,-0.54120633,0,,,,
1988/11/11,1988/11/10,267.92,-8.39,-3.036444573,0,,,,
1988/11/4,1988/11/3,276.31,-2.22,-0.797041611,0,,,,
1988/10/28,1988/10/27,278.53,-5.13,-1.808503138,0,,,,
1988/10/21,1988/10/20,283.66,8.16,2.961887477,1,,,,
1988/10/14,1988/10/13,275.5,-2.57,-0.924227712,0,,,,
1988/10/7,1988/10/6,278.07,6.16,2.265455482,1,,,,
1988/9/30,1988/9/29,271.91,2.15,0.797004745,1,,,,
1988/9/23,1988/9/22,269.76,-0.89,-0.328837983,0,,,,
1988/9/16,1988/9/15,270.65,3.81,1.427821916,1,,,,
1988/9/9,1988/9/8,266.84,2.36,0.892316999,1,,,,
1988/9/2,1988/9/1,264.48,4.8,1.848428835,1,,,,
1988/8/26,1988/8/25,259.68,-0.56,-0.215185982,0,,,,
1988/8/19,1988/8/18,260.24,-2.31,-0.879832413,0,,,,
1988/8/12,1988/8/11,262.55,-8.6,-3.171676194,0,,,,
1988/8/5,1988/8/4,271.15,-0.87,-0.319829424,0,,,,
1988/7/29,1988/7/28,272.02,8.52,3.233396584,1,,,,
1988/7/22,1988/7/21,263.5,-8.55,-3.142804632,0,,,,
1988/7/15,1988/7/14,272.05,2.03,0.751796163,1,,,,
1988/7/8,1988/7/7,270.02,-1.76,-0.647582604,0,,,,
1988/7/1,1988/6/30,271.78,-2,-0.730513551,0,,,,
1988/6/24,1988/6/23,273.78,3.1,1.14526378,1,,,,
1988/6/17,1988/6/16,270.68,-0.58,-0.213817002,0,,,,
1988/6/10,1988/6/9,271.26,4.81,1.805216739,1,,,,
1988/6/3,1988/6/2,266.45,13.03,5.141662063,1,,,,
1988/5/27,1988/5/26,253.42,0.4,0.15809027,1,,,,
1988/5/20,1988/5/19,253.02,-3.76,-1.464288496,0,,,,
1988/5/13,1988/5/12,256.78,-0.7,-0.271865776,0,,,,
1988/5/6,1988/5/5,257.48,-3.85,-1.473233077,0,,,,
1988/4/29,1988/4/28,261.33,1.19,0.457445991,1,,,,
1988/4/22,1988/4/21,260.14,0.37,0.142433691,1,,,,
1988/4/15,1988/4/14,259.77,-9.66,-3.585346843,0,,,,
1988/4/8,1988/4/7,269.43,10.54,4.071227162,1,,,,
1988/4/1,1988/3/31,258.89,0.38,0.146996248,1,,,,
1988/3/25,1988/3/24,258.51,-12.61,-4.651077014,0,,,,
1988/3/18,1988/3/17,271.12,6.18,2.332603608,1,,,,
1988/3/11,1988/3/10,264.94,-2.36,-0.882903105,0,,,,
1988/3/4,1988/3/3,267.3,4.84,1.844090528,1,,,,
1988/2/26,1988/2/25,262.46,0.85,0.324911127,1,,,,
1988/2/19,1988/2/18,261.61,3.98,1.544851143,1,,,,
1988/2/12,1988/2/11,257.63,6.67,2.657794071,1,,,,
1988/2/5,1988/2/4,250.96,-6.11,-2.376784533,0,,,,
1988/1/29,1988/1/28,257.07,10.57,4.288032454,1,,,,
1988/1/22,1988/1/21,246.5,-5.55,-2.201944059,0,,,,
1988/1/15,1988/1/14,252.05,8.65,3.553820871,1,,,,
1988/1/8,1988/1/7,243.4,-3.68,-1.489396147,0,,,,
1988/1/1,1987/12/31,247.08,-4.94,-1.960161892,0,,,,
1987/12/25,1987/12/24,252.02,2.86,1.147856799,1,,,,
1987/12/18,1987/12/17,249.16,13.84,5.881353051,1,,,,
1987/12/11,1987/12/10,235.32,11.4,5.091103966,1,,,,
1987/12/4,1987/12/3,223.92,-16.42,-6.831988017,0,,,,
1987/11/27,1987/11/26,240.34,-1.66,-0.685950413,0,,,,
1987/11/20,1987/11/19,242,-3.64,-1.481843348,0,,,,
1987/11/13,1987/11/12,245.64,-4.77,-1.904876003,0,,,,
1987/11/6,1987/11/5,250.41,-1.38,-0.548075777,0,,,,
1987/10/30,1987/10/29,251.79,3.57,1.438240271,1,,,,
1987/10/23,1987/10/22,248.22,-34.48,-12.19667492,0,,,,
1987/10/16,1987/10/15,282.7,-28.37,-9.120133732,0,,,,
1987/10/9,1987/10/8,311.07,-17,-5.181820953,0,,,,
1987/10/2,1987/10/1,328.07,7.91,2.47063968,1,,,,
1987/9/25,1987/9/24,320.16,5.3,1.68328781,1,,,,
1987/9/18,1987/9/17,314.86,-7.12,-2.211317473,0,,,,
1987/9/11,1987/9/10,321.98,5.28,1.667192927,1,,,,
1987/9/4,1987/9/3,316.7,-10.34,-3.161692759,0,,,,
1987/8/28,1987/8/27,327.04,-8.86,-2.637689789,0,,,,
1987/8/21,1987/8/20,335.9,1.91,0.571873409,1,,,,
1987/8/14,1987/8/13,333.99,10.99,3.40247678,1,,,,
1987/8/7,1987/8/6,323,4.34,1.361953179,1,,,,
1987/7/31,1987/7/30,318.66,9.39,3.036181977,1,,,,
1987/7/24,1987/7/23,309.27,,,,,,,
